dataset_id,heldout_batch,method,model_seed,readout,macro_f1,balanced_accuracy,coverage,assigned_only_macro_f1,assigned_only_accuracy,n_fitting,n_reference,n_query,embedding_dimension,classes_json,confusion_matrix_json,artifact_path,artifact_sha256,total_wall_seconds,peak_rss_mb,reference_build_seconds,query_mapping_seconds,artifact_source_scope
immune_cell_human,10X,sclsc_refonly,40,common_distance_weighted_15nn,0.8810903662569212,0.8679424338556835,1.0,,,22779.0,22779,10727,16.0,"[""CD14+ Monocytes"", ""CD16+ Monocytes"", ""CD20+ B cells"", ""CD4+ T cells"", ""CD8+ T cells"", ""HSPCs"", ""Megakaryocyte progenitors"", ""Monocyte-derived dendritic cells"", ""NK cells"", ""NKT cells"", ""Plasma cells"", ""Plasmacytoid dendritic cells""]","[[3347, 39, 0, 1, 0, 0, 0, 0, 0, 1, 0, 0], [19, 345, 0, 0, 0, 0, 0, 0, 0, 0, 0, 0], [0, 0, 1526, 3, 3, 0, 1, 0, 6, 7, 0, 0], [0, 0, 0, 2863, 42, 0, 6, 0, 0, 26, 0, 0], [0, 0, 0, 21, 329, 0, 0, 0, 0, 0, 0, 0], [0, 0, 1, 1, 0, 21, 5, 0, 0, 0, 0, 0], [0, 0, 0, 0, 0, 0, 21, 0, 0, 0, 0, 0], [62, 0, 0, 0, 0, 0, 0, 120, 0, 0, 0, 0], [0, 0, 0, 2, 0, 0, 0, 0, 597, 157, 0, 0], [0, 0, 0, 67, 14, 0, 0, 0, 21, 954, 0, 0], [0, 0, 7, 1, 0, 0, 0, 0, 0, 1, 9, 0], [0, 0, 2, 0, 0, 0, 0, 0, 0, 0, 0, 79]]",/home/gzou/scib_reproduce/outputs/baseline_extension_v1_1/sclsc_refonly/immune_cell_human/heldout_10X/seed_40/embedding.npz,f3ddb116863a80979ddbd36a848a619daca6a59ccc0318b7677b458f966e002f,,,,,
immune_cell_human,10X,sclsc_refonly,41,common_distance_weighted_15nn,0.8174205180301575,0.8676843314070793,1.0,,,22779.0,22779,10727,16.0,"[""CD14+ Monocytes"", ""CD16+ Monocytes"", ""CD20+ B cells"", ""CD4+ T cells"", ""CD8+ T cells"", ""HSPCs"", ""Megakaryocyte progenitors"", ""Monocyte progenitors"", ""Monocyte-derived dendritic cells"", ""NK cells"", ""NKT cells"", ""Plasma cells"", ""Plasmacytoid dendritic cells""]","[[3369, 16, 0, 3, 0, 0, 0, 0, 0, 0, 0, 0, 0], [33, 331, 0, 0, 0, 0, 0, 0, 0, 0, 0, 0, 0], [0, 0, 1536, 3, 0, 0, 0, 0, 0, 1, 6, 0, 0], [0, 0, 0, 2877, 49, 0, 4, 0, 0, 0, 7, 0, 0], [0, 0, 0, 25, 325, 0, 0, 0, 0, 0, 0, 0, 0], [0, 0, 1, 0, 0, 20, 6, 1, 0, 0, 0, 0, 0], [0, 0, 0, 0, 0, 0, 21, 0, 0, 0, 0, 0, 0], [0, 0, 0, 0, 0, 0, 0, 0, 0, 0, 0, 0, 0], [51, 0, 0, 0, 0, 0, 0, 0, 131, 0, 0, 0, 0], [0, 0, 0, 2, 0, 0, 0, 0, 0, 584, 170, 0, 0], [0, 0, 0, 114, 28, 0, 0, 0, 0, 22, 892, 0, 0], [0, 0, 5, 3, 0, 0, 0, 0, 0, 0, 0, 10, 0], [0, 0, 0, 0, 0, 0, 0, 0, 0, 0, 0, 0, 81]]",/home/gzou/scib_reproduce/outputs/baseline_extension_v1_1/sclsc_refonly/immune_cell_human/heldout_10X/seed_41/embedding.npz,761fc01101d14ef4078f12ca43211326bc1f69086255cdf59b046377ad4b7f37,,,,,
immune_cell_human,10X,sclsc_refonly,42,common_distance_weighted_15nn,0.8966910350199773,0.8838385091193817,1.0,,,22779.0,22779,10727,16.0,"[""CD14+ Monocytes"", ""CD16+ Monocytes"", ""CD20+ B cells"", ""CD4+ T cells"", ""CD8+ T cells"", ""HSPCs"", ""Megakaryocyte progenitors"", ""Monocyte-derived dendritic cells"", ""NK cells"", ""NKT cells"", ""Plasma cells"", ""Plasmacytoid dendritic cells""]","[[3352, 31, 0, 3, 0, 0, 0, 1, 0, 1, 0, 0], [18, 346, 0, 0, 0, 0, 0, 0, 0, 0, 0, 0], [0, 0, 1526, 5, 0, 0, 0, 0, 2, 13, 0, 0], [0, 0, 0, 2857, 40, 0, 3, 0, 0, 37, 0, 0], [0, 0, 0, 17, 332, 0, 0, 0, 0, 1, 0, 0], [0, 0, 0, 1, 0, 23, 4, 0, 0, 0, 0, 0], [0, 0, 0, 0, 0, 0, 21, 0, 0, 0, 0, 0], [37, 0, 0, 0, 0, 0, 0, 145, 0, 0, 0, 0], [0, 0, 0, 3, 0, 0, 0, 0, 600, 153, 0, 0], [0, 0, 0, 55, 23, 0, 0, 0, 26, 952, 0, 0], [0, 0, 5, 2, 0, 0, 0, 0, 0, 3, 8, 0], [0, 0, 0, 0, 0, 0, 0, 0, 0, 0, 0, 81]]",/home/gzou/scib_reproduce/outputs/baseline_extension_v1_1/sclsc_refonly/immune_cell_human/heldout_10X/seed_42/embedding.npz,ef88eb20bc93ef7c4ccd08a58a49c886de8a3805be109645a2990f2fb600a7d0,,,,,
immune_cell_human,10X,sclsc_refonly,43,common_distance_weighted_15nn,0.8236969180640371,0.885328523842032,1.0,,,22779.0,22779,10727,16.0,"[""CD14+ Monocytes"", ""CD16+ Monocytes"", ""CD20+ B cells"", ""CD4+ T cells"", ""CD8+ T cells"", ""HSPCs"", ""Megakaryocyte progenitors"", ""Monocyte progenitors"", ""Monocyte-derived dendritic cells"", ""NK cells"", ""NKT cells"", ""Plasma cells"", ""Plasmacytoid dendritic cells""]","[[3338, 47, 0, 1, 0, 0, 0, 0, 1, 0, 1, 0, 0], [22, 342, 0, 0, 0, 0, 0, 0, 0, 0, 0, 0, 0], [0, 0, 1521, 4, 0, 0, 0, 0, 0, 15, 6, 0, 0], [0, 0, 0, 2870, 37, 0, 5, 0, 0, 0, 25, 0, 0], [0, 0, 0, 16, 333, 0, 0, 0, 0, 0, 1, 0, 0], [0, 0, 0, 2, 0, 19, 6, 1, 0, 0, 0, 0, 0], [0, 0, 0, 0, 0, 0, 21, 0, 0, 0, 0, 0, 0], [0, 0, 0, 0, 0, 0, 0, 0, 0, 0, 0, 0, 0], [38, 0, 0, 0, 0, 0, 0, 0, 144, 0, 0, 0, 0], [0, 0, 0, 1, 0, 0, 0, 0, 0, 599, 156, 0, 0], [0, 0, 0, 52, 35, 0, 0, 0, 0, 50, 919, 0, 0], [0, 0, 6, 0, 0, 0, 0, 0, 0, 0, 0, 12, 0], [0, 0, 1, 0, 0, 0, 0, 0, 0, 0, 0, 0, 80]]",/home/gzou/scib_reproduce/outputs/baseline_extension_v1_1/sclsc_refonly/immune_cell_human/heldout_10X/seed_43/embedding.npz,3608d82c5acfb1893f0d35ece467aa824880f53b1bf0fdcefd7eb5040ebedb25,,,,,
immune_cell_human,10X,sclsc_refonly,44,common_distance_weighted_15nn,0.8903457845222209,0.8747784320582883,1.0,,,22779.0,22779,10727,16.0,"[""CD14+ Monocytes"", ""CD16+ Monocytes"", ""CD20+ B cells"", ""CD4+ T cells"", ""CD8+ T cells"", ""HSPCs"", ""Megakaryocyte progenitors"", ""Monocyte-derived dendritic cells"", ""NK cells"", ""NKT cells"", ""Plasma cells"", ""Plasmacytoid dendritic cells""]","[[3334, 53, 0, 1, 0, 0, 0, 0, 0, 0, 0, 0], [19, 345, 0, 0, 0, 0, 0, 0, 0, 0, 0, 0], [0, 0, 1530, 4, 1, 0, 0, 0, 1, 10, 0, 0], [0, 0, 0, 2885, 37, 0, 4, 0, 1, 10, 0, 0], [0, 0, 0, 37, 312, 0, 0, 0, 0, 1, 0, 0], [0, 0, 1, 1, 0, 22, 4, 0, 0, 0, 0, 0], [0, 0, 0, 0, 0, 0, 21, 0, 0, 0, 0, 0], [50, 1, 0, 0, 0, 0, 0, 131, 0, 0, 0, 0], [0, 0, 0, 0, 0, 0, 0, 0, 582, 174, 0, 0], [0, 0, 0, 98, 28, 0, 0, 0, 10, 920, 0, 0], [0, 0, 7, 1, 0, 0, 0, 0, 0, 0, 10, 0], [0, 0, 0, 0, 0, 0, 0, 0, 0, 0, 0, 81]]",/home/gzou/scib_reproduce/outputs/baseline_extension_v1_1/sclsc_refonly/immune_cell_human/heldout_10X/seed_44/embedding.npz,62fd53ef1a2198dd2a72d109263581034d0faa8dad5025f5acbf899aa5fcf684,,,,,
immune_cell_human,Oetjen_A,sclsc_refonly,40,common_distance_weighted_15nn,0.8397340299528477,0.8816453063584474,1.0,,,30920.0,30920,2586,16.0,"[""CD10+ B cells"", ""CD14+ Monocytes"", ""CD16+ Monocytes"", ""CD20+ B cells"", ""CD4+ T cells"", ""CD8+ T cells"", ""Erythrocytes"", ""Erythroid progenitors"", ""HSPCs"", ""Megakaryocyte progenitors"", ""Monocyte progenitors"", ""Monocyte-derived dendritic cells"", ""NK cells"", ""NKT cells"", ""Plasma cells"", ""Plasmacytoid dendritic cells""]","[[75, 0, 0, 4, 6, 0, 0, 0, 2, 0, 4, 0, 0, 0, 0, 0], [0, 340, 5, 0, 0, 0, 0, 0, 0, 0, 2, 2, 0, 1, 0, 0], [0, 0, 61, 0, 0, 0, 0, 0, 0, 0, 0, 0, 0, 0, 0, 0], [0, 0, 0, 43, 0, 0, 0, 0, 0, 0, 0, 0, 0, 0, 0, 0], [0, 0, 0, 2, 421, 154, 0, 0, 0, 0, 0, 0, 0, 0, 0, 0], [0, 0, 0, 0, 4, 89, 0, 0, 0, 0, 0, 0, 0, 0, 0, 0], [0, 2, 0, 0, 0, 0, 177, 6, 0, 0, 0, 0, 1, 0, 0, 0], [1, 1, 0, 0, 0, 0, 4, 84, 0, 22, 0, 0, 0, 0, 0, 0], [0, 2, 0, 0, 3, 0, 0, 0, 186, 2, 24, 3, 0, 3, 1, 3], [0, 2, 0, 0, 1, 0, 0, 0, 13, 56, 0, 0, 0, 0, 0, 0], [0, 49, 0, 0, 0, 0, 0, 0, 0, 0, 132, 1, 0, 0, 1, 0], [0, 9, 0, 0, 0, 0, 0, 0, 2, 0, 0, 78, 0, 0, 0, 0], [0, 0, 0, 0, 0, 0, 0, 0, 0, 0, 0, 0, 25, 1, 0, 0], [0, 0, 0, 5, 53, 2, 0, 0, 0, 0, 0, 0, 31, 298, 0, 0], [0, 0, 0, 0, 0, 0, 0, 0, 0, 0, 0, 0, 0, 0, 33, 0], [0, 0, 0, 0, 0, 0, 0, 0, 0, 0, 0, 0, 0, 0, 0, 54]]",/home/gzou/scib_reproduce/outputs/baseline_extension_v1_1/sclsc_refonly/immune_cell_human/heldout_Oetjen_A/seed_40/embedding.npz,b53fa1c012b4a851efbeab9d044aa0bad330e2fbe7469e6579f16891d5053d83,,,,,
immune_cell_human,Oetjen_A,sclsc_refonly,41,common_distance_weighted_15nn,0.8452303171628079,0.8804049015210812,1.0,,,30920.0,30920,2586,16.0,"[""CD10+ B cells"", ""CD14+ Monocytes"", ""CD16+ Monocytes"", ""CD20+ B cells"", ""CD4+ T cells"", ""CD8+ T cells"", ""Erythrocytes"", ""Erythroid progenitors"", ""HSPCs"", ""Megakaryocyte progenitors"", ""Monocyte progenitors"", ""Monocyte-derived dendritic cells"", ""NK cells"", ""NKT cells"", ""Plasma cells"", ""Plasmacytoid dendritic cells""]","[[78, 0, 0, 2, 0, 0, 0, 0, 10, 0, 1, 0, 0, 0, 0, 0], [0, 339, 2, 0, 3, 0, 0, 0, 0, 0, 1, 4, 1, 0, 0, 0], [0, 1, 60, 0, 0, 0, 0, 0, 0, 0, 0, 0, 0, 0, 0, 0], [0, 0, 0, 43, 0, 0, 0, 0, 0, 0, 0, 0, 0, 0, 0, 0], [0, 0, 0, 1, 440, 135, 0, 0, 0, 0, 0, 0, 0, 1, 0, 0], [0, 0, 0, 0, 9, 84, 0, 0, 0, 0, 0, 0, 0, 0, 0, 0], [0, 2, 0, 0, 0, 1, 179, 4, 0, 0, 0, 0, 0, 0, 0, 0], [1, 0, 0, 0, 0, 0, 1, 76, 0, 33, 0, 1, 0, 0, 0, 0], [0, 1, 1, 1, 8, 0, 0, 0, 181, 5, 25, 0, 1, 0, 0, 4], [0, 2, 0, 0, 1, 0, 0, 0, 5, 64, 0, 0, 0, 0, 0, 0], [0, 42, 0, 0, 0, 0, 0, 0, 0, 0, 140, 1, 0, 0, 0, 0], [0, 3, 0, 0, 1, 0, 0, 0, 0, 0, 5, 80, 0, 0, 0, 0], [0, 0, 0, 1, 0, 0, 0, 0, 0, 0, 0, 0, 24, 1, 0, 0], [1, 0, 0, 4, 77, 2, 0, 0, 0, 0, 0, 0, 22, 283, 0, 0], [0, 0, 0, 0, 0, 0, 0, 0, 0, 0, 0, 0, 0, 1, 32, 0], [0, 0, 0, 0, 0, 0, 0, 0, 0, 0, 0, 0, 0, 0, 0, 54]]",/home/gzou/scib_reproduce/outputs/baseline_extension_v1_1/sclsc_refonly/immune_cell_human/heldout_Oetjen_A/seed_41/embedding.npz,5ad24ac17886f74b563c54d7f5ec0f0085466ebbe0edb2fac07046fafa376322,,,,,
immune_cell_human,Oetjen_A,sclsc_refonly,42,common_distance_weighted_15nn,0.8413894664173607,0.8802728717638768,1.0,,,30920.0,30920,2586,16.0,"[""CD10+ B cells"", ""CD14+ Monocytes"", ""CD16+ Monocytes"", ""CD20+ B cells"", ""CD4+ T cells"", ""CD8+ T cells"", ""Erythrocytes"", ""Erythroid progenitors"", ""HSPCs"", ""Megakaryocyte progenitors"", ""Monocyte progenitors"", ""Monocyte-derived dendritic cells"", ""NK cells"", ""NKT cells"", ""Plasma cells"", ""Plasmacytoid dendritic cells""]","[[71, 0, 0, 2, 5, 2, 0, 0, 6, 0, 5, 0, 0, 0, 0, 0], [0, 338, 3, 0, 1, 0, 0, 0, 0, 0, 2, 5, 0, 1, 0, 0], [0, 0, 61, 0, 0, 0, 0, 0, 0, 0, 0, 0, 0, 0, 0, 0], [0, 0, 0, 43, 0, 0, 0, 0, 0, 0, 0, 0, 0, 0, 0, 0], [0, 0, 0, 1, 427, 148, 0, 0, 0, 1, 0, 0, 0, 0, 0, 0], [0, 0, 0, 0, 9, 84, 0, 0, 0, 0, 0, 0, 0, 0, 0, 0], [0, 2, 0, 0, 0, 0, 177, 7, 0, 0, 0, 0, 0, 0, 0, 0], [1, 0, 1, 0, 0, 0, 3, 77, 0, 30, 0, 0, 0, 0, 0, 0], [0, 2, 0, 0, 4, 0, 0, 0, 180, 9, 22, 0, 1, 5, 1, 3], [0, 1, 0, 0, 1, 0, 0, 0, 7, 62, 0, 0, 0, 1, 0, 0], [0, 38, 0, 0, 0, 0, 0, 0, 0, 0, 141, 4, 0, 0, 0, 0], [0, 3, 0, 0, 0, 0, 0, 0, 0, 0, 4, 82, 0, 0, 0, 0], [0, 0, 0, 0, 0, 0, 0, 0, 0, 0, 0, 0, 25, 1, 0, 0], [0, 0, 0, 5, 50, 7, 0, 0, 0, 0, 0, 0, 24, 303, 0, 0], [0, 0, 0, 0, 0, 0, 0, 0, 0, 0, 0, 0, 0, 1, 32, 0], [0, 0, 0, 0, 0, 0, 0, 0, 0, 0, 0, 0, 0, 0, 0, 54]]",/home/gzou/scib_reproduce/outputs/baseline_extension_v1_1/sclsc_refonly/immune_cell_human/heldout_Oetjen_A/seed_42/embedding.npz,6a66f15ffac9fba1d32867d6990f1bdd44593198f3498a059e43a17e2c73e12c,,,,,
immune_cell_human,Oetjen_A,sclsc_refonly,43,common_distance_weighted_15nn,0.8400309677046648,0.8739302477496803,1.0,,,30920.0,30920,2586,16.0,"[""CD10+ B cells"", ""CD14+ Monocytes"", ""CD16+ Monocytes"", ""CD20+ B cells"", ""CD4+ T cells"", ""CD8+ T cells"", ""Erythrocytes"", ""Erythroid progenitors"", ""HSPCs"", ""Megakaryocyte progenitors"", ""Monocyte progenitors"", ""Monocyte-derived dendritic cells"", ""NK cells"", ""NKT cells"", ""Plasma cells"", ""Plasmacytoid dendritic cells""]","[[76, 0, 0, 2, 2, 1, 0, 0, 8, 0, 2, 0, 0, 0, 0, 0], [0, 341, 2, 0, 0, 0, 0, 0, 0, 0, 3, 2, 0, 2, 0, 0], [0, 0, 61, 0, 0, 0, 0, 0, 0, 0, 0, 0, 0, 0, 0, 0], [0, 0, 0, 43, 0, 0, 0, 0, 0, 0, 0, 0, 0, 0, 0, 0], [0, 0, 0, 1, 455, 120, 0, 1, 0, 0, 0, 0, 0, 0, 0, 0], [0, 0, 0, 0, 10, 83, 0, 0, 0, 0, 0, 0, 0, 0, 0, 0], [0, 2, 0, 0, 0, 0, 179, 5, 0, 0, 0, 0, 0, 0, 0, 0], [1, 0, 0, 0, 0, 0, 5, 76, 0, 29, 0, 1, 0, 0, 0, 0], [0, 2, 0, 0, 3, 0, 0, 0, 180, 6, 29, 2, 1, 0, 0, 4], [0, 1, 0, 0, 1, 0, 0, 0, 13, 57, 0, 0, 0, 0, 0, 0], [0, 53, 0, 0, 0, 0, 0, 0, 0, 0, 129, 1, 0, 0, 0, 0], [0, 11, 0, 0, 0, 0, 0, 0, 0, 0, 1, 77, 0, 0, 0, 0], [0, 0, 0, 1, 0, 0, 0, 0, 0, 0, 0, 0, 25, 0, 0, 0], [0, 0, 0, 4, 67, 5, 1, 0, 0, 0, 0, 0, 26, 286, 0, 0], [0, 0, 0, 0, 0, 0, 0, 0, 0, 0, 0, 0, 0, 0, 33, 0], [0, 0, 0, 0, 0, 0, 0, 0, 0, 0, 0, 0, 0, 0, 0, 54]]",/home/gzou/scib_reproduce/outputs/baseline_extension_v1_1/sclsc_refonly/immune_cell_human/heldout_Oetjen_A/seed_43/embedding.npz,573f16310ea2edfea9bd5c989496f3f286ae69bbe2208abb7379ac131e0035f6,,,,,
immune_cell_human,Oetjen_A,sclsc_refonly,44,common_distance_weighted_15nn,0.8410874977757108,0.8844591033471301,1.0,,,30920.0,30920,2586,16.0,"[""CD10+ B cells"", ""CD14+ Monocytes"", ""CD16+ Monocytes"", ""CD20+ B cells"", ""CD4+ T cells"", ""CD8+ T cells"", ""Erythrocytes"", ""Erythroid progenitors"", ""HSPCs"", ""Megakaryocyte progenitors"", ""Monocyte progenitors"", ""Monocyte-derived dendritic cells"", ""NK cells"", ""NKT cells"", ""Plasma cells"", ""Plasmacytoid dendritic cells""]","[[72, 0, 0, 4, 5, 0, 0, 0, 2, 0, 7, 0, 0, 1, 0, 0], [0, 338, 2, 0, 0, 0, 0, 0, 1, 0, 1, 6, 0, 2, 0, 0], [0, 0, 61, 0, 0, 0, 0, 0, 0, 0, 0, 0, 0, 0, 0, 0], [0, 0, 0, 43, 0, 0, 0, 0, 0, 0, 0, 0, 0, 0, 0, 0], [0, 0, 0, 1, 445, 128, 0, 0, 0, 0, 0, 0, 0, 3, 0, 0], [0, 0, 0, 0, 8, 85, 0, 0, 0, 0, 0, 0, 0, 0, 0, 0], [0, 2, 0, 0, 0, 1, 177, 5, 0, 0, 0, 0, 1, 0, 0, 0], [1, 0, 0, 0, 0, 0, 2, 81, 0, 27, 0, 1, 0, 0, 0, 0], [0, 2, 0, 1, 1, 1, 0, 0, 191, 3, 20, 0, 0, 4, 0, 4], [0, 1, 0, 0, 2, 0, 0, 0, 6, 63, 0, 0, 0, 0, 0, 0], [0, 41, 0, 0, 1, 0, 0, 0, 0, 0, 139, 2, 0, 0, 0, 0], [0, 3, 0, 0, 0, 0, 0, 0, 0, 0, 2, 84, 0, 0, 0, 0], [0, 0, 0, 1, 0, 0, 0, 0, 0, 0, 0, 0, 24, 1, 0, 0], [0, 1, 0, 4, 70, 3, 0, 0, 0, 0, 0, 0, 42, 269, 0, 0], [0, 0, 0, 0, 0, 0, 0, 0, 0, 0, 0, 0, 0, 0, 33, 0], [0, 0, 0, 0, 0, 0, 0, 0, 0, 0, 0, 0, 0, 0, 0, 54]]",/home/gzou/scib_reproduce/outputs/baseline_extension_v1_1/sclsc_refonly/immune_cell_human/heldout_Oetjen_A/seed_44/embedding.npz,7a76801d71e1e28b960db8f73db6ad626303358115741651b6f1c82610133b1b,,,,,
immune_cell_human,Villani,sclsc_refonly,40,common_distance_weighted_15nn,0.6152259384828863,0.6818656911418866,1.0,,,32484.0,32484,1022,16.0,"[""CD14+ Monocytes"", ""CD16+ Monocytes"", ""Monocyte-derived dendritic cells"", ""Plasmacytoid dendritic cells""]","[[145, 0, 0, 0], [158, 14, 0, 0], [42, 147, 345, 0], [0, 0, 0, 171]]",/home/gzou/scib_reproduce/outputs/baseline_extension_v1_1/sclsc_refonly/immune_cell_human/heldout_Villani/seed_40/embedding.npz,686ec5bf04d13ef1e4672cabfa5c9e12d85915a5871ca36c5391dfc9668d2200,,,,,
immune_cell_human,Villani,sclsc_refonly,41,common_distance_weighted_15nn,0.4125104026863226,0.6843768114636175,1.0,,,32484.0,32484,1022,16.0,"[""CD14+ Monocytes"", ""CD16+ Monocytes"", ""HSPCs"", ""Monocyte progenitors"", ""Monocyte-derived dendritic cells"", ""Plasmacytoid dendritic cells""]","[[144, 0, 0, 1, 0, 0], [147, 24, 1, 0, 0, 0], [0, 0, 0, 0, 0, 0], [0, 0, 0, 0, 0, 0], [45, 162, 0, 0, 323, 4], [0, 0, 0, 0, 0, 171]]",/home/gzou/scib_reproduce/outputs/baseline_extension_v1_1/sclsc_refonly/immune_cell_human/heldout_Villani/seed_41/embedding.npz,276dc7bf1c1ecbd7587bc29ae75cd0613e28acb7a2768dccc5ba0c174a8d6d94,,,,,
immune_cell_human,Villani,sclsc_refonly,42,common_distance_weighted_15nn,0.6670172427010097,0.7204215961003037,1.0,,,32484.0,32484,1022,16.0,"[""CD14+ Monocytes"", ""CD16+ Monocytes"", ""Monocyte-derived dendritic cells"", ""Plasmacytoid dendritic cells""]","[[143, 2, 0, 0], [130, 40, 2, 0], [14, 166, 354, 0], [0, 0, 0, 171]]",/home/gzou/scib_reproduce/outputs/baseline_extension_v1_1/sclsc_refonly/immune_cell_human/heldout_Villani/seed_42/embedding.npz,eb7a64d3446ef72539a8fff5c23647217bda489f4a06cffd4d18c54b16ae1daf,,,,,
immune_cell_human,Villani,sclsc_refonly,43,common_distance_weighted_15nn,0.7017628758723802,0.7478908931998595,1.0,,,32484.0,32484,1022,16.0,"[""CD14+ Monocytes"", ""CD16+ Monocytes"", ""Monocyte-derived dendritic cells"", ""Plasmacytoid dendritic cells""]","[[143, 1, 1, 0], [102, 56, 14, 0], [2, 169, 363, 0], [0, 0, 0, 171]]",/home/gzou/scib_reproduce/outputs/baseline_extension_v1_1/sclsc_refonly/immune_cell_human/heldout_Villani/seed_43/embedding.npz,28b5f8edec7dff0c10172624d6899de9d7bfd5d6d39938799474b463bd597cc8,,,,,
immune_cell_human,Villani,sclsc_refonly,44,common_distance_weighted_15nn,0.7244261173758234,0.7781909541701582,1.0,,,32484.0,32484,1022,16.0,"[""CD14+ Monocytes"", ""CD16+ Monocytes"", ""Monocyte-derived dendritic cells"", ""Plasmacytoid dendritic cells""]","[[143, 2, 0, 0], [90, 82, 0, 0], [16, 171, 347, 0], [0, 0, 0, 171]]",/home/gzou/scib_reproduce/outputs/baseline_extension_v1_1/sclsc_refonly/immune_cell_human/heldout_Villani/seed_44/embedding.npz,9c1e4b11d51955405a409f27467ae79b5c29f25ec35bf7755cec4a46852ff7d6,,,,,
lung_atlas,3,sclsc_refonly,40,common_distance_weighted_15nn,0.6818880791205514,0.8374326238733019,1.0,,,32010.0,32010,462,16.0,"[""B cell"", ""Ciliated"", ""Dendritic cell"", ""Endothelium"", ""Fibroblast"", ""Macrophage"", ""Mast cell"", ""Neutrophil_CD14_high"", ""Neutrophils_IL1R2"", ""Secretory"", ""T/NK cell"", ""Type 2""]","[[3, 0, 0, 0, 0, 0, 0, 0, 0, 0, 0, 0], [0, 10, 0, 0, 0, 0, 0, 0, 0, 1, 0, 1], [0, 0, 92, 0, 0, 6, 0, 0, 0, 0, 0, 0], [0, 0, 0, 0, 0, 0, 0, 0, 0, 0, 0, 0], [0, 0, 0, 0, 25, 0, 0, 0, 0, 0, 0, 0], [0, 0, 0, 0, 0, 8, 0, 0, 0, 0, 0, 0], [0, 0, 0, 1, 0, 0, 97, 0, 0, 0, 0, 0], [0, 0, 4, 0, 0, 1, 0, 7, 1, 0, 0, 0], [0, 0, 4, 0, 0, 4, 0, 2, 1, 0, 0, 0], [0, 0, 0, 0, 0, 0, 0, 0, 0, 0, 0, 0], [0, 0, 0, 0, 0, 1, 0, 0, 0, 0, 58, 0], [0, 0, 0, 0, 0, 0, 0, 0, 0, 0, 0, 135]]",/home/gzou/scib_reproduce/outputs/baseline_extension_v1_1/sclsc_refonly/lung_atlas/heldout_3/seed_40/embedding.npz,ab731a6a7b44d2ed5f1a5280b18ec92cd0e38a79dd56a7972269b8e5cbd655fc,,,,,
lung_atlas,3,sclsc_refonly,41,common_distance_weighted_15nn,0.7066045663370387,0.8758941623348402,1.0,,,32010.0,32010,462,16.0,"[""B cell"", ""Ciliated"", ""Dendritic cell"", ""Endothelium"", ""Fibroblast"", ""Macrophage"", ""Mast cell"", ""Neutrophil_CD14_high"", ""Neutrophils_IL1R2"", ""Secretory"", ""T/NK cell"", ""Type 2""]","[[3, 0, 0, 0, 0, 0, 0, 0, 0, 0, 0, 0], [0, 10, 0, 0, 0, 0, 0, 0, 0, 1, 0, 1], [0, 0, 92, 0, 0, 4, 0, 2, 0, 0, 0, 0], [0, 0, 0, 0, 0, 0, 0, 0, 0, 0, 0, 0], [0, 0, 0, 0, 25, 0, 0, 0, 0, 0, 0, 0], [0, 0, 0, 0, 0, 8, 0, 0, 0, 0, 0, 0], [0, 0, 0, 1, 0, 0, 97, 0, 0, 0, 0, 0], [0, 0, 0, 0, 0, 1, 0, 12, 0, 0, 0, 0], [0, 0, 5, 0, 0, 1, 0, 4, 1, 0, 0, 0], [0, 0, 0, 0, 0, 0, 0, 0, 0, 0, 0, 0], [0, 0, 0, 0, 0, 0, 0, 1, 0, 0, 58, 0], [0, 0, 0, 0, 0, 0, 0, 0, 0, 0, 0, 135]]",/home/gzou/scib_reproduce/outputs/baseline_extension_v1_1/sclsc_refonly/lung_atlas/heldout_3/seed_41/embedding.npz,6a5b65cb733f569bc8263f28e733d4a089334c11c80dc42032af9eb8a4788b5d,,,,,
lung_atlas,3,sclsc_refonly,42,common_distance_weighted_15nn,0.7733560475347319,0.8659067123352837,1.0,,,32010.0,32010,462,16.0,"[""B cell"", ""Ciliated"", ""Dendritic cell"", ""Endothelium"", ""Fibroblast"", ""Macrophage"", ""Mast cell"", ""Neutrophil_CD14_high"", ""Neutrophils_IL1R2"", ""T/NK cell"", ""Type 2""]","[[3, 0, 0, 0, 0, 0, 0, 0, 0, 0, 0], [0, 11, 0, 0, 0, 0, 0, 0, 0, 0, 1], [0, 0, 95, 0, 0, 2, 0, 1, 0, 0, 0], [0, 0, 0, 0, 0, 0, 0, 0, 0, 0, 0], [0, 0, 0, 0, 25, 0, 0, 0, 0, 0, 0], [0, 0, 0, 0, 0, 8, 0, 0, 0, 0, 0], [0, 0, 0, 1, 0, 0, 97, 0, 0, 0, 0], [0, 0, 3, 0, 0, 1, 0, 9, 0, 0, 0], [0, 0, 5, 0, 0, 3, 0, 2, 1, 0, 0], [0, 0, 0, 0, 0, 0, 0, 0, 0, 59, 0], [0, 0, 0, 0, 0, 0, 0, 0, 0, 0, 135]]",/home/gzou/scib_reproduce/outputs/baseline_extension_v1_1/sclsc_refonly/lung_atlas/heldout_3/seed_42/embedding.npz,02f87c0ee93b0cde932ff0ccee7d4e5478338abea28b28fbbbb7f2287486bf25,,,,,
lung_atlas,3,sclsc_refonly,43,common_distance_weighted_15nn,0.7229914460923913,0.878313171896707,1.0,,,32010.0,32010,462,16.0,"[""B cell"", ""Ciliated"", ""Dendritic cell"", ""Endothelium"", ""Fibroblast"", ""Macrophage"", ""Mast cell"", ""Neutrophil_CD14_high"", ""Neutrophils_IL1R2"", ""Secretory"", ""T/NK cell"", ""Type 2""]","[[3, 0, 0, 0, 0, 0, 0, 0, 0, 0, 0, 0], [0, 10, 0, 0, 0, 0, 0, 0, 0, 1, 0, 1], [0, 0, 93, 0, 0, 4, 0, 1, 0, 0, 0, 0], [0, 0, 0, 0, 0, 0, 0, 0, 0, 0, 0, 0], [0, 0, 0, 0, 25, 0, 0, 0, 0, 0, 0, 0], [0, 0, 0, 0, 0, 8, 0, 0, 0, 0, 0, 0], [0, 0, 0, 1, 0, 0, 97, 0, 0, 0, 0, 0], [0, 0, 2, 0, 0, 0, 0, 11, 0, 0, 0, 0], [0, 0, 6, 0, 0, 2, 0, 1, 2, 0, 0, 0], [0, 0, 0, 0, 0, 0, 0, 0, 0, 0, 0, 0], [0, 0, 0, 0, 0, 1, 0, 0, 0, 0, 58, 0], [0, 0, 0, 0, 0, 0, 0, 0, 0, 0, 0, 135]]",/home/gzou/scib_reproduce/outputs/baseline_extension_v1_1/sclsc_refonly/lung_atlas/heldout_3/seed_43/embedding.npz,25f9d1d09058b1de3cd157f607ec4c033edcfbd8fed77b6f8cd7560923938897,,,,,
lung_atlas,3,sclsc_refonly,44,common_distance_weighted_15nn,0.6901353873678597,0.8591109455516236,1.0,,,32010.0,32010,462,16.0,"[""B cell"", ""Ciliated"", ""Dendritic cell"", ""Endothelium"", ""Fibroblast"", ""Macrophage"", ""Mast cell"", ""Neutrophil_CD14_high"", ""Neutrophils_IL1R2"", ""Secretory"", ""T/NK cell"", ""Type 2""]","[[3, 0, 0, 0, 0, 0, 0, 0, 0, 0, 0, 0], [0, 10, 0, 0, 0, 0, 0, 0, 0, 1, 0, 1], [0, 0, 92, 0, 0, 4, 0, 2, 0, 0, 0, 0], [0, 0, 0, 0, 0, 0, 0, 0, 0, 0, 0, 0], [0, 0, 0, 0, 25, 0, 0, 0, 0, 0, 0, 0], [0, 0, 0, 0, 0, 8, 0, 0, 0, 0, 0, 0], [0, 0, 0, 1, 0, 0, 97, 0, 0, 0, 0, 0], [0, 0, 2, 0, 0, 0, 0, 11, 0, 0, 0, 0], [0, 0, 6, 0, 0, 1, 0, 4, 0, 0, 0, 0], [0, 0, 0, 0, 0, 0, 0, 0, 0, 0, 0, 0], [0, 0, 0, 0, 0, 1, 0, 0, 0, 0, 58, 0], [0, 0, 0, 0, 0, 0, 0, 0, 0, 0, 0, 135]]",/home/gzou/scib_reproduce/outputs/baseline_extension_v1_1/sclsc_refonly/lung_atlas/heldout_3/seed_44/embedding.npz,a8ef8a777a0f096eeda04ef79fe0b211bd372d6e7a6f80c752095145b8cb9f02,,,,,
lung_atlas,4,sclsc_refonly,40,common_distance_weighted_15nn,0.7418189903197003,0.8172367791353784,1.0,,,28709.0,28709,3763,16.0,"[""B cell"", ""Basal 2"", ""Ciliated"", ""Dendritic cell"", ""Endothelium"", ""Fibroblast"", ""Lymphatic"", ""Macrophage"", ""Neutrophil_CD14_high"", ""Secretory"", ""T/NK cell"", ""Type 2""]","[[2, 0, 0, 2, 0, 0, 0, 0, 0, 0, 0, 0], [0, 1, 0, 0, 0, 0, 0, 0, 0, 1, 0, 0], [0, 0, 4, 0, 0, 0, 0, 0, 0, 3, 0, 1], [0, 0, 0, 137, 0, 0, 0, 8, 5, 0, 0, 0], [0, 0, 0, 0, 47, 0, 0, 1, 0, 0, 0, 0], [0, 0, 0, 0, 0, 212, 0, 0, 0, 0, 0, 0], [0, 0, 0, 0, 0, 0, 76, 0, 0, 0, 0, 0], [0, 0, 0, 243, 2, 2, 0, 1482, 94, 0, 0, 5], [0, 0, 0, 1, 0, 0, 0, 0, 6, 0, 0, 0], [0, 0, 0, 0, 0, 0, 0, 0, 0, 5, 0, 0], [0, 0, 0, 1, 0, 0, 0, 0, 0, 0, 3, 0], [0, 0, 2, 0, 0, 0, 0, 2, 0, 1, 0, 1414]]",/home/gzou/scib_reproduce/outputs/baseline_extension_v1_1/sclsc_refonly/lung_atlas/heldout_4/seed_40/embedding.npz,2dce0e8de23c7512bdb2887f1b5d93fc632fb0275b39ca0cf823eec05344a2fd,,,,,
lung_atlas,4,sclsc_refonly,41,common_distance_weighted_15nn,0.6572347121700208,0.8623499066190595,1.0,,,28709.0,28709,3763,16.0,"[""B cell"", ""Basal 2"", ""Ciliated"", ""Dendritic cell"", ""Endothelium"", ""Fibroblast"", ""Lymphatic"", ""Macrophage"", ""Neutrophil_CD14_high"", ""Neutrophils_IL1R2"", ""Secretory"", ""T/NK cell"", ""Type 2""]","[[3, 0, 0, 0, 0, 0, 0, 0, 0, 0, 0, 1, 0], [0, 2, 0, 0, 0, 0, 0, 0, 0, 0, 0, 0, 0], [0, 1, 3, 0, 0, 0, 0, 0, 0, 0, 3, 0, 1], [0, 0, 0, 136, 0, 0, 0, 5, 7, 0, 0, 2, 0], [0, 0, 0, 0, 47, 0, 0, 0, 0, 0, 0, 1, 0], [0, 0, 0, 0, 0, 212, 0, 0, 0, 0, 0, 0, 0], [0, 0, 0, 0, 0, 0, 76, 0, 0, 0, 0, 0, 0], [0, 0, 0, 303, 2, 1, 0, 1340, 167, 1, 1, 2, 11], [0, 0, 0, 1, 0, 0, 0, 0, 6, 0, 0, 0, 0], [0, 0, 0, 0, 0, 0, 0, 0, 0, 0, 0, 0, 0], [0, 0, 0, 0, 0, 0, 0, 0, 0, 0, 5, 0, 0], [0, 0, 0, 1, 0, 0, 0, 0, 0, 0, 0, 3, 0], [0, 0, 2, 0, 0, 0, 0, 0, 0, 0, 1, 1, 1415]]",/home/gzou/scib_reproduce/outputs/baseline_extension_v1_1/sclsc_refonly/lung_atlas/heldout_4/seed_41/embedding.npz,cc82d590bbfd72d5794673b294d39731875339f026bf11e23aa027fa995d78d5,,,,,
lung_atlas,4,sclsc_refonly,42,common_distance_weighted_15nn,0.7457994106297696,0.8736976244209654,1.0,,,28709.0,28709,3763,16.0,"[""B cell"", ""Basal 2"", ""Ciliated"", ""Dendritic cell"", ""Endothelium"", ""Fibroblast"", ""Lymphatic"", ""Macrophage"", ""Neutrophil_CD14_high"", ""Secretory"", ""T/NK cell"", ""Type 2""]","[[3, 0, 0, 0, 0, 0, 0, 0, 1, 0, 0, 0], [0, 2, 0, 0, 0, 0, 0, 0, 0, 0, 0, 0], [0, 1, 4, 0, 0, 0, 0, 0, 0, 2, 0, 1], [1, 0, 0, 136, 0, 0, 0, 9, 4, 0, 0, 0], [0, 0, 0, 0, 47, 0, 0, 1, 0, 0, 0, 0], [0, 0, 0, 0, 0, 212, 0, 0, 0, 0, 0, 0], [0, 0, 0, 0, 0, 0, 76, 0, 0, 0, 0, 0], [0, 0, 0, 316, 1, 2, 0, 1363, 145, 0, 1, 0], [0, 0, 0, 1, 0, 0, 0, 0, 6, 0, 0, 0], [0, 0, 0, 0, 0, 0, 0, 0, 0, 5, 0, 0], [0, 0, 0, 1, 0, 0, 0, 0, 0, 0, 3, 0], [0, 0, 3, 0, 0, 0, 0, 2, 0, 1, 0, 1413]]",/home/gzou/scib_reproduce/outputs/baseline_extension_v1_1/sclsc_refonly/lung_atlas/heldout_4/seed_42/embedding.npz,991e8427d52a85e635d839f2973ccc4e2aa775581a8b310bfafa17e6a0a1a8cc,,,,,
lung_atlas,4,sclsc_refonly,43,common_distance_weighted_15nn,0.6912935819975133,0.8514519201516683,1.0,,,28709.0,28709,3763,16.0,"[""B cell"", ""Basal 2"", ""Ciliated"", ""Dendritic cell"", ""Endothelium"", ""Fibroblast"", ""Lymphatic"", ""Macrophage"", ""Neutrophil_CD14_high"", ""Neutrophils_IL1R2"", ""Secretory"", ""T/NK cell"", ""Type 2""]","[[2, 0, 0, 1, 0, 0, 0, 1, 0, 0, 0, 0, 0], [0, 2, 0, 0, 0, 0, 0, 0, 0, 0, 0, 0, 0], [0, 1, 5, 0, 0, 0, 0, 0, 0, 0, 1, 0, 1], [0, 0, 0, 140, 0, 0, 0, 7, 3, 0, 0, 0, 0], [0, 0, 0, 0, 48, 0, 0, 0, 0, 0, 0, 0, 0], [0, 0, 0, 0, 0, 212, 0, 0, 0, 0, 0, 0, 0], [0, 0, 0, 0, 0, 0, 76, 0, 0, 0, 0, 0, 0], [0, 0, 0, 318, 2, 2, 1, 1381, 116, 1, 1, 0, 6], [0, 0, 0, 1, 0, 0, 0, 0, 6, 0, 0, 0, 0], [0, 0, 0, 0, 0, 0, 0, 0, 0, 0, 0, 0, 0], [0, 0, 1, 0, 0, 0, 0, 0, 0, 0, 4, 0, 0], [0, 0, 0, 1, 0, 0, 0, 0, 0, 0, 0, 3, 0], [0, 0, 2, 0, 0, 0, 0, 2, 0, 0, 1, 0, 1414]]",/home/gzou/scib_reproduce/outputs/baseline_extension_v1_1/sclsc_refonly/lung_atlas/heldout_4/seed_43/embedding.npz,b6d59d7d831aeeb21a81db96e1f1fad129c18904f535fccddd3ddb8c10c2e857,,,,,
lung_atlas,4,sclsc_refonly,44,common_distance_weighted_15nn,0.6409740914841806,0.8459807008470244,1.0,,,28709.0,28709,3763,16.0,"[""B cell"", ""Basal 2"", ""Ciliated"", ""Dendritic cell"", ""Endothelium"", ""Fibroblast"", ""Lymphatic"", ""Macrophage"", ""Neutrophil_CD14_high"", ""Neutrophils_IL1R2"", ""Secretory"", ""T/NK cell"", ""Type 2""]","[[2, 0, 0, 0, 0, 0, 0, 2, 0, 0, 0, 0, 0], [0, 2, 0, 0, 0, 0, 0, 0, 0, 0, 0, 0, 0], [0, 1, 5, 0, 0, 0, 0, 0, 0, 0, 1, 0, 1], [1, 0, 0, 135, 0, 0, 0, 9, 4, 0, 0, 1, 0], [0, 0, 0, 0, 47, 0, 0, 1, 0, 0, 0, 0, 0], [0, 0, 0, 0, 0, 212, 0, 0, 0, 0, 0, 0, 0], [0, 0, 0, 0, 0, 0, 76, 0, 0, 0, 0, 0, 0], [0, 0, 0, 291, 3, 0, 0, 1360, 156, 2, 11, 1, 4], [0, 0, 0, 1, 0, 0, 0, 0, 6, 0, 0, 0, 0], [0, 0, 0, 0, 0, 0, 0, 0, 0, 0, 0, 0, 0], [0, 0, 1, 0, 0, 0, 0, 0, 0, 0, 4, 0, 0], [0, 0, 0, 0, 0, 0, 0, 0, 0, 1, 0, 3, 0], [0, 0, 3, 0, 0, 0, 0, 1, 0, 0, 1, 0, 1414]]",/home/gzou/scib_reproduce/outputs/baseline_extension_v1_1/sclsc_refonly/lung_atlas/heldout_4/seed_44/embedding.npz,a49e6644fac33634f3ff3b9b894075def3c24b1ddd0c6ba5ca4b20090f033bbd,,,,,
lung_atlas,B1,sclsc_refonly,40,common_distance_weighted_15nn,0.714780614074702,0.8590203167038858,1.0,,,30332.0,30332,2140,16.0,"[""B cell"", ""Ciliated"", ""Dendritic cell"", ""Endothelium"", ""Fibroblast"", ""Lymphatic"", ""Macrophage"", ""Mast cell"", ""Neutrophil_CD14_high"", ""Secretory"", ""T/NK cell"", ""Type 1"", ""Type 2""]","[[3, 0, 0, 0, 0, 0, 1, 0, 0, 0, 0, 0, 2], [0, 74, 0, 0, 0, 0, 0, 0, 0, 7, 0, 0, 0], [0, 0, 0, 0, 0, 0, 0, 0, 0, 0, 0, 0, 0], [0, 0, 0, 38, 0, 0, 1, 0, 0, 0, 0, 0, 1], [0, 0, 0, 0, 24, 0, 0, 0, 0, 0, 0, 0, 1], [0, 0, 0, 0, 0, 42, 0, 0, 0, 0, 0, 0, 2], [3, 0, 2, 0, 0, 0, 586, 0, 1, 2, 2, 0, 10], [0, 0, 0, 0, 0, 0, 0, 40, 0, 0, 0, 0, 0], [0, 0, 0, 0, 0, 0, 0, 0, 0, 0, 0, 0, 0], [3, 0, 1, 0, 0, 0, 7, 0, 0, 30, 0, 3, 26], [1, 0, 0, 0, 0, 0, 3, 1, 0, 0, 268, 0, 1], [0, 0, 1, 0, 0, 0, 0, 0, 0, 2, 0, 184, 18], [11, 1, 0, 0, 0, 0, 23, 0, 1, 22, 7, 10, 674]]",/home/gzou/scib_reproduce/outputs/baseline_extension_v1_1/sclsc_refonly/lung_atlas/heldout_B1/seed_40/embedding.npz,9b7e33f379a8d606cab986bb84d9f3f8f007d1c4da7127fb8107d01bfe02365a,,,,,
lung_atlas,B1,sclsc_refonly,41,common_distance_weighted_15nn,0.714914115490457,0.8627785240840123,1.0,,,30332.0,30332,2140,16.0,"[""B cell"", ""Basal 2"", ""Ciliated"", ""Dendritic cell"", ""Endothelium"", ""Fibroblast"", ""Lymphatic"", ""Macrophage"", ""Mast cell"", ""Secretory"", ""T/NK cell"", ""Type 1"", ""Type 2""]","[[3, 0, 0, 0, 0, 0, 0, 3, 0, 0, 0, 0, 0], [0, 0, 0, 0, 0, 0, 0, 0, 0, 0, 0, 0, 0], [0, 0, 75, 1, 0, 0, 0, 0, 0, 5, 0, 0, 0], [0, 0, 0, 0, 0, 0, 0, 0, 0, 0, 0, 0, 0], [0, 0, 0, 0, 37, 0, 0, 1, 0, 0, 0, 0, 2], [0, 0, 0, 0, 0, 24, 0, 0, 0, 1, 0, 0, 0], [0, 0, 0, 0, 0, 0, 42, 1, 0, 0, 0, 0, 1], [5, 0, 0, 4, 0, 0, 0, 584, 0, 3, 2, 0, 8], [0, 0, 0, 0, 0, 0, 0, 0, 40, 0, 0, 0, 0], [0, 1, 0, 0, 0, 0, 0, 18, 0, 35, 1, 2, 13], [1, 0, 0, 0, 0, 0, 0, 4, 1, 2, 265, 0, 1], [0, 0, 0, 0, 0, 0, 0, 1, 0, 3, 0, 188, 13], [9, 0, 0, 0, 2, 0, 0, 34, 0, 36, 6, 5, 657]]",/home/gzou/scib_reproduce/outputs/baseline_extension_v1_1/sclsc_refonly/lung_atlas/heldout_B1/seed_41/embedding.npz,91fde3b9e8cdb5d4ef4f4e38f1cbc9c1650fb0a974b983df2ed75d873e68cb56,,,,,
lung_atlas,B1,sclsc_refonly,42,common_distance_weighted_15nn,0.7182140556462729,0.8710975984939946,1.0,,,30332.0,30332,2140,16.0,"[""B cell"", ""Ciliated"", ""Dendritic cell"", ""Endothelium"", ""Fibroblast"", ""Lymphatic"", ""Macrophage"", ""Mast cell"", ""Neutrophil_CD14_high"", ""Secretory"", ""T/NK cell"", ""Type 1"", ""Type 2""]","[[3, 0, 0, 0, 0, 0, 1, 0, 0, 1, 0, 1, 0], [0, 76, 0, 0, 0, 0, 0, 0, 0, 5, 0, 0, 0], [0, 0, 0, 0, 0, 0, 0, 0, 0, 0, 0, 0, 0], [0, 1, 0, 37, 0, 0, 1, 0, 0, 0, 0, 0, 1], [0, 1, 0, 0, 24, 0, 0, 0, 0, 0, 0, 0, 0], [0, 0, 1, 0, 0, 42, 0, 0, 0, 0, 0, 0, 1], [4, 0, 1, 0, 0, 0, 585, 0, 2, 3, 4, 0, 7], [0, 0, 0, 0, 0, 0, 0, 40, 0, 0, 0, 0, 0], [0, 0, 0, 0, 0, 0, 0, 0, 0, 0, 0, 0, 0], [1, 1, 0, 0, 0, 0, 9, 0, 0, 42, 1, 2, 14], [1, 0, 0, 0, 0, 0, 5, 1, 0, 1, 266, 0, 0], [0, 0, 0, 0, 0, 0, 1, 0, 0, 3, 0, 181, 20], [10, 1, 0, 0, 0, 0, 19, 0, 0, 41, 9, 6, 663]]",/home/gzou/scib_reproduce/outputs/baseline_extension_v1_1/sclsc_refonly/lung_atlas/heldout_B1/seed_42/embedding.npz,4797270c7cf661110aa2dd1d5c2cf047278c8a486548e4f53232023bc503f0e8,,,,,
lung_atlas,B1,sclsc_refonly,43,common_distance_weighted_15nn,0.7089605355739366,0.8595775389513244,1.0,,,30332.0,30332,2140,16.0,"[""B cell"", ""Basal 2"", ""Ciliated"", ""Dendritic cell"", ""Endothelium"", ""Fibroblast"", ""Lymphatic"", ""Macrophage"", ""Mast cell"", ""Secretory"", ""T/NK cell"", ""Type 1"", ""Type 2""]","[[3, 0, 0, 0, 0, 0, 0, 3, 0, 0, 0, 0, 0], [0, 0, 0, 0, 0, 0, 0, 0, 0, 0, 0, 0, 0], [0, 0, 70, 1, 0, 0, 0, 0, 0, 10, 0, 0, 0], [0, 0, 0, 0, 0, 0, 0, 0, 0, 0, 0, 0, 0], [0, 0, 0, 0, 39, 0, 0, 1, 0, 0, 0, 0, 0], [0, 0, 0, 0, 0, 24, 0, 0, 0, 0, 0, 0, 1], [0, 0, 0, 0, 0, 0, 42, 0, 0, 2, 0, 0, 0], [4, 0, 0, 2, 0, 0, 0, 591, 0, 3, 2, 0, 4], [0, 0, 0, 0, 0, 0, 0, 0, 40, 0, 0, 0, 0], [1, 1, 1, 0, 0, 0, 0, 17, 0, 33, 0, 1, 16], [1, 0, 0, 0, 0, 0, 0, 5, 1, 0, 267, 0, 0], [1, 0, 0, 0, 0, 0, 0, 0, 0, 5, 0, 186, 13], [17, 0, 1, 0, 0, 0, 0, 35, 0, 32, 7, 3, 654]]",/home/gzou/scib_reproduce/outputs/baseline_extension_v1_1/sclsc_refonly/lung_atlas/heldout_B1/seed_43/embedding.npz,ddfec87c69812cca1058c5f7c0382b8e5690ff16aafc3904c77fe13d12ef9595,,,,,
lung_atlas,B1,sclsc_refonly,44,common_distance_weighted_15nn,0.7132859054657443,0.8747612521457507,1.0,,,30332.0,30332,2140,16.0,"[""B cell"", ""Ciliated"", ""Dendritic cell"", ""Endothelium"", ""Fibroblast"", ""Lymphatic"", ""Macrophage"", ""Mast cell"", ""Neutrophil_CD14_high"", ""Secretory"", ""T/NK cell"", ""Type 1"", ""Type 2""]","[[4, 0, 0, 0, 0, 0, 1, 0, 0, 1, 0, 0, 0], [0, 75, 0, 0, 0, 0, 0, 0, 0, 6, 0, 0, 0], [0, 0, 0, 0, 0, 0, 0, 0, 0, 0, 0, 0, 0], [0, 0, 0, 36, 2, 0, 1, 0, 0, 0, 0, 0, 1], [0, 0, 0, 0, 25, 0, 0, 0, 0, 0, 0, 0, 0], [0, 0, 0, 0, 0, 42, 1, 0, 0, 0, 0, 0, 1], [8, 0, 3, 0, 0, 0, 581, 0, 3, 2, 3, 0, 6], [0, 0, 0, 0, 0, 0, 0, 40, 0, 0, 0, 0, 0], [0, 0, 0, 0, 0, 0, 0, 0, 0, 0, 0, 0, 0], [1, 0, 0, 0, 0, 0, 15, 0, 0, 32, 1, 1, 20], [1, 0, 0, 0, 0, 0, 4, 1, 0, 1, 266, 0, 1], [0, 0, 0, 0, 0, 0, 1, 0, 0, 2, 0, 183, 19], [14, 0, 0, 0, 0, 0, 25, 0, 0, 28, 7, 4, 671]]",/home/gzou/scib_reproduce/outputs/baseline_extension_v1_1/sclsc_refonly/lung_atlas/heldout_B1/seed_44/embedding.npz,d5659441f58acb8fd8a10a217621bfbbe16ad39ad29ce90db60ab43af06e956e,,,,,
pancreas,fluidigmc1,sclsc_refonly,40,common_distance_weighted_15nn,0.8210577517231523,0.8318786536028923,1.0,,,15744.0,15744,638,16.0,"[""acinar"", ""activated_stellate"", ""alpha"", ""beta"", ""delta"", ""ductal"", ""endothelial"", ""epsilon"", ""gamma"", ""macrophage"", ""mast"", ""quiescent_stellate"", ""schwann""]","[[20, 0, 0, 0, 0, 1, 0, 0, 0, 0, 0, 0, 0], [0, 16, 0, 0, 0, 0, 0, 0, 0, 0, 0, 0, 0], [0, 0, 237, 2, 0, 0, 0, 0, 0, 0, 0, 0, 0], [0, 0, 1, 257, 0, 0, 0, 0, 0, 0, 0, 0, 0], [0, 0, 0, 6, 19, 0, 0, 0, 0, 0, 0, 0, 0], [0, 0, 0, 0, 0, 36, 0, 0, 0, 0, 0, 0, 0], [0, 0, 2, 1, 0, 0, 10, 0, 0, 0, 0, 1, 0], [0, 0, 0, 0, 0, 0, 0, 1, 0, 0, 0, 0, 0], [0, 0, 0, 0, 0, 0, 0, 0, 18, 0, 0, 0, 0], [0, 0, 0, 0, 0, 0, 0, 0, 0, 1, 0, 0, 0], [0, 0, 1, 1, 1, 0, 0, 0, 0, 0, 0, 0, 0], [0, 0, 0, 0, 0, 0, 0, 0, 0, 0, 0, 1, 0], [0, 0, 1, 1, 0, 0, 0, 0, 0, 0, 0, 1, 2]]",/home/gzou/scib_reproduce/outputs/baseline_extension_v1_1/sclsc_refonly/pancreas/heldout_fluidigmc1/seed_40/embedding.npz,fec2f4d7be7bd7c011bef4170c6756d50f8a730c21ebd99d926da0ab1c5bf2e2,,,,,
pancreas,fluidigmc1,sclsc_refonly,41,common_distance_weighted_15nn,0.8629518165892763,0.8374857544907169,1.0,,,15744.0,15744,638,16.0,"[""acinar"", ""activated_stellate"", ""alpha"", ""beta"", ""delta"", ""ductal"", ""endothelial"", ""epsilon"", ""gamma"", ""macrophage"", ""mast"", ""quiescent_stellate"", ""schwann""]","[[19, 0, 1, 0, 0, 1, 0, 0, 0, 0, 0, 0, 0], [0, 16, 0, 0, 0, 0, 0, 0, 0, 0, 0, 0, 0], [0, 0, 236, 2, 0, 1, 0, 0, 0, 0, 0, 0, 0], [0, 0, 2, 256, 0, 0, 0, 0, 0, 0, 0, 0, 0], [0, 0, 1, 5, 19, 0, 0, 0, 0, 0, 0, 0, 0], [0, 0, 0, 0, 0, 36, 0, 0, 0, 0, 0, 0, 0], [0, 0, 2, 2, 0, 1, 9, 0, 0, 0, 0, 0, 0], [0, 0, 0, 0, 0, 0, 0, 1, 0, 0, 0, 0, 0], [0, 0, 0, 0, 0, 0, 0, 0, 18, 0, 0, 0, 0], [0, 0, 0, 0, 0, 0, 0, 0, 0, 1, 0, 0, 0], [0, 0, 1, 1, 1, 0, 0, 0, 0, 0, 0, 0, 0], [0, 0, 0, 0, 0, 0, 0, 0, 0, 0, 0, 1, 0], [1, 0, 0, 1, 0, 0, 0, 0, 0, 0, 0, 0, 3]]",/home/gzou/scib_reproduce/outputs/baseline_extension_v1_1/sclsc_refonly/pancreas/heldout_fluidigmc1/seed_41/embedding.npz,54f56015074eb7884b40b74caac10d596b54779479c4c2b376724748453494c9,,,,,
pancreas,fluidigmc1,sclsc_refonly,42,common_distance_weighted_15nn,0.8730982462054876,0.8534171151413538,1.0,,,15744.0,15744,638,16.0,"[""acinar"", ""activated_stellate"", ""alpha"", ""beta"", ""delta"", ""ductal"", ""endothelial"", ""epsilon"", ""gamma"", ""macrophage"", ""mast"", ""quiescent_stellate"", ""schwann""]","[[20, 0, 0, 0, 0, 1, 0, 0, 0, 0, 0, 0, 0], [0, 16, 0, 0, 0, 0, 0, 0, 0, 0, 0, 0, 0], [0, 0, 237, 2, 0, 0, 0, 0, 0, 0, 0, 0, 0], [0, 0, 1, 257, 0, 0, 0, 0, 0, 0, 0, 0, 0], [0, 0, 0, 4, 21, 0, 0, 0, 0, 0, 0, 0, 0], [0, 0, 0, 0, 0, 36, 0, 0, 0, 0, 0, 0, 0], [1, 0, 2, 0, 0, 1, 10, 0, 0, 0, 0, 0, 0], [0, 0, 0, 0, 0, 0, 0, 1, 0, 0, 0, 0, 0], [0, 0, 0, 0, 0, 0, 0, 0, 18, 0, 0, 0, 0], [0, 0, 0, 0, 0, 0, 0, 0, 0, 1, 0, 0, 0], [1, 0, 1, 0, 1, 0, 0, 0, 0, 0, 0, 0, 0], [0, 0, 0, 0, 0, 0, 0, 0, 0, 0, 0, 1, 0], [0, 0, 1, 1, 0, 0, 0, 0, 0, 0, 0, 0, 3]]",/home/gzou/scib_reproduce/outputs/baseline_extension_v1_1/sclsc_refonly/pancreas/heldout_fluidigmc1/seed_42/embedding.npz,ae33b0edcc8de490e7f3c709af6c222eea616000b6b4c17fd1dc25ce67409ab6,,,,,
pancreas,fluidigmc1,sclsc_refonly,43,common_distance_weighted_15nn,0.8174672916720543,0.8181399839821559,1.0,,,15744.0,15744,638,16.0,"[""acinar"", ""activated_stellate"", ""alpha"", ""beta"", ""delta"", ""ductal"", ""endothelial"", ""epsilon"", ""gamma"", ""macrophage"", ""mast"", ""quiescent_stellate"", ""schwann""]","[[21, 0, 0, 0, 0, 0, 0, 0, 0, 0, 0, 0, 0], [0, 16, 0, 0, 0, 0, 0, 0, 0, 0, 0, 0, 0], [0, 0, 236, 2, 0, 1, 0, 0, 0, 0, 0, 0, 0], [0, 0, 3, 255, 0, 0, 0, 0, 0, 0, 0, 0, 0], [0, 0, 1, 4, 19, 1, 0, 0, 0, 0, 0, 0, 0], [0, 0, 0, 0, 0, 36, 0, 0, 0, 0, 0, 0, 0], [1, 0, 3, 3, 0, 0, 7, 0, 0, 0, 0, 0, 0], [0, 0, 0, 0, 0, 0, 0, 1, 0, 0, 0, 0, 0], [0, 0, 0, 0, 0, 0, 0, 0, 18, 0, 0, 0, 0], [0, 0, 0, 0, 0, 0, 0, 0, 0, 1, 0, 0, 0], [1, 0, 1, 0, 1, 0, 0, 0, 0, 0, 0, 0, 0], [0, 0, 0, 0, 0, 0, 0, 0, 0, 0, 0, 1, 0], [0, 0, 1, 1, 0, 0, 0, 0, 0, 0, 0, 1, 2]]",/home/gzou/scib_reproduce/outputs/baseline_extension_v1_1/sclsc_refonly/pancreas/heldout_fluidigmc1/seed_43/embedding.npz,6266525885b495b396c5223c841cd5dce16da423f78849a723d206bf2b8e56dc,,,,,
pancreas,fluidigmc1,sclsc_refonly,44,common_distance_weighted_15nn,0.9134854925348453,0.8756830662445142,1.0,,,15744.0,15744,638,16.0,"[""acinar"", ""activated_stellate"", ""alpha"", ""beta"", ""delta"", ""ductal"", ""endothelial"", ""epsilon"", ""gamma"", ""macrophage"", ""mast"", ""quiescent_stellate"", ""schwann""]","[[20, 0, 0, 0, 0, 1, 0, 0, 0, 0, 0, 0, 0], [0, 16, 0, 0, 0, 0, 0, 0, 0, 0, 0, 0, 0], [0, 0, 237, 2, 0, 0, 0, 0, 0, 0, 0, 0, 0], [0, 0, 2, 256, 0, 0, 0, 0, 0, 0, 0, 0, 0], [0, 0, 0, 5, 20, 0, 0, 0, 0, 0, 0, 0, 0], [0, 0, 0, 0, 0, 36, 0, 0, 0, 0, 0, 0, 0], [0, 0, 2, 2, 0, 0, 10, 0, 0, 0, 0, 0, 0], [0, 0, 0, 0, 0, 0, 0, 1, 0, 0, 0, 0, 0], [0, 0, 0, 0, 0, 0, 0, 0, 18, 0, 0, 0, 0], [0, 0, 0, 0, 0, 0, 0, 0, 0, 1, 0, 0, 0], [0, 0, 1, 0, 1, 0, 0, 0, 0, 0, 1, 0, 0], [0, 0, 0, 0, 0, 0, 0, 0, 0, 0, 0, 1, 0], [0, 0, 1, 1, 0, 0, 0, 0, 0, 0, 0, 0, 3]]",/home/gzou/scib_reproduce/outputs/baseline_extension_v1_1/sclsc_refonly/pancreas/heldout_fluidigmc1/seed_44/embedding.npz,59ea10a38cffb9f3377694697c8bf66836088f9f9e1147183e035450146a9456,,,,,
pancreas,inDrop2,sclsc_refonly,40,common_distance_weighted_15nn,0.9001392365873587,0.926445082027908,1.0,,,14658.0,14658,1724,16.0,"[""acinar"", ""activated_stellate"", ""alpha"", ""beta"", ""delta"", ""ductal"", ""endothelial"", ""epsilon"", ""gamma"", ""macrophage"", ""mast"", ""quiescent_stellate"", ""schwann"", ""t_cell""]","[[2, 0, 0, 0, 0, 1, 0, 0, 0, 0, 0, 0, 0, 0], [0, 79, 1, 1, 0, 0, 0, 0, 0, 0, 0, 0, 0, 0], [0, 0, 674, 0, 0, 1, 0, 0, 1, 0, 0, 0, 0, 0], [0, 0, 0, 369, 1, 1, 0, 0, 0, 0, 0, 0, 0, 0], [0, 0, 0, 0, 125, 0, 0, 0, 0, 0, 0, 0, 0, 0], [32, 0, 0, 0, 0, 269, 0, 0, 0, 0, 0, 0, 0, 0], [0, 0, 0, 0, 0, 0, 23, 0, 0, 0, 0, 0, 0, 0], [0, 0, 0, 0, 0, 0, 0, 2, 0, 0, 0, 0, 0, 0], [0, 0, 1, 0, 0, 0, 0, 0, 85, 0, 0, 0, 0, 0], [0, 0, 0, 0, 0, 0, 0, 0, 0, 17, 0, 0, 0, 0], [0, 0, 0, 0, 0, 0, 0, 0, 0, 0, 9, 0, 0, 0], [0, 0, 1, 0, 0, 0, 0, 0, 0, 0, 0, 21, 0, 0], [0, 0, 0, 0, 0, 0, 0, 0, 0, 0, 0, 0, 6, 0], [0, 0, 0, 0, 0, 0, 0, 0, 0, 0, 1, 0, 0, 1]]",/home/gzou/scib_reproduce/outputs/baseline_extension_v1_1/sclsc_refonly/pancreas/heldout_inDrop2/seed_40/embedding.npz,721edca02f338ac6fd3653db632bb80f82a04240fa81b54963d1b63b0b13c5b8,,,,,
pancreas,inDrop2,sclsc_refonly,41,common_distance_weighted_15nn,0.8490694640232342,0.9131968660047536,1.0,,,14658.0,14658,1724,16.0,"[""acinar"", ""activated_stellate"", ""alpha"", ""beta"", ""delta"", ""ductal"", ""endothelial"", ""epsilon"", ""gamma"", ""macrophage"", ""mast"", ""quiescent_stellate"", ""schwann"", ""t_cell""]","[[3, 0, 0, 0, 0, 0, 0, 0, 0, 0, 0, 0, 0, 0], [0, 78, 1, 1, 0, 0, 0, 0, 0, 0, 0, 1, 0, 0], [0, 0, 673, 1, 0, 1, 0, 0, 1, 0, 0, 0, 0, 0], [0, 0, 0, 369, 1, 1, 0, 0, 0, 0, 0, 0, 0, 0], [0, 0, 0, 0, 125, 0, 0, 0, 0, 0, 0, 0, 0, 0], [37, 0, 0, 0, 0, 264, 0, 0, 0, 0, 0, 0, 0, 0], [0, 0, 0, 0, 0, 0, 23, 0, 0, 0, 0, 0, 0, 0], [0, 0, 0, 0, 0, 0, 0, 2, 0, 0, 0, 0, 0, 0], [0, 0, 0, 0, 0, 0, 0, 0, 86, 0, 0, 0, 0, 0], [0, 0, 0, 0, 0, 0, 0, 0, 0, 17, 0, 0, 0, 0], [0, 0, 0, 0, 0, 0, 0, 0, 0, 0, 9, 0, 0, 0], [0, 0, 0, 1, 0, 0, 0, 0, 0, 0, 0, 21, 0, 0], [0, 0, 0, 0, 0, 0, 0, 0, 0, 0, 0, 0, 6, 0], [0, 0, 0, 0, 0, 0, 0, 0, 0, 0, 2, 0, 0, 0]]",/home/gzou/scib_reproduce/outputs/baseline_extension_v1_1/sclsc_refonly/pancreas/heldout_inDrop2/seed_41/embedding.npz,e217b7d94772611eefa5ca5f440c58a205328b6c5e43598f9a8b9697e2c79c4e,,,,,
pancreas,inDrop2,sclsc_refonly,42,common_distance_weighted_15nn,0.9120313988355425,0.9596634928019026,1.0,,,14658.0,14658,1724,16.0,"[""acinar"", ""activated_stellate"", ""alpha"", ""beta"", ""delta"", ""ductal"", ""endothelial"", ""epsilon"", ""gamma"", ""macrophage"", ""mast"", ""quiescent_stellate"", ""schwann"", ""t_cell""]","[[2, 0, 0, 0, 0, 1, 0, 0, 0, 0, 0, 0, 0, 0], [0, 79, 1, 1, 0, 0, 0, 0, 0, 0, 0, 0, 0, 0], [0, 0, 671, 1, 0, 2, 0, 1, 1, 0, 0, 0, 0, 0], [0, 0, 0, 369, 1, 1, 0, 0, 0, 0, 0, 0, 0, 0], [0, 0, 0, 0, 125, 0, 0, 0, 0, 0, 0, 0, 0, 0], [31, 0, 0, 0, 0, 270, 0, 0, 0, 0, 0, 0, 0, 0], [0, 0, 0, 0, 0, 0, 23, 0, 0, 0, 0, 0, 0, 0], [0, 0, 0, 0, 0, 0, 0, 2, 0, 0, 0, 0, 0, 0], [0, 0, 0, 0, 0, 0, 0, 0, 86, 0, 0, 0, 0, 0], [0, 0, 0, 0, 0, 0, 0, 0, 0, 17, 0, 0, 0, 0], [0, 0, 0, 0, 0, 0, 0, 0, 0, 0, 9, 0, 0, 0], [0, 0, 1, 1, 0, 0, 0, 0, 0, 0, 0, 20, 0, 0], [0, 0, 0, 0, 0, 0, 0, 0, 0, 0, 0, 0, 6, 0], [0, 0, 0, 0, 0, 0, 0, 0, 0, 0, 0, 0, 0, 2]]",/home/gzou/scib_reproduce/outputs/baseline_extension_v1_1/sclsc_refonly/pancreas/heldout_inDrop2/seed_42/embedding.npz,db63f723c380ecf10c9871e478c325f8a715f36b052ecd41b387e2d1cf754b5c,,,,,
pancreas,inDrop2,sclsc_refonly,43,common_distance_weighted_15nn,0.8562855177307147,0.89498928380109,1.0,,,14658.0,14658,1724,16.0,"[""acinar"", ""activated_stellate"", ""alpha"", ""beta"", ""delta"", ""ductal"", ""endothelial"", ""epsilon"", ""gamma"", ""macrophage"", ""mast"", ""quiescent_stellate"", ""schwann"", ""t_cell""]","[[2, 0, 0, 0, 0, 1, 0, 0, 0, 0, 0, 0, 0, 0], [0, 79, 1, 1, 0, 0, 0, 0, 0, 0, 0, 0, 0, 0], [0, 0, 675, 0, 0, 0, 0, 0, 1, 0, 0, 0, 0, 0], [0, 0, 0, 369, 1, 1, 0, 0, 0, 0, 0, 0, 0, 0], [0, 0, 0, 0, 125, 0, 0, 0, 0, 0, 0, 0, 0, 0], [18, 0, 0, 0, 0, 283, 0, 0, 0, 0, 0, 0, 0, 0], [0, 0, 0, 0, 0, 0, 23, 0, 0, 0, 0, 0, 0, 0], [0, 0, 0, 0, 0, 0, 0, 2, 0, 0, 0, 0, 0, 0], [0, 0, 0, 0, 0, 0, 0, 0, 86, 0, 0, 0, 0, 0], [0, 0, 0, 0, 0, 0, 0, 0, 0, 17, 0, 0, 0, 0], [0, 0, 0, 0, 0, 0, 0, 0, 0, 0, 9, 0, 0, 0], [0, 0, 1, 0, 0, 0, 0, 0, 0, 0, 0, 21, 0, 0], [0, 0, 0, 0, 0, 0, 0, 0, 0, 0, 0, 0, 6, 0], [0, 0, 0, 0, 0, 0, 0, 0, 0, 0, 2, 0, 0, 0]]",/home/gzou/scib_reproduce/outputs/baseline_extension_v1_1/sclsc_refonly/pancreas/heldout_inDrop2/seed_43/embedding.npz,d7e0078ebf44754518d58d59da21fb3665c6f7e56abd0178172b5934841d1a16,,,,,
pancreas,inDrop2,sclsc_refonly,44,common_distance_weighted_15nn,0.8512146902979717,0.8944763944667508,1.0,,,14658.0,14658,1724,16.0,"[""acinar"", ""activated_stellate"", ""alpha"", ""beta"", ""delta"", ""ductal"", ""endothelial"", ""epsilon"", ""gamma"", ""macrophage"", ""mast"", ""quiescent_stellate"", ""schwann"", ""t_cell""]","[[2, 0, 0, 0, 0, 1, 0, 0, 0, 0, 0, 0, 0, 0], [0, 78, 1, 1, 0, 0, 0, 0, 0, 0, 0, 0, 1, 0], [0, 0, 674, 0, 0, 1, 0, 0, 1, 0, 0, 0, 0, 0], [0, 0, 0, 369, 1, 1, 0, 0, 0, 0, 0, 0, 0, 0], [0, 0, 0, 0, 125, 0, 0, 0, 0, 0, 0, 0, 0, 0], [16, 0, 0, 0, 0, 285, 0, 0, 0, 0, 0, 0, 0, 0], [0, 0, 0, 0, 0, 0, 23, 0, 0, 0, 0, 0, 0, 0], [0, 0, 0, 0, 0, 0, 0, 2, 0, 0, 0, 0, 0, 0], [0, 0, 0, 0, 0, 0, 0, 0, 86, 0, 0, 0, 0, 0], [0, 0, 0, 0, 0, 0, 0, 0, 0, 17, 0, 0, 0, 0], [0, 0, 0, 0, 0, 0, 0, 0, 0, 0, 9, 0, 0, 0], [0, 1, 0, 0, 0, 0, 0, 0, 0, 0, 0, 21, 0, 0], [0, 0, 0, 0, 0, 0, 0, 0, 0, 0, 0, 0, 6, 0], [0, 0, 0, 0, 0, 0, 0, 0, 0, 0, 2, 0, 0, 0]]",/home/gzou/scib_reproduce/outputs/baseline_extension_v1_1/sclsc_refonly/pancreas/heldout_inDrop2/seed_44/embedding.npz,3b1e8f9cea75c7cb527c42bf45ab2d16752a9f0de2c05ec99d824b879bbb3aa4,,,,,
pancreas,inDrop3,sclsc_refonly,40,common_distance_weighted_15nn,0.8704423573381667,0.8743105699816515,1.0,,,12777.0,12777,3605,16.0,"[""acinar"", ""activated_stellate"", ""alpha"", ""beta"", ""delta"", ""ductal"", ""endothelial"", ""epsilon"", ""gamma"", ""macrophage"", ""mast"", ""quiescent_stellate"", ""schwann"", ""t_cell""]","[[637, 3, 0, 0, 0, 199, 0, 0, 0, 0, 0, 4, 0, 0], [0, 95, 1, 1, 0, 0, 0, 0, 0, 0, 0, 3, 0, 0], [1, 0, 1127, 1, 0, 0, 0, 0, 1, 0, 0, 0, 0, 0], [2, 0, 3, 779, 3, 0, 0, 0, 0, 0, 0, 0, 0, 0], [1, 0, 0, 16, 144, 0, 0, 0, 0, 0, 0, 0, 0, 0], [0, 0, 0, 2, 0, 374, 0, 0, 0, 0, 0, 0, 0, 0], [0, 1, 0, 0, 0, 0, 91, 0, 0, 0, 0, 0, 0, 0], [0, 0, 0, 0, 0, 0, 0, 2, 0, 0, 0, 0, 0, 0], [0, 0, 4, 2, 0, 0, 0, 0, 30, 0, 0, 0, 0, 0], [0, 0, 0, 0, 0, 1, 0, 0, 0, 13, 0, 0, 0, 0], [0, 0, 0, 0, 0, 0, 0, 0, 0, 0, 7, 0, 0, 0], [0, 0, 4, 0, 0, 1, 0, 0, 0, 0, 0, 49, 0, 0], [0, 0, 0, 0, 0, 0, 0, 0, 0, 0, 0, 0, 1, 0], [0, 0, 1, 0, 0, 0, 0, 0, 0, 0, 1, 0, 0, 0]]",/home/gzou/scib_reproduce/outputs/baseline_extension_v1_1/sclsc_refonly/pancreas/heldout_inDrop3/seed_40/embedding.npz,ca7fb8bc049badf2f6f2b9e56b3a15d691578ed77d4337ec3d975e22acc862b7,,,,,
pancreas,inDrop3,sclsc_refonly,41,common_distance_weighted_15nn,0.8643006174077213,0.8721380916828606,1.0,,,12777.0,12777,3605,16.0,"[""acinar"", ""activated_stellate"", ""alpha"", ""beta"", ""delta"", ""ductal"", ""endothelial"", ""epsilon"", ""gamma"", ""macrophage"", ""mast"", ""quiescent_stellate"", ""schwann"", ""t_cell""]","[[634, 3, 0, 0, 0, 202, 1, 0, 0, 0, 0, 3, 0, 0], [0, 93, 0, 1, 0, 0, 0, 0, 0, 0, 0, 6, 0, 0], [1, 0, 1123, 5, 0, 0, 0, 0, 1, 0, 0, 0, 0, 0], [2, 0, 2, 780, 2, 1, 0, 0, 0, 0, 0, 0, 0, 0], [1, 0, 0, 17, 143, 0, 0, 0, 0, 0, 0, 0, 0, 0], [0, 0, 0, 1, 0, 375, 0, 0, 0, 0, 0, 0, 0, 0], [0, 0, 0, 0, 0, 0, 92, 0, 0, 0, 0, 0, 0, 0], [0, 0, 0, 0, 0, 0, 0, 2, 0, 0, 0, 0, 0, 0], [0, 0, 5, 1, 3, 0, 0, 0, 27, 0, 0, 0, 0, 0], [0, 0, 0, 0, 0, 0, 0, 0, 0, 14, 0, 0, 0, 0], [0, 0, 0, 0, 0, 0, 0, 0, 0, 0, 7, 0, 0, 0], [0, 0, 4, 0, 0, 1, 0, 0, 0, 0, 0, 49, 0, 0], [0, 0, 0, 0, 0, 0, 0, 0, 0, 0, 0, 0, 1, 0], [0, 0, 0, 0, 0, 0, 0, 0, 0, 1, 1, 0, 0, 0]]",/home/gzou/scib_reproduce/outputs/baseline_extension_v1_1/sclsc_refonly/pancreas/heldout_inDrop3/seed_41/embedding.npz,ecd1e1c1a645bf077c87949a4e586f83c4b03d1af8a860326e47bfb58119b71a,,,,,
pancreas,inDrop3,sclsc_refonly,42,common_distance_weighted_15nn,0.7774856320367142,0.7691796906184533,1.0,,,12777.0,12777,3605,16.0,"[""acinar"", ""activated_stellate"", ""alpha"", ""beta"", ""delta"", ""ductal"", ""endothelial"", ""epsilon"", ""gamma"", ""macrophage"", ""mast"", ""quiescent_stellate"", ""schwann"", ""t_cell""]","[[669, 3, 0, 0, 0, 167, 2, 0, 0, 0, 0, 2, 0, 0], [0, 96, 0, 0, 0, 0, 0, 0, 0, 0, 0, 4, 0, 0], [1, 0, 1126, 1, 1, 0, 0, 0, 1, 0, 0, 0, 0, 0], [3, 0, 4, 779, 1, 0, 0, 0, 0, 0, 0, 0, 0, 0], [1, 0, 2, 13, 145, 0, 0, 0, 0, 0, 0, 0, 0, 0], [0, 0, 0, 1, 0, 375, 0, 0, 0, 0, 0, 0, 0, 0], [0, 1, 0, 0, 0, 0, 91, 0, 0, 0, 0, 0, 0, 0], [0, 0, 0, 0, 0, 0, 0, 1, 1, 0, 0, 0, 0, 0], [1, 0, 1, 5, 0, 0, 0, 0, 29, 0, 0, 0, 0, 0], [0, 0, 0, 0, 0, 1, 0, 0, 0, 13, 0, 0, 0, 0], [0, 0, 0, 0, 0, 0, 0, 0, 0, 0, 7, 0, 0, 0], [0, 0, 4, 0, 0, 1, 0, 0, 0, 0, 0, 49, 0, 0], [0, 0, 0, 0, 0, 1, 0, 0, 0, 0, 0, 0, 0, 0], [0, 0, 0, 0, 0, 0, 0, 0, 0, 2, 0, 0, 0, 0]]",/home/gzou/scib_reproduce/outputs/baseline_extension_v1_1/sclsc_refonly/pancreas/heldout_inDrop3/seed_42/embedding.npz,e9f488880c903953b8492d45b67107dbd0dddf8f5f4aefa463e8dfa0394beaf7,,,,,
pancreas,inDrop3,sclsc_refonly,43,common_distance_weighted_15nn,0.8272272071256329,0.8715438690258281,1.0,,,12777.0,12777,3605,16.0,"[""acinar"", ""activated_stellate"", ""alpha"", ""beta"", ""delta"", ""ductal"", ""endothelial"", ""epsilon"", ""gamma"", ""macrophage"", ""mast"", ""quiescent_stellate"", ""schwann"", ""t_cell""]","[[667, 3, 0, 1, 1, 167, 0, 0, 0, 0, 0, 2, 2, 0], [0, 95, 0, 2, 0, 0, 0, 0, 0, 0, 0, 3, 0, 0], [1, 0, 1126, 2, 0, 0, 0, 0, 1, 0, 0, 0, 0, 0], [3, 0, 3, 780, 1, 0, 0, 0, 0, 0, 0, 0, 0, 0], [0, 0, 0, 14, 146, 1, 0, 0, 0, 0, 0, 0, 0, 0], [0, 0, 0, 2, 0, 374, 0, 0, 0, 0, 0, 0, 0, 0], [0, 0, 0, 2, 0, 0, 87, 0, 0, 0, 0, 3, 0, 0], [0, 0, 0, 0, 0, 0, 0, 2, 0, 0, 0, 0, 0, 0], [0, 0, 1, 4, 0, 0, 0, 0, 31, 0, 0, 0, 0, 0], [0, 0, 0, 1, 0, 0, 0, 0, 0, 12, 1, 0, 0, 0], [0, 0, 0, 0, 0, 0, 0, 0, 0, 0, 7, 0, 0, 0], [0, 0, 4, 0, 0, 0, 1, 0, 0, 0, 0, 49, 0, 0], [0, 0, 0, 0, 0, 0, 0, 0, 0, 0, 0, 0, 1, 0], [0, 0, 0, 0, 0, 0, 0, 0, 0, 0, 2, 0, 0, 0]]",/home/gzou/scib_reproduce/outputs/baseline_extension_v1_1/sclsc_refonly/pancreas/heldout_inDrop3/seed_43/embedding.npz,d5c60ea9dd0ce5b82b23dd9c97f890b73af2dab9574e5392349b965eb12773cd,,,,,
pancreas,inDrop3,sclsc_refonly,44,common_distance_weighted_15nn,0.8769237381475694,0.8863840831824863,1.0,,,12777.0,12777,3605,16.0,"[""acinar"", ""activated_stellate"", ""alpha"", ""beta"", ""delta"", ""ductal"", ""endothelial"", ""epsilon"", ""gamma"", ""macrophage"", ""mast"", ""quiescent_stellate"", ""schwann"", ""t_cell""]","[[666, 3, 0, 0, 0, 171, 1, 0, 0, 0, 0, 2, 0, 0], [0, 92, 0, 3, 0, 0, 1, 0, 0, 0, 0, 4, 0, 0], [1, 0, 1126, 2, 0, 0, 0, 0, 1, 0, 0, 0, 0, 0], [3, 0, 1, 781, 2, 0, 0, 0, 0, 0, 0, 0, 0, 0], [1, 0, 0, 16, 144, 0, 0, 0, 0, 0, 0, 0, 0, 0], [0, 0, 1, 2, 0, 373, 0, 0, 0, 0, 0, 0, 0, 0], [0, 0, 0, 0, 0, 0, 92, 0, 0, 0, 0, 0, 0, 0], [0, 0, 0, 0, 0, 0, 0, 2, 0, 0, 0, 0, 0, 0], [0, 0, 1, 1, 0, 1, 0, 0, 33, 0, 0, 0, 0, 0], [0, 0, 0, 0, 0, 0, 0, 0, 0, 14, 0, 0, 0, 0], [0, 0, 0, 0, 0, 0, 0, 0, 0, 0, 7, 0, 0, 0], [0, 0, 4, 0, 0, 1, 0, 0, 0, 0, 0, 49, 0, 0], [0, 0, 0, 0, 0, 0, 0, 0, 0, 0, 0, 0, 1, 0], [0, 0, 0, 0, 0, 0, 0, 0, 0, 1, 1, 0, 0, 0]]",/home/gzou/scib_reproduce/outputs/baseline_extension_v1_1/sclsc_refonly/pancreas/heldout_inDrop3/seed_44/embedding.npz,9d4cded17b3bde5be7e44a86352eca4a615eda7b7c46bf680bf80b827ed15f53,,,,,
immune_cell_human,10X,sclsc_refonly,40,official_sclsc_unweighted_10nn_training_subset,0.8807790224755161,0.8672946095688955,1.0,,,20501.0,22779,10727,16.0,"[""CD14+ Monocytes"", ""CD16+ Monocytes"", ""CD20+ B cells"", ""CD4+ T cells"", ""CD8+ T cells"", ""HSPCs"", ""Megakaryocyte progenitors"", ""Monocyte-derived dendritic cells"", ""NK cells"", ""NKT cells"", ""Plasma cells"", ""Plasmacytoid dendritic cells""]","[[3347, 39, 0, 1, 0, 0, 0, 0, 1, 0, 0, 0], [19, 345, 0, 0, 0, 0, 0, 0, 0, 0, 0, 0], [0, 0, 1523, 3, 3, 0, 1, 0, 6, 10, 0, 0], [0, 0, 0, 2880, 34, 0, 5, 0, 0, 18, 0, 0], [0, 0, 0, 24, 326, 0, 0, 0, 0, 0, 0, 0], [0, 0, 1, 0, 0, 21, 5, 0, 0, 1, 0, 0], [0, 0, 0, 0, 0, 0, 21, 0, 0, 0, 0, 0], [60, 0, 0, 0, 0, 0, 0, 122, 0, 0, 0, 0], [0, 0, 0, 3, 0, 0, 0, 0, 605, 148, 0, 0], [0, 0, 1, 68, 31, 0, 0, 0, 28, 928, 0, 0], [0, 0, 8, 0, 0, 0, 0, 0, 0, 0, 9, 1], [0, 0, 2, 0, 0, 0, 0, 0, 0, 0, 0, 79]]",/home/gzou/scib_reproduce/outputs/baseline_extension_v1_1/sclsc_refonly/immune_cell_human/heldout_10X/seed_40/embedding.npz,f3ddb116863a80979ddbd36a848a619daca6a59ccc0318b7677b458f966e002f,,,,,
immune_cell_human,10X,sclsc_refonly,41,official_sclsc_unweighted_10nn_training_subset,0.8184215827159869,0.8737935511577036,1.0,,,20501.0,22779,10727,16.0,"[""CD14+ Monocytes"", ""CD16+ Monocytes"", ""CD20+ B cells"", ""CD4+ T cells"", ""CD8+ T cells"", ""HSPCs"", ""Megakaryocyte progenitors"", ""Monocyte progenitors"", ""Monocyte-derived dendritic cells"", ""NK cells"", ""NKT cells"", ""Plasma cells"", ""Plasmacytoid dendritic cells""]","[[3353, 32, 0, 3, 0, 0, 0, 0, 0, 0, 0, 0, 0], [25, 338, 0, 1, 0, 0, 0, 0, 0, 0, 0, 0, 0], [0, 0, 1534, 3, 0, 0, 0, 0, 0, 1, 8, 0, 0], [0, 0, 0, 2885, 37, 0, 5, 0, 0, 0, 10, 0, 0], [0, 0, 0, 21, 329, 0, 0, 0, 0, 0, 0, 0, 0], [0, 0, 1, 0, 0, 20, 6, 1, 0, 0, 0, 0, 0], [0, 0, 0, 0, 0, 0, 21, 0, 0, 0, 0, 0, 0], [0, 0, 0, 0, 0, 0, 0, 0, 0, 0, 0, 0, 0], [50, 0, 0, 0, 0, 0, 0, 0, 132, 0, 0, 0, 0], [0, 0, 0, 2, 0, 0, 0, 0, 0, 611, 143, 0, 0], [0, 0, 0, 81, 41, 0, 0, 0, 0, 37, 897, 0, 0], [0, 0, 5, 3, 0, 0, 0, 0, 0, 0, 0, 10, 0], [0, 0, 0, 0, 0, 0, 0, 0, 0, 0, 0, 0, 81]]",/home/gzou/scib_reproduce/outputs/baseline_extension_v1_1/sclsc_refonly/immune_cell_human/heldout_10X/seed_41/embedding.npz,761fc01101d14ef4078f12ca43211326bc1f69086255cdf59b046377ad4b7f37,,,,,
immune_cell_human,10X,sclsc_refonly,42,official_sclsc_unweighted_10nn_training_subset,0.8918942194815246,0.8799801888605239,1.0,,,20501.0,22779,10727,16.0,"[""CD14+ Monocytes"", ""CD16+ Monocytes"", ""CD20+ B cells"", ""CD4+ T cells"", ""CD8+ T cells"", ""HSPCs"", ""Megakaryocyte progenitors"", ""Monocyte-derived dendritic cells"", ""NK cells"", ""NKT cells"", ""Plasma cells"", ""Plasmacytoid dendritic cells""]","[[3334, 49, 0, 3, 0, 0, 0, 1, 0, 1, 0, 0], [17, 347, 0, 0, 0, 0, 0, 0, 0, 0, 0, 0], [0, 0, 1525, 4, 1, 0, 0, 0, 2, 14, 0, 0], [0, 0, 0, 2879, 33, 0, 3, 0, 0, 22, 0, 0], [0, 0, 0, 20, 329, 0, 0, 0, 0, 1, 0, 0], [0, 0, 0, 1, 0, 23, 4, 0, 0, 0, 0, 0], [0, 0, 0, 0, 0, 0, 21, 0, 0, 0, 0, 0], [40, 0, 0, 0, 0, 0, 0, 142, 0, 0, 0, 0], [0, 0, 0, 4, 0, 0, 0, 0, 585, 167, 0, 0], [0, 0, 0, 54, 41, 0, 0, 0, 15, 946, 0, 0], [0, 0, 5, 4, 0, 0, 0, 0, 0, 1, 8, 0], [0, 0, 0, 0, 0, 0, 0, 0, 0, 0, 0, 81]]",/home/gzou/scib_reproduce/outputs/baseline_extension_v1_1/sclsc_refonly/immune_cell_human/heldout_10X/seed_42/embedding.npz,ef88eb20bc93ef7c4ccd08a58a49c886de8a3805be109645a2990f2fb600a7d0,,,,,
immune_cell_human,10X,sclsc_refonly,43,official_sclsc_unweighted_10nn_training_subset,0.8137330108395306,0.8738516010490341,1.0,,,20501.0,22779,10727,16.0,"[""CD14+ Monocytes"", ""CD16+ Monocytes"", ""CD20+ B cells"", ""CD4+ T cells"", ""CD8+ T cells"", ""HSPCs"", ""Megakaryocyte progenitors"", ""Monocyte progenitors"", ""Monocyte-derived dendritic cells"", ""NK cells"", ""NKT cells"", ""Plasma cells"", ""Plasmacytoid dendritic cells""]","[[3340, 45, 0, 1, 0, 0, 0, 0, 1, 1, 0, 0, 0], [22, 342, 0, 0, 0, 0, 0, 0, 0, 0, 0, 0, 0], [0, 0, 1521, 6, 0, 0, 0, 0, 0, 12, 6, 1, 0], [0, 0, 0, 2889, 26, 0, 5, 0, 0, 0, 17, 0, 0], [0, 0, 0, 22, 327, 0, 0, 0, 0, 0, 1, 0, 0], [0, 0, 0, 2, 0, 18, 7, 1, 0, 0, 0, 0, 0], [0, 0, 0, 0, 0, 0, 21, 0, 0, 0, 0, 0, 0], [0, 0, 0, 0, 0, 0, 0, 0, 0, 0, 0, 0, 0], [41, 0, 0, 0, 0, 0, 0, 0, 141, 0, 0, 0, 0], [0, 0, 0, 1, 0, 0, 0, 0, 0, 599, 156, 0, 0], [0, 0, 0, 61, 43, 0, 0, 0, 0, 54, 898, 0, 0], [0, 0, 7, 0, 0, 0, 0, 0, 0, 0, 0, 11, 0], [0, 0, 1, 0, 0, 0, 0, 0, 0, 0, 0, 0, 80]]",/home/gzou/scib_reproduce/outputs/baseline_extension_v1_1/sclsc_refonly/immune_cell_human/heldout_10X/seed_43/embedding.npz,3608d82c5acfb1893f0d35ece467aa824880f53b1bf0fdcefd7eb5040ebedb25,,,,,
immune_cell_human,10X,sclsc_refonly,44,official_sclsc_unweighted_10nn_training_subset,0.8880708686330453,0.8762655433656418,1.0,,,20501.0,22779,10727,16.0,"[""CD14+ Monocytes"", ""CD16+ Monocytes"", ""CD20+ B cells"", ""CD4+ T cells"", ""CD8+ T cells"", ""HSPCs"", ""Megakaryocyte progenitors"", ""Monocyte-derived dendritic cells"", ""NK cells"", ""NKT cells"", ""Plasma cells"", ""Plasmacytoid dendritic cells""]","[[3336, 51, 0, 1, 0, 0, 0, 0, 0, 0, 0, 0], [19, 345, 0, 0, 0, 0, 0, 0, 0, 0, 0, 0], [0, 0, 1527, 3, 2, 0, 0, 0, 1, 13, 0, 0], [0, 0, 0, 2882, 35, 1, 4, 0, 1, 14, 0, 0], [0, 0, 0, 39, 310, 0, 0, 0, 0, 1, 0, 0], [0, 0, 1, 1, 0, 22, 4, 0, 0, 0, 0, 0], [0, 0, 0, 0, 0, 0, 21, 0, 0, 0, 0, 0], [46, 1, 0, 0, 0, 0, 0, 135, 0, 0, 0, 0], [1, 0, 0, 0, 0, 0, 0, 0, 590, 165, 0, 0], [0, 0, 0, 74, 52, 0, 0, 0, 17, 913, 0, 0], [0, 0, 7, 1, 0, 0, 0, 0, 0, 0, 10, 0], [0, 0, 0, 0, 0, 0, 0, 0, 0, 0, 0, 81]]",/home/gzou/scib_reproduce/outputs/baseline_extension_v1_1/sclsc_refonly/immune_cell_human/heldout_10X/seed_44/embedding.npz,62fd53ef1a2198dd2a72d109263581034d0faa8dad5025f5acbf899aa5fcf684,,,,,
immune_cell_human,Oetjen_A,sclsc_refonly,40,official_sclsc_unweighted_10nn_training_subset,0.8387837747191347,0.8794276690162994,1.0,,,27828.0,30920,2586,16.0,"[""CD10+ B cells"", ""CD14+ Monocytes"", ""CD16+ Monocytes"", ""CD20+ B cells"", ""CD4+ T cells"", ""CD8+ T cells"", ""Erythrocytes"", ""Erythroid progenitors"", ""HSPCs"", ""Megakaryocyte progenitors"", ""Monocyte progenitors"", ""Monocyte-derived dendritic cells"", ""NK cells"", ""NKT cells"", ""Plasma cells"", ""Plasmacytoid dendritic cells""]","[[77, 0, 0, 2, 5, 0, 0, 0, 2, 0, 5, 0, 0, 0, 0, 0], [0, 340, 4, 0, 0, 0, 0, 0, 0, 0, 2, 2, 0, 2, 0, 0], [0, 1, 60, 0, 0, 0, 0, 0, 0, 0, 0, 0, 0, 0, 0, 0], [0, 0, 0, 43, 0, 0, 0, 0, 0, 0, 0, 0, 0, 0, 0, 0], [0, 0, 0, 2, 454, 121, 0, 0, 0, 0, 0, 0, 0, 0, 0, 0], [0, 0, 0, 0, 6, 87, 0, 0, 0, 0, 0, 0, 0, 0, 0, 0], [0, 2, 0, 0, 0, 0, 176, 7, 0, 0, 0, 0, 1, 0, 0, 0], [1, 0, 0, 0, 0, 0, 3, 83, 0, 24, 0, 1, 0, 0, 0, 0], [0, 2, 0, 0, 4, 0, 0, 0, 187, 2, 23, 3, 1, 2, 1, 2], [0, 2, 0, 0, 1, 0, 0, 0, 13, 56, 0, 0, 0, 0, 0, 0], [0, 51, 0, 0, 0, 0, 0, 0, 0, 0, 129, 1, 0, 0, 2, 0], [0, 8, 0, 0, 0, 0, 0, 0, 2, 0, 0, 79, 0, 0, 0, 0], [0, 0, 0, 0, 0, 0, 0, 0, 0, 0, 0, 0, 25, 1, 0, 0], [0, 0, 0, 4, 69, 5, 0, 0, 0, 0, 0, 0, 37, 274, 0, 0], [0, 0, 0, 0, 0, 0, 0, 0, 0, 0, 0, 0, 0, 0, 33, 0], [0, 0, 0, 0, 0, 0, 0, 0, 0, 0, 0, 0, 0, 0, 0, 54]]",/home/gzou/scib_reproduce/outputs/baseline_extension_v1_1/sclsc_refonly/immune_cell_human/heldout_Oetjen_A/seed_40/embedding.npz,b53fa1c012b4a851efbeab9d044aa0bad330e2fbe7469e6579f16891d5053d83,,,,,
immune_cell_human,Oetjen_A,sclsc_refonly,41,official_sclsc_unweighted_10nn_training_subset,0.8380074345908564,0.8719841283877203,1.0,,,27828.0,30920,2586,16.0,"[""CD10+ B cells"", ""CD14+ Monocytes"", ""CD16+ Monocytes"", ""CD20+ B cells"", ""CD4+ T cells"", ""CD8+ T cells"", ""Erythrocytes"", ""Erythroid progenitors"", ""HSPCs"", ""Megakaryocyte progenitors"", ""Monocyte progenitors"", ""Monocyte-derived dendritic cells"", ""NK cells"", ""NKT cells"", ""Plasma cells"", ""Plasmacytoid dendritic cells""]","[[78, 0, 0, 2, 0, 0, 0, 0, 10, 0, 1, 0, 0, 0, 0, 0], [0, 339, 2, 0, 3, 0, 0, 0, 0, 0, 1, 4, 1, 0, 0, 0], [0, 1, 60, 0, 0, 0, 0, 0, 0, 0, 0, 0, 0, 0, 0, 0], [0, 0, 0, 43, 0, 0, 0, 0, 0, 0, 0, 0, 0, 0, 0, 0], [0, 0, 0, 1, 455, 120, 0, 0, 0, 0, 0, 0, 0, 1, 0, 0], [0, 0, 0, 0, 10, 83, 0, 0, 0, 0, 0, 0, 0, 0, 0, 0], [0, 2, 0, 0, 0, 1, 177, 6, 0, 0, 0, 0, 0, 0, 0, 0], [1, 0, 0, 0, 0, 0, 0, 75, 0, 35, 0, 1, 0, 0, 0, 0], [0, 2, 0, 1, 8, 0, 0, 0, 184, 2, 25, 0, 1, 0, 0, 4], [0, 2, 0, 0, 1, 0, 0, 0, 12, 57, 0, 0, 0, 0, 0, 0], [0, 44, 0, 0, 0, 0, 0, 0, 0, 0, 137, 2, 0, 0, 0, 0], [0, 2, 0, 0, 1, 0, 0, 0, 0, 0, 5, 81, 0, 0, 0, 0], [0, 0, 0, 1, 0, 0, 0, 0, 0, 0, 0, 0, 24, 1, 0, 0], [1, 0, 0, 4, 83, 8, 0, 0, 0, 0, 0, 0, 26, 267, 0, 0], [0, 0, 0, 0, 0, 0, 0, 0, 0, 0, 0, 0, 0, 1, 32, 0], [0, 0, 0, 0, 0, 0, 0, 0, 0, 0, 0, 0, 0, 0, 0, 54]]",/home/gzou/scib_reproduce/outputs/baseline_extension_v1_1/sclsc_refonly/immune_cell_human/heldout_Oetjen_A/seed_41/embedding.npz,5ad24ac17886f74b563c54d7f5ec0f0085466ebbe0edb2fac07046fafa376322,,,,,
immune_cell_human,Oetjen_A,sclsc_refonly,42,official_sclsc_unweighted_10nn_training_subset,0.8365127115416296,0.8819930243547176,1.0,,,27828.0,30920,2586,16.0,"[""CD10+ B cells"", ""CD14+ Monocytes"", ""CD16+ Monocytes"", ""CD20+ B cells"", ""CD4+ T cells"", ""CD8+ T cells"", ""Erythrocytes"", ""Erythroid progenitors"", ""HSPCs"", ""Megakaryocyte progenitors"", ""Monocyte progenitors"", ""Monocyte-derived dendritic cells"", ""NK cells"", ""NKT cells"", ""Plasma cells"", ""Plasmacytoid dendritic cells""]","[[71, 0, 0, 2, 5, 1, 0, 0, 6, 0, 5, 0, 0, 0, 1, 0], [0, 340, 2, 0, 1, 0, 0, 0, 0, 0, 1, 5, 0, 1, 0, 0], [0, 0, 61, 0, 0, 0, 0, 0, 0, 0, 0, 0, 0, 0, 0, 0], [0, 0, 0, 43, 0, 0, 0, 0, 0, 0, 0, 0, 0, 0, 0, 0], [0, 0, 0, 1, 462, 114, 0, 0, 0, 0, 0, 0, 0, 0, 0, 0], [0, 0, 0, 0, 10, 83, 0, 0, 0, 0, 0, 0, 0, 0, 0, 0], [0, 2, 0, 0, 0, 0, 177, 7, 0, 0, 0, 0, 0, 0, 0, 0], [1, 1, 0, 0, 0, 0, 3, 82, 0, 25, 0, 0, 0, 0, 0, 0], [0, 2, 0, 0, 6, 0, 0, 0, 180, 9, 22, 0, 2, 2, 1, 3], [0, 1, 0, 0, 2, 0, 0, 0, 7, 62, 0, 0, 0, 0, 0, 0], [0, 42, 0, 0, 0, 0, 0, 0, 1, 0, 136, 4, 0, 0, 0, 0], [0, 4, 0, 0, 0, 0, 0, 0, 0, 0, 2, 83, 0, 0, 0, 0], [0, 0, 0, 0, 0, 0, 0, 0, 0, 0, 0, 0, 26, 0, 0, 0], [0, 0, 0, 5, 62, 9, 0, 0, 0, 0, 0, 0, 47, 266, 0, 0], [0, 0, 0, 0, 0, 0, 0, 0, 0, 0, 0, 0, 0, 1, 32, 0], [0, 0, 0, 0, 0, 0, 0, 0, 0, 0, 0, 0, 0, 0, 0, 54]]",/home/gzou/scib_reproduce/outputs/baseline_extension_v1_1/sclsc_refonly/immune_cell_human/heldout_Oetjen_A/seed_42/embedding.npz,6a66f15ffac9fba1d32867d6990f1bdd44593198f3498a059e43a17e2c73e12c,,,,,
immune_cell_human,Oetjen_A,sclsc_refonly,43,official_sclsc_unweighted_10nn_training_subset,0.8431257449265539,0.8764598872404923,1.0,,,27828.0,30920,2586,16.0,"[""CD10+ B cells"", ""CD14+ Monocytes"", ""CD16+ Monocytes"", ""CD20+ B cells"", ""CD4+ T cells"", ""CD8+ T cells"", ""Erythrocytes"", ""Erythroid progenitors"", ""HSPCs"", ""Megakaryocyte progenitors"", ""Monocyte progenitors"", ""Monocyte-derived dendritic cells"", ""NK cells"", ""NKT cells"", ""Plasma cells"", ""Plasmacytoid dendritic cells""]","[[76, 0, 0, 2, 2, 1, 0, 0, 8, 0, 2, 0, 0, 0, 0, 0], [0, 338, 3, 0, 0, 0, 0, 0, 0, 0, 4, 3, 0, 2, 0, 0], [0, 0, 61, 0, 0, 0, 0, 0, 0, 0, 0, 0, 0, 0, 0, 0], [0, 0, 0, 43, 0, 0, 0, 0, 0, 0, 0, 0, 0, 0, 0, 0], [0, 0, 0, 1, 473, 102, 0, 1, 0, 0, 0, 0, 0, 0, 0, 0], [0, 0, 0, 0, 11, 82, 0, 0, 0, 0, 0, 0, 0, 0, 0, 0], [0, 2, 0, 0, 0, 0, 181, 3, 0, 0, 0, 0, 0, 0, 0, 0], [1, 0, 0, 0, 1, 0, 6, 85, 0, 18, 0, 1, 0, 0, 0, 0], [0, 2, 0, 0, 3, 0, 0, 0, 180, 6, 29, 2, 1, 0, 0, 4], [0, 1, 0, 0, 1, 0, 0, 0, 15, 55, 0, 0, 0, 0, 0, 0], [0, 55, 0, 0, 0, 0, 0, 0, 0, 0, 127, 1, 0, 0, 0, 0], [0, 9, 0, 0, 0, 0, 0, 0, 0, 0, 1, 79, 0, 0, 0, 0], [0, 0, 0, 1, 0, 0, 0, 0, 0, 0, 0, 0, 25, 0, 0, 0], [0, 0, 0, 4, 77, 9, 1, 0, 0, 0, 0, 0, 30, 268, 0, 0], [0, 0, 0, 0, 0, 0, 0, 0, 0, 0, 0, 0, 0, 0, 33, 0], [0, 0, 0, 0, 0, 0, 0, 0, 0, 0, 0, 0, 0, 0, 0, 54]]",/home/gzou/scib_reproduce/outputs/baseline_extension_v1_1/sclsc_refonly/immune_cell_human/heldout_Oetjen_A/seed_43/embedding.npz,573f16310ea2edfea9bd5c989496f3f286ae69bbe2208abb7379ac131e0035f6,,,,,
immune_cell_human,Oetjen_A,sclsc_refonly,44,official_sclsc_unweighted_10nn_training_subset,0.8394887169416706,0.8819973888118586,1.0,,,27828.0,30920,2586,16.0,"[""CD10+ B cells"", ""CD14+ Monocytes"", ""CD16+ Monocytes"", ""CD20+ B cells"", ""CD4+ T cells"", ""CD8+ T cells"", ""Erythrocytes"", ""Erythroid progenitors"", ""HSPCs"", ""Megakaryocyte progenitors"", ""Monocyte progenitors"", ""Monocyte-derived dendritic cells"", ""NK cells"", ""NKT cells"", ""Plasma cells"", ""Plasmacytoid dendritic cells""]","[[73, 0, 0, 5, 4, 0, 0, 0, 1, 0, 8, 0, 0, 0, 0, 0], [0, 338, 2, 0, 0, 0, 0, 0, 1, 0, 1, 6, 0, 2, 0, 0], [0, 0, 61, 0, 0, 0, 0, 0, 0, 0, 0, 0, 0, 0, 0, 0], [0, 0, 0, 43, 0, 0, 0, 0, 0, 0, 0, 0, 0, 0, 0, 0], [0, 0, 0, 1, 478, 97, 0, 0, 0, 0, 0, 0, 0, 1, 0, 0], [0, 0, 0, 0, 11, 82, 0, 0, 0, 0, 0, 0, 0, 0, 0, 0], [0, 2, 0, 0, 0, 1, 179, 3, 0, 0, 0, 0, 1, 0, 0, 0], [1, 0, 0, 0, 0, 0, 3, 80, 0, 27, 0, 1, 0, 0, 0, 0], [0, 2, 0, 1, 1, 1, 0, 0, 191, 3, 20, 0, 1, 3, 0, 4], [0, 1, 0, 0, 2, 0, 0, 0, 6, 63, 0, 0, 0, 0, 0, 0], [0, 47, 0, 0, 1, 0, 0, 0, 0, 0, 131, 4, 0, 0, 0, 0], [0, 3, 0, 0, 0, 0, 0, 0, 0, 0, 2, 84, 0, 0, 0, 0], [0, 0, 0, 1, 0, 0, 0, 0, 0, 0, 0, 0, 24, 1, 0, 0], [0, 1, 0, 4, 76, 4, 0, 0, 0, 0, 0, 0, 48, 256, 0, 0], [0, 0, 0, 0, 0, 0, 0, 0, 0, 0, 0, 0, 0, 0, 33, 0], [0, 0, 0, 0, 0, 0, 0, 0, 0, 0, 0, 0, 0, 0, 0, 54]]",/home/gzou/scib_reproduce/outputs/baseline_extension_v1_1/sclsc_refonly/immune_cell_human/heldout_Oetjen_A/seed_44/embedding.npz,7a76801d71e1e28b960db8f73db6ad626303358115741651b6f1c82610133b1b,,,,,
immune_cell_human,Villani,sclsc_refonly,40,official_sclsc_unweighted_10nn_training_subset,0.6257526266320481,0.6890841390122812,1.0,,,29235.0,32484,1022,16.0,"[""CD14+ Monocytes"", ""CD16+ Monocytes"", ""Monocyte-derived dendritic cells"", ""Plasmacytoid dendritic cells""]","[[145, 0, 0, 0], [154, 18, 0, 0], [32, 154, 348, 0], [0, 0, 0, 171]]",/home/gzou/scib_reproduce/outputs/baseline_extension_v1_1/sclsc_refonly/immune_cell_human/heldout_Villani/seed_40/embedding.npz,686ec5bf04d13ef1e4672cabfa5c9e12d85915a5871ca36c5391dfc9668d2200,,,,,
immune_cell_human,Villani,sclsc_refonly,41,official_sclsc_unweighted_10nn_training_subset,0.3622279595615801,0.6964728832343693,1.0,,,29235.0,32484,1022,16.0,"[""CD14+ Monocytes"", ""CD16+ Monocytes"", ""CD20+ B cells"", ""HSPCs"", ""Monocyte progenitors"", ""Monocyte-derived dendritic cells"", ""Plasmacytoid dendritic cells""]","[[144, 0, 0, 0, 1, 0, 0], [139, 32, 0, 1, 0, 0, 0], [0, 0, 0, 0, 0, 0, 0], [0, 0, 0, 0, 0, 0, 0], [0, 0, 0, 0, 0, 0, 0], [45, 163, 1, 0, 0, 324, 1], [0, 0, 0, 0, 0, 0, 171]]",/home/gzou/scib_reproduce/outputs/baseline_extension_v1_1/sclsc_refonly/immune_cell_human/heldout_Villani/seed_41/embedding.npz,276dc7bf1c1ecbd7587bc29ae75cd0613e28acb7a2768dccc5ba0c174a8d6d94,,,,,
immune_cell_human,Villani,sclsc_refonly,42,official_sclsc_unweighted_10nn_training_subset,0.6507963523136532,0.7061083679482443,1.0,,,29235.0,32484,1022,16.0,"[""CD14+ Monocytes"", ""CD16+ Monocytes"", ""Monocyte-derived dendritic cells"", ""Plasmacytoid dendritic cells""]","[[144, 1, 0, 0], [134, 28, 10, 0], [16, 161, 357, 0], [0, 0, 0, 171]]",/home/gzou/scib_reproduce/outputs/baseline_extension_v1_1/sclsc_refonly/immune_cell_human/heldout_Villani/seed_42/embedding.npz,eb7a64d3446ef72539a8fff5c23647217bda489f4a06cffd4d18c54b16ae1daf,,,,,
immune_cell_human,Villani,sclsc_refonly,43,official_sclsc_unweighted_10nn_training_subset,0.6882864175734442,0.7362629862231153,1.0,,,29235.0,32484,1022,16.0,"[""CD14+ Monocytes"", ""CD16+ Monocytes"", ""Monocyte-derived dendritic cells"", ""Plasmacytoid dendritic cells""]","[[143, 1, 1, 0], [112, 48, 12, 0], [4, 167, 363, 0], [0, 0, 0, 171]]",/home/gzou/scib_reproduce/outputs/baseline_extension_v1_1/sclsc_refonly/immune_cell_human/heldout_Villani/seed_43/embedding.npz,28b5f8edec7dff0c10172624d6899de9d7bfd5d6d39938799474b463bd597cc8,,,,,
immune_cell_human,Villani,sclsc_refonly,44,official_sclsc_unweighted_10nn_training_subset,0.7330723112376386,0.7869118844027163,1.0,,,29235.0,32484,1022,16.0,"[""CD14+ Monocytes"", ""CD16+ Monocytes"", ""Monocyte-derived dendritic cells"", ""Plasmacytoid dendritic cells""]","[[143, 2, 0, 0], [84, 88, 0, 0], [15, 172, 347, 0], [0, 0, 0, 171]]",/home/gzou/scib_reproduce/outputs/baseline_extension_v1_1/sclsc_refonly/immune_cell_human/heldout_Villani/seed_44/embedding.npz,9c1e4b11d51955405a409f27467ae79b5c29f25ec35bf7755cec4a46852ff7d6,,,,,
lung_atlas,3,sclsc_refonly,40,official_sclsc_unweighted_10nn_training_subset,0.6939207534666586,0.84716574789214,1.0,,,28809.0,32010,462,16.0,"[""B cell"", ""Ciliated"", ""Dendritic cell"", ""Endothelium"", ""Fibroblast"", ""Macrophage"", ""Mast cell"", ""Neutrophil_CD14_high"", ""Neutrophils_IL1R2"", ""Secretory"", ""T/NK cell"", ""Type 2""]","[[3, 0, 0, 0, 0, 0, 0, 0, 0, 0, 0, 0], [0, 10, 0, 0, 0, 0, 0, 0, 0, 1, 0, 1], [0, 0, 94, 0, 0, 4, 0, 0, 0, 0, 0, 0], [0, 0, 0, 0, 0, 0, 0, 0, 0, 0, 0, 0], [0, 0, 0, 0, 25, 0, 0, 0, 0, 0, 0, 0], [0, 0, 0, 0, 0, 8, 0, 0, 0, 0, 0, 0], [0, 0, 0, 1, 0, 0, 97, 0, 0, 0, 0, 0], [0, 0, 4, 0, 0, 1, 0, 8, 0, 0, 0, 0], [0, 0, 5, 0, 0, 3, 0, 2, 1, 0, 0, 0], [0, 0, 0, 0, 0, 0, 0, 0, 0, 0, 0, 0], [0, 0, 0, 0, 0, 0, 0, 1, 0, 0, 58, 0], [0, 0, 0, 0, 0, 0, 0, 0, 0, 0, 0, 135]]",/home/gzou/scib_reproduce/outputs/baseline_extension_v1_1/sclsc_refonly/lung_atlas/heldout_3/seed_40/embedding.npz,ab731a6a7b44d2ed5f1a5280b18ec92cd0e38a79dd56a7972269b8e5cbd655fc,,,,,
lung_atlas,3,sclsc_refonly,41,official_sclsc_unweighted_10nn_training_subset,0.696033942781352,0.8718125296817792,1.0,,,28809.0,32010,462,16.0,"[""B cell"", ""Ciliated"", ""Dendritic cell"", ""Endothelium"", ""Fibroblast"", ""Macrophage"", ""Mast cell"", ""Neutrophil_CD14_high"", ""Neutrophils_IL1R2"", ""Secretory"", ""T/NK cell"", ""Type 2""]","[[3, 0, 0, 0, 0, 0, 0, 0, 0, 0, 0, 0], [0, 10, 0, 0, 0, 0, 0, 0, 0, 1, 0, 1], [0, 0, 88, 0, 0, 7, 0, 3, 0, 0, 0, 0], [0, 0, 0, 0, 0, 0, 0, 0, 0, 0, 0, 0], [0, 0, 0, 0, 25, 0, 0, 0, 0, 0, 0, 0], [0, 0, 0, 0, 0, 8, 0, 0, 0, 0, 0, 0], [0, 0, 0, 1, 0, 0, 97, 0, 0, 0, 0, 0], [0, 0, 1, 0, 0, 0, 0, 12, 0, 0, 0, 0], [0, 0, 4, 0, 0, 1, 0, 5, 1, 0, 0, 0], [0, 0, 0, 0, 0, 0, 0, 0, 0, 0, 0, 0], [0, 0, 0, 0, 0, 0, 0, 1, 0, 0, 58, 0], [0, 0, 0, 0, 0, 0, 0, 0, 0, 0, 0, 135]]",/home/gzou/scib_reproduce/outputs/baseline_extension_v1_1/sclsc_refonly/lung_atlas/heldout_3/seed_41/embedding.npz,6a5b65cb733f569bc8263f28e733d4a089334c11c80dc42032af9eb8a4788b5d,,,,,
lung_atlas,3,sclsc_refonly,42,official_sclsc_unweighted_10nn_training_subset,0.7729007193977494,0.8592348128062414,1.0,,,28809.0,32010,462,16.0,"[""B cell"", ""Ciliated"", ""Dendritic cell"", ""Endothelium"", ""Fibroblast"", ""Macrophage"", ""Mast cell"", ""Neutrophil_CD14_high"", ""Neutrophils_IL1R2"", ""T/NK cell"", ""Type 2""]","[[3, 0, 0, 0, 0, 0, 0, 0, 0, 0, 0], [0, 11, 0, 0, 0, 0, 0, 0, 0, 0, 1], [0, 0, 96, 0, 0, 2, 0, 0, 0, 0, 0], [0, 0, 0, 0, 0, 0, 0, 0, 0, 0, 0], [0, 0, 0, 0, 25, 0, 0, 0, 0, 0, 0], [0, 0, 0, 0, 0, 8, 0, 0, 0, 0, 0], [0, 0, 0, 1, 0, 0, 97, 0, 0, 0, 0], [0, 0, 3, 0, 0, 1, 0, 8, 1, 0, 0], [0, 0, 6, 0, 0, 3, 0, 1, 1, 0, 0], [0, 0, 0, 0, 0, 0, 0, 0, 0, 59, 0], [0, 0, 0, 0, 0, 0, 0, 0, 0, 0, 135]]",/home/gzou/scib_reproduce/outputs/baseline_extension_v1_1/sclsc_refonly/lung_atlas/heldout_3/seed_42/embedding.npz,02f87c0ee93b0cde932ff0ccee7d4e5478338abea28b28fbbbb7f2287486bf25,,,,,
lung_atlas,3,sclsc_refonly,43,official_sclsc_unweighted_10nn_training_subset,0.742678440712918,0.8884244891508815,1.0,,,28809.0,32010,462,16.0,"[""B cell"", ""Ciliated"", ""Dendritic cell"", ""Endothelium"", ""Fibroblast"", ""Macrophage"", ""Mast cell"", ""Neutrophil_CD14_high"", ""Neutrophils_IL1R2"", ""Secretory"", ""T/NK cell"", ""Type 2""]","[[3, 0, 0, 0, 0, 0, 0, 0, 0, 0, 0, 0], [0, 10, 0, 0, 0, 0, 0, 0, 0, 1, 0, 1], [0, 0, 94, 0, 0, 2, 0, 2, 0, 0, 0, 0], [0, 0, 0, 0, 0, 0, 0, 0, 0, 0, 0, 0], [0, 0, 0, 0, 25, 0, 0, 0, 0, 0, 0, 0], [0, 0, 0, 0, 0, 8, 0, 0, 0, 0, 0, 0], [0, 0, 0, 1, 0, 0, 97, 0, 0, 0, 0, 0], [0, 0, 2, 0, 0, 0, 0, 11, 0, 0, 0, 0], [0, 0, 6, 0, 0, 1, 0, 1, 3, 0, 0, 0], [0, 0, 0, 0, 0, 0, 0, 0, 0, 0, 0, 0], [0, 0, 0, 0, 0, 0, 1, 0, 0, 0, 58, 0], [0, 0, 0, 0, 0, 0, 0, 0, 0, 0, 0, 135]]",/home/gzou/scib_reproduce/outputs/baseline_extension_v1_1/sclsc_refonly/lung_atlas/heldout_3/seed_43/embedding.npz,25f9d1d09058b1de3cd157f607ec4c033edcfbd8fed77b6f8cd7560923938897,,,,,
lung_atlas,3,sclsc_refonly,44,official_sclsc_unweighted_10nn_training_subset,0.6927592449917173,0.8528184285448208,1.0,,,28809.0,32010,462,16.0,"[""B cell"", ""Ciliated"", ""Dendritic cell"", ""Endothelium"", ""Fibroblast"", ""Macrophage"", ""Mast cell"", ""Neutrophil_CD14_high"", ""Neutrophils_IL1R2"", ""Secretory"", ""T/NK cell"", ""Type 2""]","[[3, 0, 0, 0, 0, 0, 0, 0, 0, 0, 0, 0], [0, 9, 0, 0, 0, 0, 0, 0, 0, 2, 0, 1], [0, 0, 94, 0, 0, 2, 0, 2, 0, 0, 0, 0], [0, 0, 0, 0, 0, 0, 0, 0, 0, 0, 0, 0], [0, 0, 0, 0, 25, 0, 0, 0, 0, 0, 0, 0], [0, 0, 0, 0, 0, 8, 0, 0, 0, 0, 0, 0], [0, 0, 0, 1, 0, 0, 97, 0, 0, 0, 0, 0], [0, 0, 2, 0, 0, 0, 0, 11, 0, 0, 0, 0], [0, 0, 6, 0, 0, 1, 0, 4, 0, 0, 0, 0], [0, 0, 0, 0, 0, 0, 0, 0, 0, 0, 0, 0], [0, 0, 0, 0, 0, 1, 0, 0, 0, 0, 58, 0], [0, 0, 0, 0, 0, 0, 0, 0, 0, 0, 0, 135]]",/home/gzou/scib_reproduce/outputs/baseline_extension_v1_1/sclsc_refonly/lung_atlas/heldout_3/seed_44/embedding.npz,a8ef8a777a0f096eeda04ef79fe0b211bd372d6e7a6f80c752095145b8cb9f02,,,,,
lung_atlas,4,sclsc_refonly,40,official_sclsc_unweighted_10nn_training_subset,0.6348212292041476,0.8151112016979848,1.0,,,25838.0,28709,3763,16.0,"[""B cell"", ""Basal 1"", ""Basal 2"", ""Ciliated"", ""Dendritic cell"", ""Endothelium"", ""Fibroblast"", ""Lymphatic"", ""Macrophage"", ""Neutrophil_CD14_high"", ""Neutrophils_IL1R2"", ""Secretory"", ""T/NK cell"", ""Type 2""]","[[2, 0, 0, 0, 2, 0, 0, 0, 0, 0, 0, 0, 0, 0], [0, 0, 0, 0, 0, 0, 0, 0, 0, 0, 0, 0, 0, 0], [0, 1, 1, 0, 0, 0, 0, 0, 0, 0, 0, 0, 0, 0], [0, 0, 0, 4, 0, 0, 0, 0, 0, 0, 0, 3, 0, 1], [0, 0, 0, 0, 139, 0, 0, 0, 7, 4, 0, 0, 0, 0], [0, 0, 0, 0, 0, 47, 0, 0, 1, 0, 0, 0, 0, 0], [0, 0, 0, 0, 0, 0, 212, 0, 0, 0, 0, 0, 0, 0], [0, 0, 0, 0, 0, 0, 0, 76, 0, 0, 0, 0, 0, 0], [0, 0, 0, 0, 307, 2, 2, 0, 1411, 101, 1, 0, 0, 4], [0, 0, 0, 0, 1, 0, 0, 0, 0, 6, 0, 0, 0, 0], [0, 0, 0, 0, 0, 0, 0, 0, 0, 0, 0, 0, 0, 0], [0, 0, 0, 0, 0, 0, 0, 0, 0, 0, 0, 5, 0, 0], [0, 0, 0, 0, 1, 0, 0, 0, 0, 0, 0, 0, 3, 0], [0, 0, 0, 3, 0, 0, 0, 0, 2, 0, 0, 0, 0, 1414]]",/home/gzou/scib_reproduce/outputs/baseline_extension_v1_1/sclsc_refonly/lung_atlas/heldout_4/seed_40/embedding.npz,2dce0e8de23c7512bdb2887f1b5d93fc632fb0275b39ca0cf823eec05344a2fd,,,,,
lung_atlas,4,sclsc_refonly,41,official_sclsc_unweighted_10nn_training_subset,0.6436915501378877,0.8537614588402397,1.0,,,25838.0,28709,3763,16.0,"[""B cell"", ""Basal 2"", ""Ciliated"", ""Dendritic cell"", ""Endothelium"", ""Fibroblast"", ""Lymphatic"", ""Macrophage"", ""Neutrophil_CD14_high"", ""Neutrophils_IL1R2"", ""Secretory"", ""T/NK cell"", ""Type 2""]","[[3, 0, 0, 0, 0, 0, 0, 0, 0, 0, 0, 1, 0], [0, 2, 0, 0, 0, 0, 0, 0, 0, 0, 0, 0, 0], [0, 1, 3, 0, 0, 0, 0, 0, 0, 0, 3, 0, 1], [0, 0, 0, 140, 0, 0, 0, 5, 3, 0, 0, 2, 0], [0, 0, 0, 0, 47, 0, 0, 0, 0, 0, 0, 1, 0], [0, 0, 0, 0, 0, 212, 0, 0, 0, 0, 0, 0, 0], [0, 0, 0, 0, 0, 0, 76, 0, 0, 0, 0, 0, 0], [2, 0, 1, 342, 3, 3, 0, 1364, 99, 3, 0, 2, 9], [0, 0, 0, 1, 0, 0, 0, 0, 5, 1, 0, 0, 0], [0, 0, 0, 0, 0, 0, 0, 0, 0, 0, 0, 0, 0], [0, 0, 0, 0, 0, 0, 0, 0, 0, 0, 5, 0, 0], [0, 0, 0, 1, 0, 0, 0, 0, 0, 0, 0, 3, 0], [0, 0, 2, 0, 0, 0, 0, 0, 0, 0, 1, 1, 1415]]",/home/gzou/scib_reproduce/outputs/baseline_extension_v1_1/sclsc_refonly/lung_atlas/heldout_4/seed_41/embedding.npz,cc82d590bbfd72d5794673b294d39731875339f026bf11e23aa027fa995d78d5,,,,,
lung_atlas,4,sclsc_refonly,42,official_sclsc_unweighted_10nn_training_subset,0.7492163208297619,0.8722110177301706,1.0,,,25838.0,28709,3763,16.0,"[""B cell"", ""Basal 2"", ""Ciliated"", ""Dendritic cell"", ""Endothelium"", ""Fibroblast"", ""Lymphatic"", ""Macrophage"", ""Neutrophil_CD14_high"", ""Secretory"", ""T/NK cell"", ""Type 2""]","[[3, 0, 0, 0, 0, 0, 0, 0, 0, 0, 1, 0], [0, 2, 0, 0, 0, 0, 0, 0, 0, 0, 0, 0], [0, 1, 4, 0, 0, 0, 0, 0, 0, 2, 0, 1], [0, 0, 0, 135, 0, 0, 0, 7, 8, 0, 0, 0], [0, 0, 0, 1, 47, 0, 0, 0, 0, 0, 0, 0], [0, 0, 0, 0, 0, 212, 0, 0, 0, 0, 0, 0], [0, 0, 0, 0, 0, 0, 76, 0, 0, 0, 0, 0], [0, 0, 0, 296, 2, 2, 0, 1340, 182, 0, 1, 5], [0, 0, 0, 1, 0, 0, 0, 0, 6, 0, 0, 0], [0, 0, 0, 0, 0, 0, 0, 0, 0, 5, 0, 0], [0, 0, 0, 1, 0, 0, 0, 0, 0, 0, 3, 0], [0, 0, 2, 0, 0, 0, 0, 1, 0, 1, 0, 1415]]",/home/gzou/scib_reproduce/outputs/baseline_extension_v1_1/sclsc_refonly/lung_atlas/heldout_4/seed_42/embedding.npz,991e8427d52a85e635d839f2973ccc4e2aa775581a8b310bfafa17e6a0a1a8cc,,,,,
lung_atlas,4,sclsc_refonly,43,official_sclsc_unweighted_10nn_training_subset,0.6930571945668519,0.8574940426899614,1.0,,,25838.0,28709,3763,16.0,"[""B cell"", ""Basal 2"", ""Ciliated"", ""Dendritic cell"", ""Endothelium"", ""Fibroblast"", ""Lymphatic"", ""Macrophage"", ""Neutrophil_CD14_high"", ""Neutrophils_IL1R2"", ""Secretory"", ""T/NK cell"", ""Type 2""]","[[2, 0, 0, 0, 0, 0, 0, 1, 1, 0, 0, 0, 0], [0, 2, 0, 0, 0, 0, 0, 0, 0, 0, 0, 0, 0], [0, 1, 4, 0, 0, 0, 0, 0, 0, 0, 2, 0, 1], [0, 0, 0, 137, 0, 0, 0, 8, 5, 0, 0, 0, 0], [0, 0, 0, 0, 48, 0, 0, 0, 0, 0, 0, 0, 0], [0, 0, 0, 0, 0, 212, 0, 0, 0, 0, 0, 0, 0], [0, 0, 0, 0, 0, 0, 76, 0, 0, 0, 0, 0, 0], [0, 0, 0, 286, 2, 2, 1, 1413, 113, 3, 1, 0, 7], [0, 0, 0, 1, 0, 0, 0, 0, 6, 0, 0, 0, 0], [0, 0, 0, 0, 0, 0, 0, 0, 0, 0, 0, 0, 0], [0, 0, 0, 0, 0, 0, 0, 0, 0, 0, 5, 0, 0], [0, 0, 0, 1, 0, 0, 0, 0, 0, 0, 0, 3, 0], [0, 0, 2, 0, 0, 0, 0, 2, 0, 0, 1, 0, 1414]]",/home/gzou/scib_reproduce/outputs/baseline_extension_v1_1/sclsc_refonly/lung_atlas/heldout_4/seed_43/embedding.npz,b6d59d7d831aeeb21a81db96e1f1fad129c18904f535fccddd3ddb8c10c2e857,,,,,
lung_atlas,4,sclsc_refonly,44,official_sclsc_unweighted_10nn_training_subset,0.6521026553464597,0.8526757741951307,1.0,,,25838.0,28709,3763,16.0,"[""B cell"", ""Basal 2"", ""Ciliated"", ""Dendritic cell"", ""Endothelium"", ""Fibroblast"", ""Lymphatic"", ""Macrophage"", ""Neutrophil_CD14_high"", ""Neutrophils_IL1R2"", ""Secretory"", ""T/NK cell"", ""Type 2""]","[[2, 0, 0, 2, 0, 0, 0, 0, 0, 0, 0, 0, 0], [0, 2, 0, 0, 0, 0, 0, 0, 0, 0, 0, 0, 0], [0, 2, 4, 0, 0, 0, 0, 0, 0, 0, 1, 0, 1], [1, 0, 0, 136, 0, 0, 0, 8, 4, 0, 0, 1, 0], [0, 0, 0, 0, 47, 0, 0, 1, 0, 0, 0, 0, 0], [0, 0, 0, 0, 0, 212, 0, 0, 0, 0, 0, 0, 0], [0, 0, 0, 0, 0, 0, 76, 0, 0, 0, 0, 0, 0], [0, 1, 0, 324, 3, 0, 0, 1355, 134, 1, 1, 1, 8], [0, 0, 0, 1, 0, 0, 0, 0, 6, 0, 0, 0, 0], [0, 0, 0, 0, 0, 0, 0, 0, 0, 0, 0, 0, 0], [0, 0, 0, 0, 0, 0, 0, 0, 0, 0, 5, 0, 0], [0, 0, 0, 0, 0, 0, 0, 0, 0, 1, 0, 3, 0], [0, 0, 2, 0, 0, 0, 0, 0, 0, 0, 1, 0, 1416]]",/home/gzou/scib_reproduce/outputs/baseline_extension_v1_1/sclsc_refonly/lung_atlas/heldout_4/seed_44/embedding.npz,a49e6644fac33634f3ff3b9b894075def3c24b1ddd0c6ba5ca4b20090f033bbd,,,,,
lung_atlas,B1,sclsc_refonly,40,official_sclsc_unweighted_10nn_training_subset,0.707302570994554,0.8736841897960698,1.0,,,27298.0,30332,2140,16.0,"[""B cell"", ""Ciliated"", ""Dendritic cell"", ""Endothelium"", ""Fibroblast"", ""Lymphatic"", ""Macrophage"", ""Mast cell"", ""Neutrophil_CD14_high"", ""Secretory"", ""T/NK cell"", ""Type 1"", ""Type 2""]","[[4, 0, 0, 0, 0, 0, 2, 0, 0, 0, 0, 0, 0], [0, 74, 0, 0, 0, 0, 0, 0, 0, 7, 0, 0, 0], [0, 0, 0, 0, 0, 0, 0, 0, 0, 0, 0, 0, 0], [0, 0, 0, 37, 1, 0, 0, 0, 0, 0, 1, 0, 1], [0, 0, 0, 0, 24, 0, 0, 0, 0, 0, 0, 0, 1], [0, 0, 0, 0, 0, 42, 1, 0, 0, 0, 0, 0, 1], [5, 0, 2, 0, 1, 0, 586, 0, 1, 2, 2, 2, 5], [0, 0, 0, 0, 0, 0, 0, 40, 0, 0, 0, 0, 0], [0, 0, 0, 0, 0, 0, 0, 0, 0, 0, 0, 0, 0], [3, 0, 1, 0, 1, 0, 9, 0, 0, 32, 0, 8, 16], [1, 0, 0, 0, 0, 0, 3, 1, 0, 1, 268, 0, 0], [0, 0, 0, 0, 0, 0, 0, 0, 0, 3, 0, 186, 16], [15, 1, 1, 0, 1, 0, 18, 0, 1, 25, 8, 19, 660]]",/home/gzou/scib_reproduce/outputs/baseline_extension_v1_1/sclsc_refonly/lung_atlas/heldout_B1/seed_40/embedding.npz,9b7e33f379a8d606cab986bb84d9f3f8f007d1c4da7127fb8107d01bfe02365a,,,,,
lung_atlas,B1,sclsc_refonly,41,official_sclsc_unweighted_10nn_training_subset,0.6595325720401845,0.8684007735733181,1.0,,,27298.0,30332,2140,16.0,"[""B cell"", ""Basal 2"", ""Ciliated"", ""Dendritic cell"", ""Endothelium"", ""Fibroblast"", ""Lymphatic"", ""Macrophage"", ""Mast cell"", ""Neutrophil_CD14_high"", ""Secretory"", ""T/NK cell"", ""Type 1"", ""Type 2""]","[[4, 0, 0, 0, 0, 0, 0, 2, 0, 0, 0, 0, 0, 0], [0, 0, 0, 0, 0, 0, 0, 0, 0, 0, 0, 0, 0, 0], [0, 0, 74, 0, 0, 0, 0, 0, 0, 0, 6, 0, 0, 1], [0, 0, 0, 0, 0, 0, 0, 0, 0, 0, 0, 0, 0, 0], [0, 0, 0, 0, 37, 0, 0, 1, 0, 0, 0, 0, 0, 2], [0, 0, 0, 0, 0, 24, 0, 0, 0, 0, 0, 0, 0, 1], [0, 0, 0, 0, 0, 0, 42, 1, 0, 0, 0, 0, 0, 1], [8, 0, 0, 4, 0, 0, 0, 580, 0, 1, 2, 2, 0, 9], [0, 0, 0, 0, 0, 0, 0, 0, 40, 0, 0, 0, 0, 0], [0, 0, 0, 0, 0, 0, 0, 0, 0, 0, 0, 0, 0, 0], [0, 1, 0, 0, 0, 0, 0, 19, 0, 0, 29, 0, 2, 19], [2, 0, 2, 0, 0, 0, 0, 5, 1, 0, 0, 263, 0, 1], [1, 0, 0, 0, 0, 0, 0, 1, 0, 0, 2, 0, 187, 14], [20, 0, 0, 0, 0, 0, 0, 31, 0, 0, 20, 5, 7, 666]]",/home/gzou/scib_reproduce/outputs/baseline_extension_v1_1/sclsc_refonly/lung_atlas/heldout_B1/seed_41/embedding.npz,91fde3b9e8cdb5d4ef4f4e38f1cbc9c1650fb0a974b983df2ed75d873e68cb56,,,,,
lung_atlas,B1,sclsc_refonly,42,official_sclsc_unweighted_10nn_training_subset,0.6705418273704276,0.8926544436159323,1.0,,,27298.0,30332,2140,16.0,"[""B cell"", ""Basal 1"", ""Ciliated"", ""Dendritic cell"", ""Endothelium"", ""Fibroblast"", ""Lymphatic"", ""Macrophage"", ""Mast cell"", ""Neutrophil_CD14_high"", ""Secretory"", ""T/NK cell"", ""Type 1"", ""Type 2""]","[[5, 0, 0, 0, 0, 0, 0, 1, 0, 0, 0, 0, 0, 0], [0, 0, 0, 0, 0, 0, 0, 0, 0, 0, 0, 0, 0, 0], [0, 0, 77, 0, 0, 0, 0, 0, 0, 0, 4, 0, 0, 0], [0, 0, 0, 0, 0, 0, 0, 0, 0, 0, 0, 0, 0, 0], [0, 1, 0, 0, 38, 0, 0, 0, 0, 0, 0, 0, 0, 1], [0, 0, 1, 0, 0, 24, 0, 0, 0, 0, 0, 0, 0, 0], [0, 0, 0, 1, 0, 0, 42, 0, 0, 0, 0, 0, 0, 1], [7, 0, 0, 6, 0, 0, 0, 578, 0, 2, 2, 4, 0, 7], [0, 0, 0, 0, 0, 0, 0, 0, 40, 0, 0, 0, 0, 0], [0, 0, 0, 0, 0, 0, 0, 0, 0, 0, 0, 0, 0, 0], [1, 0, 1, 1, 0, 0, 0, 16, 0, 0, 33, 1, 2, 15], [1, 0, 0, 0, 0, 0, 0, 6, 1, 0, 1, 265, 0, 0], [0, 0, 0, 1, 0, 0, 0, 1, 0, 0, 2, 0, 182, 19], [12, 0, 0, 1, 0, 0, 0, 22, 0, 0, 30, 9, 8, 667]]",/home/gzou/scib_reproduce/outputs/baseline_extension_v1_1/sclsc_refonly/lung_atlas/heldout_B1/seed_42/embedding.npz,4797270c7cf661110aa2dd1d5c2cf047278c8a486548e4f53232023bc503f0e8,,,,,
lung_atlas,B1,sclsc_refonly,43,official_sclsc_unweighted_10nn_training_subset,0.7040273554486421,0.8687256897841159,1.0,,,27298.0,30332,2140,16.0,"[""B cell"", ""Basal 2"", ""Ciliated"", ""Dendritic cell"", ""Endothelium"", ""Fibroblast"", ""Lymphatic"", ""Macrophage"", ""Mast cell"", ""Secretory"", ""T/NK cell"", ""Type 1"", ""Type 2""]","[[4, 0, 0, 0, 0, 0, 0, 2, 0, 0, 0, 0, 0], [0, 0, 0, 0, 0, 0, 0, 0, 0, 0, 0, 0, 0], [0, 1, 72, 1, 0, 0, 0, 0, 0, 7, 0, 0, 0], [0, 0, 0, 0, 0, 0, 0, 0, 0, 0, 0, 0, 0], [0, 0, 0, 0, 39, 0, 0, 0, 0, 0, 0, 0, 1], [0, 0, 0, 0, 0, 24, 0, 0, 0, 0, 0, 0, 1], [0, 0, 0, 0, 0, 0, 42, 0, 0, 2, 0, 0, 0], [12, 0, 0, 5, 0, 0, 0, 580, 0, 1, 3, 0, 5], [0, 0, 0, 0, 0, 0, 0, 0, 40, 0, 0, 0, 0], [7, 5, 1, 0, 0, 0, 0, 8, 1, 27, 0, 2, 19], [1, 1, 0, 0, 0, 0, 0, 6, 1, 0, 265, 0, 0], [1, 0, 0, 0, 0, 0, 0, 0, 0, 4, 0, 188, 12], [33, 2, 1, 0, 0, 0, 0, 18, 0, 21, 7, 5, 662]]",/home/gzou/scib_reproduce/outputs/baseline_extension_v1_1/sclsc_refonly/lung_atlas/heldout_B1/seed_43/embedding.npz,ddfec87c69812cca1058c5f7c0382b8e5690ff16aafc3904c77fe13d12ef9595,,,,,
lung_atlas,B1,sclsc_refonly,44,official_sclsc_unweighted_10nn_training_subset,0.6690838656024463,0.8944081923847466,1.0,,,27298.0,30332,2140,16.0,"[""B cell"", ""Basal 2"", ""Ciliated"", ""Dendritic cell"", ""Endothelium"", ""Fibroblast"", ""Lymphatic"", ""Macrophage"", ""Mast cell"", ""Neutrophil_CD14_high"", ""Secretory"", ""T/NK cell"", ""Type 1"", ""Type 2""]","[[5, 0, 0, 0, 0, 0, 0, 1, 0, 0, 0, 0, 0, 0], [0, 0, 0, 0, 0, 0, 0, 0, 0, 0, 0, 0, 0, 0], [0, 0, 76, 0, 0, 0, 0, 0, 0, 0, 5, 0, 0, 0], [0, 0, 0, 0, 0, 0, 0, 0, 0, 0, 0, 0, 0, 0], [0, 0, 1, 0, 38, 0, 0, 0, 0, 0, 0, 0, 0, 1], [0, 0, 0, 0, 0, 25, 0, 0, 0, 0, 0, 0, 0, 0], [0, 0, 0, 0, 0, 0, 42, 1, 0, 0, 0, 0, 0, 1], [8, 0, 0, 3, 0, 0, 0, 581, 0, 3, 2, 2, 1, 6], [0, 0, 0, 0, 0, 0, 0, 0, 40, 0, 0, 0, 0, 0], [0, 0, 0, 0, 0, 0, 0, 0, 0, 0, 0, 0, 0, 0], [1, 3, 0, 0, 0, 0, 0, 16, 0, 0, 31, 1, 3, 15], [1, 0, 1, 0, 0, 0, 0, 4, 1, 0, 0, 267, 0, 0], [0, 0, 0, 0, 0, 0, 0, 1, 0, 0, 4, 0, 185, 15], [14, 3, 1, 0, 0, 0, 0, 29, 0, 0, 26, 7, 7, 662]]",/home/gzou/scib_reproduce/outputs/baseline_extension_v1_1/sclsc_refonly/lung_atlas/heldout_B1/seed_44/embedding.npz,d5659441f58acb8fd8a10a217621bfbbe16ad39ad29ce90db60ab43af06e956e,,,,,
pancreas,fluidigmc1,sclsc_refonly,40,official_sclsc_unweighted_10nn_training_subset,0.8112319489769539,0.8291629197243677,1.0,,,14169.0,15744,638,16.0,"[""acinar"", ""activated_stellate"", ""alpha"", ""beta"", ""delta"", ""ductal"", ""endothelial"", ""epsilon"", ""gamma"", ""macrophage"", ""mast"", ""quiescent_stellate"", ""schwann""]","[[20, 0, 0, 0, 0, 1, 0, 0, 0, 0, 0, 0, 0], [0, 16, 0, 0, 0, 0, 0, 0, 0, 0, 0, 0, 0], [0, 0, 237, 2, 0, 0, 0, 0, 0, 0, 0, 0, 0], [0, 0, 2, 256, 0, 0, 0, 0, 0, 0, 0, 0, 0], [0, 0, 0, 5, 20, 0, 0, 0, 0, 0, 0, 0, 0], [0, 0, 0, 0, 0, 36, 0, 0, 0, 0, 0, 0, 0], [0, 0, 2, 1, 0, 0, 9, 0, 0, 0, 0, 2, 0], [0, 0, 0, 0, 0, 0, 0, 1, 0, 0, 0, 0, 0], [0, 0, 0, 0, 0, 0, 0, 0, 18, 0, 0, 0, 0], [0, 0, 0, 0, 0, 0, 0, 0, 0, 1, 0, 0, 0], [0, 0, 1, 1, 1, 0, 0, 0, 0, 0, 0, 0, 0], [0, 0, 0, 0, 0, 0, 0, 0, 0, 0, 0, 1, 0], [0, 0, 1, 1, 0, 0, 0, 0, 0, 0, 0, 1, 2]]",/home/gzou/scib_reproduce/outputs/baseline_extension_v1_1/sclsc_refonly/pancreas/heldout_fluidigmc1/seed_40/embedding.npz,fec2f4d7be7bd7c011bef4170c6756d50f8a730c21ebd99d926da0ab1c5bf2e2,,,,,
pancreas,fluidigmc1,sclsc_refonly,41,official_sclsc_unweighted_10nn_training_subset,0.8673412259694158,0.8439377521055054,1.0,,,14169.0,15744,638,16.0,"[""acinar"", ""activated_stellate"", ""alpha"", ""beta"", ""delta"", ""ductal"", ""endothelial"", ""epsilon"", ""gamma"", ""macrophage"", ""mast"", ""quiescent_stellate"", ""schwann""]","[[19, 0, 1, 0, 0, 1, 0, 0, 0, 0, 0, 0, 0], [0, 16, 0, 0, 0, 0, 0, 0, 0, 0, 0, 0, 0], [0, 0, 236, 2, 0, 1, 0, 0, 0, 0, 0, 0, 0], [0, 0, 1, 257, 0, 0, 0, 0, 0, 0, 0, 0, 0], [0, 0, 0, 4, 21, 0, 0, 0, 0, 0, 0, 0, 0], [0, 0, 0, 0, 0, 36, 0, 0, 0, 0, 0, 0, 0], [0, 0, 2, 2, 0, 1, 9, 0, 0, 0, 0, 0, 0], [0, 0, 0, 0, 0, 0, 0, 1, 0, 0, 0, 0, 0], [0, 0, 0, 0, 0, 0, 0, 0, 18, 0, 0, 0, 0], [0, 0, 0, 0, 0, 0, 0, 0, 0, 1, 0, 0, 0], [0, 0, 1, 1, 1, 0, 0, 0, 0, 0, 0, 0, 0], [0, 0, 0, 0, 0, 0, 0, 0, 0, 0, 0, 1, 0], [1, 0, 0, 1, 0, 0, 0, 0, 0, 0, 0, 0, 3]]",/home/gzou/scib_reproduce/outputs/baseline_extension_v1_1/sclsc_refonly/pancreas/heldout_fluidigmc1/seed_41/embedding.npz,54f56015074eb7884b40b74caac10d596b54779479c4c2b376724748453494c9,,,,,
pancreas,fluidigmc1,sclsc_refonly,42,official_sclsc_unweighted_10nn_training_subset,0.8719377365834394,0.8530952612630145,1.0,,,14169.0,15744,638,16.0,"[""acinar"", ""activated_stellate"", ""alpha"", ""beta"", ""delta"", ""ductal"", ""endothelial"", ""epsilon"", ""gamma"", ""macrophage"", ""mast"", ""quiescent_stellate"", ""schwann""]","[[20, 0, 0, 0, 0, 1, 0, 0, 0, 0, 0, 0, 0], [0, 16, 0, 0, 0, 0, 0, 0, 0, 0, 0, 0, 0], [0, 0, 236, 2, 0, 1, 0, 0, 0, 0, 0, 0, 0], [0, 0, 1, 257, 0, 0, 0, 0, 0, 0, 0, 0, 0], [0, 0, 0, 4, 21, 0, 0, 0, 0, 0, 0, 0, 0], [0, 0, 0, 0, 0, 36, 0, 0, 0, 0, 0, 0, 0], [1, 0, 2, 0, 0, 1, 10, 0, 0, 0, 0, 0, 0], [0, 0, 0, 0, 0, 0, 0, 1, 0, 0, 0, 0, 0], [0, 0, 0, 0, 0, 0, 0, 0, 18, 0, 0, 0, 0], [0, 0, 0, 0, 0, 0, 0, 0, 0, 1, 0, 0, 0], [1, 0, 1, 0, 1, 0, 0, 0, 0, 0, 0, 0, 0], [0, 0, 0, 0, 0, 0, 0, 0, 0, 0, 0, 1, 0], [0, 0, 1, 1, 0, 0, 0, 0, 0, 0, 0, 0, 3]]",/home/gzou/scib_reproduce/outputs/baseline_extension_v1_1/sclsc_refonly/pancreas/heldout_fluidigmc1/seed_42/embedding.npz,ae33b0edcc8de490e7f3c709af6c222eea616000b6b4c17fd1dc25ce67409ab6,,,,,
pancreas,fluidigmc1,sclsc_refonly,43,official_sclsc_unweighted_10nn_training_subset,0.8213226120508624,0.8239326409376034,1.0,,,14169.0,15744,638,16.0,"[""acinar"", ""activated_stellate"", ""alpha"", ""beta"", ""delta"", ""ductal"", ""endothelial"", ""epsilon"", ""gamma"", ""macrophage"", ""mast"", ""quiescent_stellate"", ""schwann""]","[[21, 0, 0, 0, 0, 0, 0, 0, 0, 0, 0, 0, 0], [0, 16, 0, 0, 0, 0, 0, 0, 0, 0, 0, 0, 0], [0, 0, 236, 2, 0, 1, 0, 0, 0, 0, 0, 0, 0], [0, 0, 2, 256, 0, 0, 0, 0, 0, 0, 0, 0, 0], [0, 0, 1, 4, 19, 1, 0, 0, 0, 0, 0, 0, 0], [0, 0, 0, 0, 0, 36, 0, 0, 0, 0, 0, 0, 0], [1, 0, 2, 2, 1, 0, 8, 0, 0, 0, 0, 0, 0], [0, 0, 0, 0, 0, 0, 0, 1, 0, 0, 0, 0, 0], [0, 0, 0, 0, 0, 0, 0, 0, 18, 0, 0, 0, 0], [0, 0, 0, 0, 0, 0, 0, 0, 0, 1, 0, 0, 0], [1, 0, 1, 0, 1, 0, 0, 0, 0, 0, 0, 0, 0], [0, 0, 0, 0, 0, 0, 0, 0, 0, 0, 0, 1, 0], [0, 0, 1, 1, 0, 0, 0, 0, 0, 0, 0, 1, 2]]",/home/gzou/scib_reproduce/outputs/baseline_extension_v1_1/sclsc_refonly/pancreas/heldout_fluidigmc1/seed_43/embedding.npz,6266525885b495b396c5223c841cd5dce16da423f78849a723d206bf2b8e56dc,,,,,
pancreas,fluidigmc1,sclsc_refonly,44,official_sclsc_unweighted_10nn_training_subset,0.9097533888360737,0.8726061431675911,1.0,,,14169.0,15744,638,16.0,"[""acinar"", ""activated_stellate"", ""alpha"", ""beta"", ""delta"", ""ductal"", ""endothelial"", ""epsilon"", ""gamma"", ""macrophage"", ""mast"", ""quiescent_stellate"", ""schwann""]","[[20, 0, 0, 0, 0, 1, 0, 0, 0, 0, 0, 0, 0], [0, 16, 0, 0, 0, 0, 0, 0, 0, 0, 0, 0, 0], [0, 0, 237, 2, 0, 0, 0, 0, 0, 0, 0, 0, 0], [0, 0, 2, 256, 0, 0, 0, 0, 0, 0, 0, 0, 0], [1, 0, 0, 5, 19, 0, 0, 0, 0, 0, 0, 0, 0], [0, 0, 0, 0, 0, 36, 0, 0, 0, 0, 0, 0, 0], [0, 0, 3, 1, 0, 0, 10, 0, 0, 0, 0, 0, 0], [0, 0, 0, 0, 0, 0, 0, 1, 0, 0, 0, 0, 0], [0, 0, 0, 0, 0, 0, 0, 0, 18, 0, 0, 0, 0], [0, 0, 0, 0, 0, 0, 0, 0, 0, 1, 0, 0, 0], [0, 0, 1, 0, 1, 0, 0, 0, 0, 0, 1, 0, 0], [0, 0, 0, 0, 0, 0, 0, 0, 0, 0, 0, 1, 0], [0, 0, 1, 1, 0, 0, 0, 0, 0, 0, 0, 0, 3]]",/home/gzou/scib_reproduce/outputs/baseline_extension_v1_1/sclsc_refonly/pancreas/heldout_fluidigmc1/seed_44/embedding.npz,59ea10a38cffb9f3377694697c8bf66836088f9f9e1147183e035450146a9456,,,,,
pancreas,inDrop2,sclsc_refonly,40,official_sclsc_unweighted_10nn_training_subset,0.8486454021719404,0.8903618514327938,1.0,,,13192.0,14658,1724,16.0,"[""acinar"", ""activated_stellate"", ""alpha"", ""beta"", ""delta"", ""ductal"", ""endothelial"", ""epsilon"", ""gamma"", ""macrophage"", ""mast"", ""quiescent_stellate"", ""schwann"", ""t_cell""]","[[2, 0, 0, 0, 0, 1, 0, 0, 0, 0, 0, 0, 0, 0], [0, 79, 1, 1, 0, 0, 0, 0, 0, 0, 0, 0, 0, 0], [0, 0, 675, 0, 0, 0, 0, 0, 1, 0, 0, 0, 0, 0], [0, 0, 0, 369, 1, 1, 0, 0, 0, 0, 0, 0, 0, 0], [0, 0, 0, 0, 125, 0, 0, 0, 0, 0, 0, 0, 0, 0], [34, 0, 0, 0, 0, 267, 0, 0, 0, 0, 0, 0, 0, 0], [0, 0, 0, 0, 0, 0, 23, 0, 0, 0, 0, 0, 0, 0], [0, 0, 0, 0, 0, 0, 0, 2, 0, 0, 0, 0, 0, 0], [0, 0, 1, 0, 0, 0, 0, 0, 85, 0, 0, 0, 0, 0], [0, 0, 0, 0, 0, 0, 0, 0, 0, 17, 0, 0, 0, 0], [0, 0, 0, 0, 0, 0, 0, 0, 0, 0, 9, 0, 0, 0], [0, 0, 1, 0, 0, 0, 0, 0, 0, 0, 0, 21, 0, 0], [0, 0, 0, 0, 0, 0, 0, 0, 0, 0, 0, 0, 6, 0], [0, 0, 0, 0, 0, 0, 0, 0, 0, 0, 2, 0, 0, 0]]",/home/gzou/scib_reproduce/outputs/baseline_extension_v1_1/sclsc_refonly/pancreas/heldout_inDrop2/seed_40/embedding.npz,721edca02f338ac6fd3653db632bb80f82a04240fa81b54963d1b63b0b13c5b8,,,,,
pancreas,inDrop2,sclsc_refonly,41,official_sclsc_unweighted_10nn_training_subset,0.8506264902324706,0.9141460829008144,1.0,,,13192.0,14658,1724,16.0,"[""acinar"", ""activated_stellate"", ""alpha"", ""beta"", ""delta"", ""ductal"", ""endothelial"", ""epsilon"", ""gamma"", ""macrophage"", ""mast"", ""quiescent_stellate"", ""schwann"", ""t_cell""]","[[3, 0, 0, 0, 0, 0, 0, 0, 0, 0, 0, 0, 0, 0], [0, 78, 1, 1, 0, 0, 0, 0, 0, 0, 0, 1, 0, 0], [0, 0, 673, 1, 0, 1, 0, 0, 1, 0, 0, 0, 0, 0], [0, 0, 0, 369, 1, 1, 0, 0, 0, 0, 0, 0, 0, 0], [0, 0, 0, 0, 125, 0, 0, 0, 0, 0, 0, 0, 0, 0], [33, 0, 0, 0, 0, 268, 0, 0, 0, 0, 0, 0, 0, 0], [0, 0, 0, 0, 0, 0, 23, 0, 0, 0, 0, 0, 0, 0], [0, 0, 0, 0, 0, 0, 0, 2, 0, 0, 0, 0, 0, 0], [0, 0, 0, 0, 0, 0, 0, 0, 86, 0, 0, 0, 0, 0], [0, 0, 0, 0, 0, 0, 0, 0, 0, 17, 0, 0, 0, 0], [0, 0, 0, 0, 0, 0, 0, 0, 0, 0, 9, 0, 0, 0], [0, 0, 0, 1, 0, 0, 0, 0, 0, 0, 0, 21, 0, 0], [0, 0, 0, 0, 0, 0, 0, 0, 0, 0, 0, 0, 6, 0], [0, 0, 0, 0, 0, 0, 0, 0, 0, 0, 2, 0, 0, 0]]",/home/gzou/scib_reproduce/outputs/baseline_extension_v1_1/sclsc_refonly/pancreas/heldout_inDrop2/seed_41/embedding.npz,e217b7d94772611eefa5ca5f440c58a205328b6c5e43598f9a8b9697e2c79c4e,,,,,
pancreas,inDrop2,sclsc_refonly,42,official_sclsc_unweighted_10nn_training_subset,0.8353684167438332,0.8895530831502202,1.0,,,13192.0,14658,1724,16.0,"[""acinar"", ""activated_stellate"", ""alpha"", ""beta"", ""delta"", ""ductal"", ""endothelial"", ""epsilon"", ""gamma"", ""macrophage"", ""mast"", ""quiescent_stellate"", ""schwann"", ""t_cell""]","[[2, 0, 0, 0, 0, 1, 0, 0, 0, 0, 0, 0, 0, 0], [0, 79, 1, 1, 0, 0, 0, 0, 0, 0, 0, 0, 0, 0], [0, 0, 670, 1, 0, 2, 0, 1, 2, 0, 0, 0, 0, 0], [0, 0, 0, 369, 1, 1, 0, 0, 0, 0, 0, 0, 0, 0], [0, 0, 0, 0, 125, 0, 0, 0, 0, 0, 0, 0, 0, 0], [25, 0, 0, 0, 0, 276, 0, 0, 0, 0, 0, 0, 0, 0], [0, 0, 0, 0, 0, 0, 23, 0, 0, 0, 0, 0, 0, 0], [0, 0, 0, 0, 0, 0, 0, 2, 0, 0, 0, 0, 0, 0], [0, 0, 0, 0, 0, 0, 0, 0, 86, 0, 0, 0, 0, 0], [0, 0, 0, 0, 0, 0, 0, 0, 0, 17, 0, 0, 0, 0], [0, 0, 0, 0, 0, 0, 0, 0, 0, 0, 9, 0, 0, 0], [0, 0, 1, 1, 0, 0, 0, 0, 0, 0, 0, 20, 0, 0], [0, 0, 0, 0, 0, 0, 0, 0, 0, 0, 0, 0, 6, 0], [0, 0, 0, 0, 0, 0, 0, 0, 0, 0, 2, 0, 0, 0]]",/home/gzou/scib_reproduce/outputs/baseline_extension_v1_1/sclsc_refonly/pancreas/heldout_inDrop2/seed_42/embedding.npz,db63f723c380ecf10c9871e478c325f8a715f36b052ecd41b387e2d1cf754b5c,,,,,
pancreas,inDrop2,sclsc_refonly,43,official_sclsc_unweighted_10nn_training_subset,0.8535026048849527,0.9157138526984163,1.0,,,13192.0,14658,1724,16.0,"[""acinar"", ""activated_stellate"", ""alpha"", ""beta"", ""delta"", ""ductal"", ""endothelial"", ""epsilon"", ""gamma"", ""macrophage"", ""mast"", ""quiescent_stellate"", ""schwann"", ""t_cell""]","[[3, 0, 0, 0, 0, 0, 0, 0, 0, 0, 0, 0, 0, 0], [0, 79, 1, 1, 0, 0, 0, 0, 0, 0, 0, 0, 0, 0], [0, 0, 675, 0, 0, 0, 0, 0, 1, 0, 0, 0, 0, 0], [0, 0, 0, 369, 1, 1, 0, 0, 0, 0, 0, 0, 0, 0], [0, 0, 0, 0, 125, 0, 0, 0, 0, 0, 0, 0, 0, 0], [31, 0, 0, 0, 0, 270, 0, 0, 0, 0, 0, 0, 0, 0], [0, 0, 0, 0, 0, 0, 23, 0, 0, 0, 0, 0, 0, 0], [0, 0, 0, 0, 0, 0, 0, 2, 0, 0, 0, 0, 0, 0], [0, 0, 0, 0, 0, 0, 0, 0, 86, 0, 0, 0, 0, 0], [0, 0, 0, 0, 0, 0, 0, 0, 0, 17, 0, 0, 0, 0], [0, 0, 0, 0, 0, 0, 0, 0, 0, 0, 9, 0, 0, 0], [0, 1, 0, 0, 0, 0, 0, 0, 0, 0, 0, 21, 0, 0], [0, 0, 0, 0, 0, 0, 0, 0, 0, 0, 0, 0, 6, 0], [0, 0, 0, 0, 0, 0, 0, 0, 0, 0, 2, 0, 0, 0]]",/home/gzou/scib_reproduce/outputs/baseline_extension_v1_1/sclsc_refonly/pancreas/heldout_inDrop2/seed_43/embedding.npz,d7e0078ebf44754518d58d59da21fb3665c6f7e56abd0178172b5934841d1a16,,,,,
pancreas,inDrop2,sclsc_refonly,44,official_sclsc_unweighted_10nn_training_subset,0.8426796388917879,0.8899676142104622,1.0,,,13192.0,14658,1724,16.0,"[""acinar"", ""activated_stellate"", ""alpha"", ""beta"", ""delta"", ""ductal"", ""endothelial"", ""epsilon"", ""gamma"", ""macrophage"", ""mast"", ""quiescent_stellate"", ""schwann"", ""t_cell""]","[[2, 0, 0, 0, 0, 1, 0, 0, 0, 0, 0, 0, 0, 0], [0, 78, 1, 1, 0, 0, 0, 0, 0, 0, 0, 0, 1, 0], [0, 0, 674, 0, 0, 1, 0, 0, 1, 0, 0, 0, 0, 0], [0, 0, 0, 369, 1, 1, 0, 0, 0, 0, 0, 0, 0, 0], [0, 0, 0, 0, 125, 0, 0, 0, 0, 0, 0, 0, 0, 0], [35, 0, 0, 0, 0, 266, 0, 0, 0, 0, 0, 0, 0, 0], [0, 0, 0, 0, 0, 0, 23, 0, 0, 0, 0, 0, 0, 0], [0, 0, 0, 0, 0, 0, 0, 2, 0, 0, 0, 0, 0, 0], [0, 0, 0, 0, 0, 0, 0, 0, 86, 0, 0, 0, 0, 0], [0, 0, 0, 0, 0, 0, 0, 0, 0, 17, 0, 0, 0, 0], [0, 0, 0, 0, 0, 0, 0, 0, 0, 0, 9, 0, 0, 0], [0, 0, 1, 0, 0, 0, 0, 0, 0, 0, 0, 21, 0, 0], [0, 0, 0, 0, 0, 0, 0, 0, 0, 0, 0, 0, 6, 0], [0, 0, 0, 0, 0, 0, 0, 0, 0, 0, 2, 0, 0, 0]]",/home/gzou/scib_reproduce/outputs/baseline_extension_v1_1/sclsc_refonly/pancreas/heldout_inDrop2/seed_44/embedding.npz,3b1e8f9cea75c7cb527c42bf45ab2d16752a9f0de2c05ec99d824b879bbb3aa4,,,,,
pancreas,inDrop3,sclsc_refonly,40,official_sclsc_unweighted_10nn_training_subset,0.8637163706006226,0.8713096661800359,1.0,,,11499.0,12777,3605,16.0,"[""acinar"", ""activated_stellate"", ""alpha"", ""beta"", ""delta"", ""ductal"", ""endothelial"", ""epsilon"", ""gamma"", ""macrophage"", ""mast"", ""quiescent_stellate"", ""schwann"", ""t_cell""]","[[625, 3, 0, 0, 0, 211, 0, 0, 0, 0, 0, 4, 0, 0], [0, 95, 1, 1, 0, 0, 0, 0, 0, 0, 0, 3, 0, 0], [1, 0, 1127, 1, 0, 0, 0, 0, 1, 0, 0, 0, 0, 0], [2, 0, 3, 779, 3, 0, 0, 0, 0, 0, 0, 0, 0, 0], [1, 0, 0, 16, 144, 0, 0, 0, 0, 0, 0, 0, 0, 0], [0, 0, 0, 2, 0, 374, 0, 0, 0, 0, 0, 0, 0, 0], [0, 1, 0, 0, 0, 0, 91, 0, 0, 0, 0, 0, 0, 0], [0, 0, 0, 0, 0, 0, 0, 2, 0, 0, 0, 0, 0, 0], [0, 0, 3, 4, 0, 0, 0, 0, 29, 0, 0, 0, 0, 0], [0, 0, 0, 0, 0, 0, 0, 0, 0, 13, 1, 0, 0, 0], [0, 0, 0, 0, 0, 0, 0, 0, 0, 0, 7, 0, 0, 0], [0, 0, 4, 0, 0, 1, 0, 0, 0, 0, 0, 49, 0, 0], [0, 0, 0, 0, 0, 0, 0, 0, 0, 0, 0, 0, 1, 0], [0, 0, 1, 0, 0, 0, 0, 0, 0, 0, 1, 0, 0, 0]]",/home/gzou/scib_reproduce/outputs/baseline_extension_v1_1/sclsc_refonly/pancreas/heldout_inDrop3/seed_40/embedding.npz,ca7fb8bc049badf2f6f2b9e56b3a15d691578ed77d4337ec3d975e22acc862b7,,,,,
pancreas,inDrop3,sclsc_refonly,41,official_sclsc_unweighted_10nn_training_subset,0.8587989010748986,0.8678174674534959,1.0,,,11499.0,12777,3605,16.0,"[""acinar"", ""activated_stellate"", ""alpha"", ""beta"", ""delta"", ""ductal"", ""endothelial"", ""epsilon"", ""gamma"", ""macrophage"", ""mast"", ""quiescent_stellate"", ""schwann"", ""t_cell""]","[[586, 3, 0, 0, 0, 250, 1, 0, 0, 0, 0, 3, 0, 0], [0, 93, 0, 1, 0, 0, 0, 0, 0, 0, 0, 6, 0, 0], [1, 0, 1125, 3, 0, 0, 0, 0, 1, 0, 0, 0, 0, 0], [2, 0, 3, 780, 2, 0, 0, 0, 0, 0, 0, 0, 0, 0], [1, 0, 0, 17, 143, 0, 0, 0, 0, 0, 0, 0, 0, 0], [0, 0, 1, 2, 0, 373, 0, 0, 0, 0, 0, 0, 0, 0], [0, 0, 0, 0, 0, 0, 92, 0, 0, 0, 0, 0, 0, 0], [0, 0, 0, 0, 0, 0, 0, 2, 0, 0, 0, 0, 0, 0], [0, 0, 5, 1, 3, 0, 0, 0, 27, 0, 0, 0, 0, 0], [0, 0, 0, 0, 0, 0, 0, 0, 0, 14, 0, 0, 0, 0], [0, 0, 0, 0, 0, 0, 0, 0, 0, 0, 7, 0, 0, 0], [0, 0, 4, 0, 0, 1, 0, 0, 0, 0, 0, 49, 0, 0], [0, 0, 0, 0, 0, 0, 0, 0, 0, 0, 0, 0, 1, 0], [0, 0, 0, 0, 0, 0, 0, 0, 0, 1, 1, 0, 0, 0]]",/home/gzou/scib_reproduce/outputs/baseline_extension_v1_1/sclsc_refonly/pancreas/heldout_inDrop3/seed_41/embedding.npz,ecd1e1c1a645bf077c87949a4e586f83c4b03d1af8a860326e47bfb58119b71a,,,,,
pancreas,inDrop3,sclsc_refonly,42,official_sclsc_unweighted_10nn_training_subset,0.7684428346123467,0.7618527926613746,1.0,,,11499.0,12777,3605,16.0,"[""acinar"", ""activated_stellate"", ""alpha"", ""beta"", ""delta"", ""ductal"", ""endothelial"", ""epsilon"", ""gamma"", ""macrophage"", ""mast"", ""quiescent_stellate"", ""schwann"", ""t_cell""]","[[593, 3, 0, 0, 0, 243, 2, 0, 0, 0, 0, 2, 0, 0], [0, 96, 0, 0, 0, 0, 0, 0, 0, 0, 0, 4, 0, 0], [1, 0, 1126, 2, 0, 0, 0, 0, 1, 0, 0, 0, 0, 0], [3, 0, 4, 779, 1, 0, 0, 0, 0, 0, 0, 0, 0, 0], [1, 0, 2, 15, 143, 0, 0, 0, 0, 0, 0, 0, 0, 0], [0, 0, 0, 1, 0, 375, 0, 0, 0, 0, 0, 0, 0, 0], [0, 1, 0, 0, 0, 0, 91, 0, 0, 0, 0, 0, 0, 0], [0, 0, 0, 0, 0, 0, 0, 1, 1, 0, 0, 0, 0, 0], [1, 0, 1, 5, 0, 0, 0, 0, 29, 0, 0, 0, 0, 0], [0, 0, 0, 1, 0, 0, 0, 0, 0, 13, 0, 0, 0, 0], [0, 0, 0, 0, 0, 0, 0, 0, 0, 0, 7, 0, 0, 0], [0, 0, 4, 0, 0, 1, 0, 0, 0, 0, 0, 49, 0, 0], [0, 0, 0, 0, 0, 1, 0, 0, 0, 0, 0, 0, 0, 0], [0, 0, 0, 0, 0, 0, 0, 0, 0, 2, 0, 0, 0, 0]]",/home/gzou/scib_reproduce/outputs/baseline_extension_v1_1/sclsc_refonly/pancreas/heldout_inDrop3/seed_42/embedding.npz,e9f488880c903953b8492d45b67107dbd0dddf8f5f4aefa463e8dfa0394beaf7,,,,,
pancreas,inDrop3,sclsc_refonly,43,official_sclsc_unweighted_10nn_training_subset,0.8205360149527581,0.8717133318287428,1.0,,,11499.0,12777,3605,16.0,"[""acinar"", ""activated_stellate"", ""alpha"", ""beta"", ""delta"", ""ductal"", ""endothelial"", ""epsilon"", ""gamma"", ""macrophage"", ""mast"", ""quiescent_stellate"", ""schwann"", ""t_cell""]","[[669, 3, 0, 2, 0, 165, 0, 0, 0, 0, 0, 2, 2, 0], [0, 95, 0, 2, 0, 0, 0, 0, 0, 0, 0, 3, 0, 0], [1, 0, 1126, 2, 0, 0, 0, 0, 1, 0, 0, 0, 0, 0], [3, 0, 3, 780, 1, 0, 0, 0, 0, 0, 0, 0, 0, 0], [0, 0, 0, 14, 146, 1, 0, 0, 0, 0, 0, 0, 0, 0], [0, 0, 0, 2, 0, 374, 0, 0, 0, 0, 0, 0, 0, 0], [0, 0, 0, 1, 0, 0, 87, 0, 0, 0, 0, 3, 1, 0], [0, 0, 0, 0, 0, 0, 0, 2, 0, 0, 0, 0, 0, 0], [0, 0, 1, 4, 0, 0, 0, 0, 31, 0, 0, 0, 0, 0], [0, 0, 0, 1, 0, 0, 0, 0, 0, 12, 1, 0, 0, 0], [0, 0, 0, 0, 0, 0, 0, 0, 0, 0, 7, 0, 0, 0], [0, 0, 4, 0, 0, 0, 1, 0, 0, 0, 0, 49, 0, 0], [0, 0, 0, 0, 0, 0, 0, 0, 0, 0, 0, 0, 1, 0], [0, 0, 0, 0, 0, 0, 0, 0, 0, 0, 2, 0, 0, 0]]",/home/gzou/scib_reproduce/outputs/baseline_extension_v1_1/sclsc_refonly/pancreas/heldout_inDrop3/seed_43/embedding.npz,d5c60ea9dd0ce5b82b23dd9c97f890b73af2dab9574e5392349b965eb12773cd,,,,,
pancreas,inDrop3,sclsc_refonly,44,official_sclsc_unweighted_10nn_training_subset,0.8829960805653532,0.8911581126729757,1.0,,,11499.0,12777,3605,16.0,"[""acinar"", ""activated_stellate"", ""alpha"", ""beta"", ""delta"", ""ductal"", ""endothelial"", ""epsilon"", ""gamma"", ""macrophage"", ""mast"", ""quiescent_stellate"", ""schwann"", ""t_cell""]","[[728, 3, 0, 0, 0, 109, 1, 0, 0, 0, 0, 2, 0, 0], [0, 92, 0, 2, 0, 0, 1, 0, 0, 0, 0, 5, 0, 0], [1, 0, 1124, 4, 0, 0, 0, 0, 1, 0, 0, 0, 0, 0], [2, 0, 1, 782, 2, 0, 0, 0, 0, 0, 0, 0, 0, 0], [1, 0, 0, 17, 143, 0, 0, 0, 0, 0, 0, 0, 0, 0], [0, 0, 1, 2, 0, 373, 0, 0, 0, 0, 0, 0, 0, 0], [0, 0, 0, 0, 0, 0, 92, 0, 0, 0, 0, 0, 0, 0], [0, 0, 0, 0, 0, 0, 0, 2, 0, 0, 0, 0, 0, 0], [0, 0, 1, 1, 0, 1, 0, 0, 33, 0, 0, 0, 0, 0], [0, 0, 0, 0, 0, 0, 0, 0, 0, 14, 0, 0, 0, 0], [0, 0, 0, 0, 0, 0, 0, 0, 0, 0, 7, 0, 0, 0], [0, 0, 3, 0, 0, 1, 1, 0, 0, 0, 0, 49, 0, 0], [0, 0, 0, 0, 0, 0, 0, 0, 0, 0, 0, 0, 1, 0], [0, 0, 0, 0, 0, 0, 0, 0, 0, 1, 1, 0, 0, 0]]",/home/gzou/scib_reproduce/outputs/baseline_extension_v1_1/sclsc_refonly/pancreas/heldout_inDrop3/seed_44/embedding.npz,9d4cded17b3bde5be7e44a86352eca4a615eda7b7c46bf680bf80b827ed15f53,,,,,
immune_cell_human,10X,scmap_cell,40,official_scmap_cell,0.4159232007605199,0.41454689541804535,0.2378111307914608,0.8522414910140509,0.8714229713837711,,22779,10727,,"[""CD14+ Monocytes"", ""CD16+ Monocytes"", ""CD20+ B cells"", ""CD4+ T cells"", ""CD8+ T cells"", ""HSPCs"", ""Megakaryocyte progenitors"", ""Monocyte-derived dendritic cells"", ""NK cells"", ""NKT cells"", ""Plasma cells"", ""Plasmacytoid dendritic cells"", ""__unassigned__""]","[[1340, 288, 0, 0, 0, 0, 0, 1, 0, 0, 0, 0, 1759], [4, 263, 0, 0, 0, 0, 0, 0, 0, 0, 0, 0, 97], [0, 0, 12, 0, 0, 0, 2, 0, 1, 1, 0, 0, 1530], [0, 0, 0, 51, 0, 0, 2, 0, 0, 0, 0, 0, 2884], [0, 0, 0, 0, 0, 0, 0, 0, 0, 0, 0, 0, 350], [0, 0, 0, 0, 0, 3, 5, 0, 0, 0, 0, 0, 20], [0, 0, 0, 0, 0, 0, 21, 0, 0, 0, 0, 0, 0], [8, 0, 0, 0, 0, 0, 0, 114, 0, 0, 0, 0, 60], [0, 0, 0, 0, 0, 0, 0, 0, 302, 12, 0, 0, 442], [0, 0, 0, 2, 0, 0, 0, 0, 1, 27, 0, 0, 1026], [0, 0, 1, 0, 0, 0, 0, 0, 0, 0, 13, 0, 4], [0, 0, 0, 0, 0, 0, 0, 0, 0, 0, 0, 77, 4], [0, 0, 0, 0, 0, 0, 0, 0, 0, 0, 0, 0, 0]]",/home/gzou/scib_reproduce/outputs/baseline_extension_rapid/scmap_cell/immune_cell_human/heldout_10X/seed_40/predictions.csv,53be0168e2168de27f7297d739d5f4a31ecb6142f48f5a05a265b4ceb778963b,281.1567650209181,3474.3046875,52.325,200.233,audited_single_seed_screen_promoted_to_v1_1_supplement
immune_cell_human,Oetjen_A,scmap_cell,40,official_scmap_cell,0.5385053320630058,0.5108737874667684,0.405645784996133,0.8092288609831076,0.9208770257387988,,30920,2586,,"[""CD10+ B cells"", ""CD14+ Monocytes"", ""CD16+ Monocytes"", ""CD20+ B cells"", ""CD4+ T cells"", ""CD8+ T cells"", ""Erythrocytes"", ""Erythroid progenitors"", ""HSPCs"", ""Megakaryocyte progenitors"", ""Monocyte progenitors"", ""Monocyte-derived dendritic cells"", ""NK cells"", ""NKT cells"", ""Plasma cells"", ""Plasmacytoid dendritic cells"", ""__unassigned__""]","[[62, 0, 0, 0, 0, 0, 0, 0, 0, 0, 0, 0, 0, 0, 0, 0, 29], [0, 305, 2, 0, 0, 0, 0, 0, 0, 0, 0, 2, 0, 0, 0, 0, 41], [0, 0, 55, 0, 0, 0, 0, 0, 0, 0, 0, 0, 0, 0, 0, 0, 6], [0, 0, 0, 0, 0, 0, 0, 0, 0, 0, 0, 0, 0, 0, 0, 0, 43], [0, 0, 0, 0, 3, 0, 0, 0, 0, 0, 0, 0, 0, 0, 0, 0, 574], [0, 0, 0, 0, 0, 0, 0, 0, 0, 0, 0, 0, 0, 0, 0, 0, 93], [0, 0, 0, 0, 0, 0, 134, 1, 0, 0, 0, 0, 0, 0, 0, 0, 51], [1, 0, 0, 0, 0, 0, 2, 83, 0, 0, 0, 0, 0, 0, 0, 0, 26], [0, 2, 0, 0, 0, 0, 0, 0, 53, 2, 17, 1, 0, 0, 0, 2, 150], [0, 0, 0, 0, 0, 0, 0, 2, 0, 36, 0, 0, 0, 0, 0, 0, 34], [0, 31, 0, 0, 0, 0, 0, 0, 0, 0, 57, 1, 0, 0, 0, 0, 94], [0, 0, 0, 0, 0, 0, 0, 0, 0, 0, 0, 70, 0, 0, 0, 0, 19], [0, 0, 0, 0, 0, 0, 0, 0, 0, 0, 0, 0, 13, 0, 0, 0, 13], [0, 1, 0, 1, 5, 0, 0, 0, 0, 0, 0, 0, 10, 12, 0, 0, 360], [0, 0, 0, 0, 0, 0, 0, 0, 0, 0, 0, 0, 0, 0, 30, 0, 3], [0, 0, 0, 0, 0, 0, 0, 0, 0, 0, 0, 0, 0, 0, 0, 53, 1], [0, 0, 0, 0, 0, 0, 0, 0, 0, 0, 0, 0, 0, 0, 0, 0, 0]]",/home/gzou/scib_reproduce/outputs/baseline_extension_rapid/scmap_cell/immune_cell_human/heldout_Oetjen_A/seed_40/predictions.csv,d1297e0119bd14e5c2ca42809f19707519dd455cd9e7e81e975364eb620ccf48,130.09314402611926,4467.03515625,95.778,18.759,audited_single_seed_screen_promoted_to_v1_1_supplement
immune_cell_human,Villani,scmap_cell,40,official_scmap_cell,0.4449619195909641,0.5913433814187758,0.7377690802348337,0.6097876853272657,0.6816976127320955,,32484,1022,,"[""CD14+ Monocytes"", ""CD16+ Monocytes"", ""Monocyte-derived dendritic cells"", ""Plasmacytoid dendritic cells"", ""__unassigned__""]","[[140, 0, 0, 0, 5], [97, 5, 0, 0, 70], [51, 92, 198, 0, 193], [0, 0, 0, 171, 0], [0, 0, 0, 0, 0]]",/home/gzou/scib_reproduce/outputs/baseline_extension_rapid/scmap_cell/immune_cell_human/heldout_Villani/seed_40/predictions.csv,6c22460b5baa240a5c5fc6b3c022b23f6edb0347f8e1f43f0fba1c31a64468a2,133.2069563199766,4256.1796875,104.865,5.932,audited_single_seed_screen_promoted_to_v1_1_supplement
lung_atlas,3,scmap_cell,40,official_scmap_cell,0.40309859353328586,0.4870961938698016,0.6147186147186147,0.6549614536335681,0.9436619718309859,,32010,462,,"[""B cell"", ""Ciliated"", ""Dendritic cell"", ""Endothelium"", ""Fibroblast"", ""Macrophage"", ""Mast cell"", ""Neutrophil_CD14_high"", ""Neutrophils_IL1R2"", ""Secretory"", ""T/NK cell"", ""Type 2"", ""__unassigned__""]","[[0, 0, 0, 0, 0, 0, 0, 0, 0, 0, 0, 0, 3], [0, 9, 0, 0, 0, 0, 0, 0, 0, 2, 0, 1, 0], [0, 0, 36, 0, 0, 6, 0, 0, 2, 0, 0, 0, 54], [0, 0, 0, 0, 0, 0, 0, 0, 0, 0, 0, 0, 0], [0, 0, 0, 0, 25, 0, 0, 0, 0, 0, 0, 0, 0], [0, 0, 0, 0, 0, 7, 0, 1, 0, 0, 0, 0, 0], [0, 0, 0, 1, 0, 1, 53, 0, 0, 0, 0, 0, 43], [0, 0, 0, 0, 0, 0, 0, 2, 1, 0, 0, 0, 10], [0, 0, 0, 0, 0, 0, 0, 0, 2, 0, 0, 0, 9], [0, 0, 0, 0, 0, 0, 0, 0, 0, 0, 0, 0, 0], [0, 0, 0, 0, 0, 0, 0, 0, 1, 0, 1, 0, 57], [0, 0, 0, 0, 0, 0, 0, 0, 0, 0, 0, 133, 2], [0, 0, 0, 0, 0, 0, 0, 0, 0, 0, 0, 0, 0]]",/home/gzou/scib_reproduce/outputs/baseline_extension_rapid/scmap_cell/lung_atlas/heldout_3/seed_40/predictions.csv,6eb868376a88d95268a3341e69255e476457b03bdffe7596a91a1178cc9044f4,103.88327342364937,4193.0390625,79.029,2.482,audited_single_seed_screen_promoted_to_v1_1_supplement
lung_atlas,4,scmap_cell,40,official_scmap_cell,0.49086523708476676,0.5355241780743295,0.7802285410576667,0.6656511116445875,0.9727520435967303,,28709,3763,,"[""B cell"", ""Basal 2"", ""Ciliated"", ""Dendritic cell"", ""Endothelium"", ""Fibroblast"", ""Lymphatic"", ""Macrophage"", ""Neutrophil_CD14_high"", ""Neutrophils_IL1R2"", ""Secretory"", ""T/NK cell"", ""Type 2"", ""__unassigned__""]","[[0, 0, 0, 0, 0, 0, 0, 0, 0, 0, 0, 0, 0, 4], [0, 1, 0, 0, 0, 0, 0, 0, 0, 0, 0, 0, 0, 1], [0, 0, 2, 0, 0, 0, 0, 0, 0, 0, 2, 0, 0, 4], [0, 0, 0, 66, 0, 0, 0, 5, 0, 2, 0, 0, 0, 77], [0, 0, 0, 0, 44, 0, 0, 1, 0, 0, 0, 0, 0, 3], [0, 0, 0, 0, 0, 212, 0, 0, 0, 0, 0, 0, 0, 0], [0, 0, 0, 0, 0, 0, 73, 0, 0, 0, 0, 0, 0, 3], [0, 0, 0, 40, 0, 0, 0, 1080, 18, 8, 0, 0, 0, 682], [0, 0, 0, 0, 0, 0, 0, 0, 0, 1, 0, 0, 0, 6], [0, 0, 0, 0, 0, 0, 0, 0, 0, 0, 0, 0, 0, 0], [0, 0, 0, 0, 0, 0, 0, 0, 0, 0, 4, 0, 0, 1], [0, 0, 0, 1, 0, 0, 0, 0, 0, 0, 0, 0, 0, 3], [0, 0, 1, 0, 0, 0, 0, 0, 0, 0, 1, 0, 1374, 43], [0, 0, 0, 0, 0, 0, 0, 0, 0, 0, 0, 0, 0, 0]]",/home/gzou/scib_reproduce/outputs/baseline_extension_rapid/scmap_cell/lung_atlas/heldout_4/seed_40/predictions.csv,93785d5d8a826048cda443de0b7e6c007d6a1995e4622070162420a2ff9f3668,146.53142722137272,3923.640625,75.658,49.742,audited_single_seed_screen_promoted_to_v1_1_supplement
lung_atlas,B1,scmap_cell,40,official_scmap_cell,0.03952257803731926,0.026662747575570564,0.04672897196261682,0.5908304093567252,0.98,,30332,2140,,"[""B cell"", ""Ciliated"", ""Endothelium"", ""Fibroblast"", ""Lymphatic"", ""Macrophage"", ""Mast cell"", ""Neutrophil_CD14_high"", ""Secretory"", ""T/NK cell"", ""Type 1"", ""Type 2"", ""__unassigned__""]","[[0, 0, 0, 0, 0, 0, 0, 0, 0, 0, 0, 0, 6], [0, 12, 0, 0, 0, 0, 0, 0, 1, 0, 0, 0, 68], [0, 0, 0, 0, 0, 0, 0, 0, 0, 0, 0, 0, 40], [0, 0, 0, 0, 0, 0, 0, 0, 0, 0, 0, 0, 25], [0, 0, 0, 0, 0, 0, 0, 0, 0, 0, 0, 0, 44], [0, 0, 0, 0, 0, 85, 0, 1, 0, 0, 0, 0, 520], [0, 0, 0, 0, 0, 0, 0, 0, 0, 0, 0, 0, 40], [0, 0, 0, 0, 0, 0, 0, 0, 0, 0, 0, 0, 0], [0, 0, 0, 0, 0, 0, 0, 0, 0, 0, 0, 0, 70], [0, 0, 0, 0, 0, 0, 0, 0, 0, 0, 0, 0, 274], [0, 0, 0, 0, 0, 0, 0, 0, 0, 0, 1, 0, 204], [0, 0, 0, 0, 0, 0, 0, 0, 0, 0, 0, 0, 749], [0, 0, 0, 0, 0, 0, 0, 0, 0, 0, 0, 0, 0]]",/home/gzou/scib_reproduce/outputs/baseline_extension_rapid/scmap_cell/lung_atlas/heldout_B1/seed_40/predictions.csv,cb4af633c98551c1830ce90a15f8e3c83cab203a3f90acc9c3a748fabd8b5b5f,133.40696181729436,4048.6484375,80.282,21.876,audited_single_seed_screen_promoted_to_v1_1_supplement
pancreas,fluidigmc1,scmap_cell,40,official_scmap_cell,0.6160346160896006,0.6253013599009513,0.9373040752351097,0.7603148211102903,0.9749163879598662,,15744,638,,"[""__unassigned__"", ""acinar"", ""activated_stellate"", ""alpha"", ""beta"", ""delta"", ""ductal"", ""endothelial"", ""epsilon"", ""gamma"", ""macrophage"", ""mast"", ""quiescent_stellate"", ""schwann""]","[[0, 0, 0, 0, 0, 0, 0, 0, 0, 0, 0, 0, 0, 0], [0, 21, 0, 0, 0, 0, 0, 0, 0, 0, 0, 0, 0, 0], [0, 0, 16, 0, 0, 0, 0, 0, 0, 0, 0, 0, 0, 0], [9, 0, 0, 228, 2, 0, 0, 0, 0, 0, 0, 0, 0, 0], [14, 0, 0, 0, 244, 0, 0, 0, 0, 0, 0, 0, 0, 0], [4, 0, 0, 0, 4, 17, 0, 0, 0, 0, 0, 0, 0, 0], [6, 0, 0, 0, 0, 0, 30, 0, 0, 0, 0, 0, 0, 0], [3, 0, 0, 2, 1, 0, 0, 8, 0, 0, 0, 0, 0, 0], [1, 0, 0, 0, 0, 0, 0, 0, 0, 0, 0, 0, 0, 0], [0, 0, 0, 1, 0, 0, 0, 0, 0, 17, 0, 0, 0, 0], [0, 0, 0, 0, 0, 0, 0, 0, 0, 0, 1, 0, 0, 0], [1, 0, 0, 1, 0, 1, 0, 0, 0, 0, 0, 0, 0, 0], [0, 0, 1, 0, 0, 0, 0, 0, 0, 0, 0, 0, 0, 0], [2, 0, 0, 1, 1, 0, 0, 0, 0, 0, 0, 0, 0, 1]]",/home/gzou/scib_reproduce/outputs/baseline_extension_rapid/scmap_cell/pancreas/heldout_fluidigmc1/seed_40/predictions.csv,670658cc5d7213108200d0550ca790b64f76110feec8f6c5219fea3f35dee8f0,56.69714950397611,2446.76953125,34.155,1.878,audited_single_seed_screen_promoted_to_v1_1_supplement
pancreas,inDrop2,scmap_cell,40,official_scmap_cell,0.4563149647880146,0.4816442506072848,0.7790023201856149,0.813383692948704,0.9471332836932241,,14658,1724,,"[""__unassigned__"", ""acinar"", ""activated_stellate"", ""alpha"", ""beta"", ""delta"", ""ductal"", ""endothelial"", ""epsilon"", ""gamma"", ""macrophage"", ""mast"", ""quiescent_stellate"", ""schwann"", ""t_cell""]","[[0, 0, 0, 0, 0, 0, 0, 0, 0, 0, 0, 0, 0, 0, 0], [1, 2, 0, 0, 0, 0, 0, 0, 0, 0, 0, 0, 0, 0, 0], [4, 0, 77, 0, 0, 0, 0, 0, 0, 0, 0, 0, 0, 0, 0], [110, 0, 0, 565, 0, 0, 0, 0, 0, 1, 0, 0, 0, 0, 0], [72, 0, 0, 0, 299, 0, 0, 0, 0, 0, 0, 0, 0, 0, 0], [48, 0, 0, 0, 0, 77, 0, 0, 0, 0, 0, 0, 0, 0, 0], [52, 64, 0, 0, 0, 0, 185, 0, 0, 0, 0, 0, 0, 0, 0], [0, 0, 0, 0, 0, 0, 0, 23, 0, 0, 0, 0, 0, 0, 0], [2, 0, 0, 0, 0, 0, 0, 0, 0, 0, 0, 0, 0, 0, 0], [57, 0, 0, 1, 0, 0, 0, 0, 0, 28, 0, 0, 0, 0, 0], [2, 0, 0, 0, 0, 0, 0, 0, 0, 0, 15, 0, 0, 0, 0], [9, 0, 0, 0, 0, 0, 0, 0, 0, 0, 0, 0, 0, 0, 0], [16, 0, 4, 0, 1, 0, 0, 0, 0, 0, 0, 0, 1, 0, 0], [6, 0, 0, 0, 0, 0, 0, 0, 0, 0, 0, 0, 0, 0, 0], [2, 0, 0, 0, 0, 0, 0, 0, 0, 0, 0, 0, 0, 0, 0]]",/home/gzou/scib_reproduce/outputs/baseline_extension_rapid/scmap_cell/pancreas/heldout_inDrop2/seed_40/predictions.csv,3389afd27079ff992fe976bf78ce2e896ac6f770217f9f7a2ddcc16575e73cc1,74.19203122705221,2365.58984375,34.129,10.386,audited_single_seed_screen_promoted_to_v1_1_supplement
pancreas,inDrop3,scmap_cell,40,official_scmap_cell,0.4013628003682323,0.34405181293151943,0.5026352288488211,0.9658263963490312,0.9889624724061811,,12777,3605,,"[""__unassigned__"", ""acinar"", ""activated_stellate"", ""alpha"", ""beta"", ""delta"", ""ductal"", ""endothelial"", ""epsilon"", ""gamma"", ""macrophage"", ""mast"", ""quiescent_stellate"", ""schwann"", ""t_cell""]","[[0, 0, 0, 0, 0, 0, 0, 0, 0, 0, 0, 0, 0, 0, 0], [332, 501, 3, 0, 0, 0, 7, 0, 0, 0, 0, 0, 0, 0, 0], [21, 0, 79, 0, 0, 0, 0, 0, 0, 0, 0, 0, 0, 0, 0], [670, 1, 0, 458, 0, 0, 0, 0, 0, 1, 0, 0, 0, 0, 0], [461, 3, 0, 0, 323, 0, 0, 0, 0, 0, 0, 0, 0, 0, 0], [149, 0, 0, 0, 1, 11, 0, 0, 0, 0, 0, 0, 0, 0, 0], [48, 1, 0, 0, 0, 0, 327, 0, 0, 0, 0, 0, 0, 0, 0], [17, 0, 1, 0, 0, 0, 0, 74, 0, 0, 0, 0, 0, 0, 0], [2, 0, 0, 0, 0, 0, 0, 0, 0, 0, 0, 0, 0, 0, 0], [33, 0, 0, 0, 0, 0, 0, 0, 0, 3, 0, 0, 0, 0, 0], [7, 0, 0, 0, 0, 0, 0, 0, 0, 0, 7, 0, 0, 0, 0], [6, 0, 0, 0, 0, 0, 0, 0, 0, 0, 0, 1, 0, 0, 0], [44, 0, 2, 0, 0, 0, 0, 0, 0, 0, 0, 0, 8, 0, 0], [1, 0, 0, 0, 0, 0, 0, 0, 0, 0, 0, 0, 0, 0, 0], [2, 0, 0, 0, 0, 0, 0, 0, 0, 0, 0, 0, 0, 0, 0]]",/home/gzou/scib_reproduce/outputs/baseline_extension_rapid/scmap_cell/pancreas/heldout_inDrop3/seed_40/predictions.csv,fed5dd45e502d3c1ae5aa470dab68ae5d957f590055bd6c95e34c781679a1084,84.25141757680103,2329.0,29.021,32.586,audited_single_seed_screen_promoted_to_v1_1_supplement
immune_cell_human,10X,symphony_matched_pca40,40,common_distance_weighted_15nn,0.5977580259639729,0.7729770751365983,1.0,,,,22779,10727,40.0,"[""CD10+ B cells"", ""CD14+ Monocytes"", ""CD16+ Monocytes"", ""CD20+ B cells"", ""CD4+ T cells"", ""CD8+ T cells"", ""Erythroid progenitors"", ""HSPCs"", ""Megakaryocyte progenitors"", ""Monocyte progenitors"", ""Monocyte-derived dendritic cells"", ""NK cells"", ""NKT cells"", ""Plasma cells"", ""Plasmacytoid dendritic cells""]","[[0, 0, 0, 0, 0, 0, 0, 0, 0, 0, 0, 0, 0, 0, 0], [0, 3329, 54, 0, 0, 0, 0, 0, 0, 1, 3, 1, 0, 0, 0], [0, 17, 347, 0, 0, 0, 0, 0, 0, 0, 0, 0, 0, 0, 0], [1, 0, 0, 1535, 3, 0, 0, 0, 0, 0, 0, 1, 6, 0, 0], [0, 0, 0, 2, 2747, 126, 0, 0, 2, 0, 0, 9, 51, 0, 0], [0, 0, 0, 0, 50, 298, 0, 0, 0, 0, 0, 0, 2, 0, 0], [0, 0, 0, 0, 0, 0, 0, 0, 0, 0, 0, 0, 0, 0, 0], [2, 0, 0, 0, 0, 0, 22, 0, 4, 0, 0, 0, 0, 0, 0], [0, 0, 0, 0, 0, 0, 0, 0, 21, 0, 0, 0, 0, 0, 0], [0, 0, 0, 0, 0, 0, 0, 0, 0, 0, 0, 0, 0, 0, 0], [0, 15, 0, 0, 0, 0, 0, 1, 0, 0, 166, 0, 0, 0, 0], [0, 0, 0, 0, 0, 0, 0, 0, 0, 0, 0, 642, 114, 0, 0], [0, 0, 0, 0, 29, 5, 0, 0, 0, 0, 0, 237, 785, 0, 0], [0, 0, 0, 5, 1, 0, 3, 0, 8, 0, 0, 0, 0, 1, 0], [0, 0, 0, 0, 0, 0, 0, 0, 0, 0, 0, 0, 0, 0, 81]]",/home/gzou/scib_reproduce/outputs/baseline_extension_rapid/symphony_matched_pca40/immune_cell_human/heldout_10X/seed_40/embedding.npz,ebc9697d2cbd7d38d55f2e21d2c5ea876909779e516787caf3baec9193cd7a28,38.185948349069804,1117.4921875,10.57066792795062,0.917,audited_single_seed_screen_promoted_to_v1_1_supplement
immune_cell_human,Oetjen_A,symphony_matched_pca40,40,common_distance_weighted_15nn,0.6382881948810617,0.6856104449840722,1.0,,,,30920,2586,40.0,"[""CD10+ B cells"", ""CD14+ Monocytes"", ""CD16+ Monocytes"", ""CD20+ B cells"", ""CD4+ T cells"", ""CD8+ T cells"", ""Erythrocytes"", ""Erythroid progenitors"", ""HSPCs"", ""Megakaryocyte progenitors"", ""Monocyte progenitors"", ""Monocyte-derived dendritic cells"", ""NK cells"", ""NKT cells"", ""Plasma cells"", ""Plasmacytoid dendritic cells""]","[[12, 0, 0, 2, 1, 0, 0, 76, 0, 0, 0, 0, 0, 0, 0, 0], [0, 347, 1, 0, 0, 0, 0, 0, 0, 0, 0, 1, 0, 1, 0, 0], [0, 0, 61, 0, 0, 0, 0, 0, 0, 0, 0, 0, 0, 0, 0, 0], [0, 0, 0, 43, 0, 0, 0, 0, 0, 0, 0, 0, 0, 0, 0, 0], [0, 0, 0, 1, 547, 26, 1, 0, 0, 0, 0, 0, 0, 2, 0, 0], [0, 0, 0, 0, 38, 55, 0, 0, 0, 0, 0, 0, 0, 0, 0, 0], [0, 1, 0, 0, 0, 0, 183, 2, 0, 0, 0, 0, 0, 0, 0, 0], [0, 0, 0, 0, 0, 0, 8, 97, 0, 7, 0, 0, 0, 0, 0, 0], [2, 1, 0, 0, 1, 0, 0, 144, 5, 66, 4, 1, 1, 2, 0, 0], [0, 0, 0, 0, 1, 0, 0, 61, 0, 10, 0, 0, 0, 0, 0, 0], [0, 52, 0, 0, 0, 0, 1, 26, 0, 44, 56, 4, 0, 0, 0, 0], [1, 1, 0, 0, 0, 0, 0, 0, 0, 1, 1, 85, 0, 0, 0, 0], [0, 0, 0, 1, 0, 0, 0, 0, 0, 0, 0, 0, 25, 0, 0, 0], [0, 0, 0, 3, 38, 0, 1, 0, 0, 0, 0, 0, 61, 286, 0, 0], [0, 0, 0, 7, 0, 0, 1, 0, 0, 6, 0, 0, 3, 3, 13, 0], [0, 0, 0, 0, 0, 0, 0, 0, 1, 0, 1, 0, 0, 0, 1, 51]]",/home/gzou/scib_reproduce/outputs/baseline_extension_rapid/symphony_matched_pca40/immune_cell_human/heldout_Oetjen_A/seed_40/embedding.npz,260be9ebc60a18a54feca7bc38766bd04622f17663ebe8246e5711dc12c470db,32.10518143558875,1256.17578125,17.475014083012937,0.257,audited_single_seed_screen_promoted_to_v1_1_supplement
immune_cell_human,Villani,symphony_matched_pca40,40,common_distance_weighted_15nn,0.27257190029324424,0.7403033190689918,1.0,,,,32484,1022,40.0,"[""CD14+ Monocytes"", ""CD16+ Monocytes"", ""CD20+ B cells"", ""CD4+ T cells"", ""HSPCs"", ""Megakaryocyte progenitors"", ""Monocyte-derived dendritic cells"", ""NK cells"", ""NKT cells"", ""Plasmacytoid dendritic cells""]","[[143, 0, 0, 0, 0, 1, 0, 0, 1, 0], [85, 79, 0, 1, 0, 0, 0, 0, 6, 1], [0, 0, 0, 0, 0, 0, 0, 0, 0, 0], [0, 0, 0, 0, 0, 0, 0, 0, 0, 0], [0, 0, 0, 0, 0, 0, 0, 0, 0, 0], [0, 0, 0, 0, 0, 0, 0, 0, 0, 0], [58, 170, 12, 0, 1, 0, 291, 1, 1, 0], [0, 0, 0, 0, 0, 0, 0, 0, 0, 0], [0, 0, 0, 0, 0, 0, 0, 0, 0, 0], [0, 0, 3, 0, 1, 0, 1, 0, 0, 166]]",/home/gzou/scib_reproduce/outputs/baseline_extension_rapid/symphony_matched_pca40/immune_cell_human/heldout_Villani/seed_40/embedding.npz,c3dbfc90e2b2b8a331600d9428aac2d58ade6b90b16bd77fa069c9148464c771,27.66873055882752,1296.91796875,19.09266319528222,0.164,audited_single_seed_screen_promoted_to_v1_1_supplement
lung_atlas,3,symphony_matched_pca40,40,common_distance_weighted_15nn,0.5072323935499611,0.764900764198585,1.0,,,,32010,462,40.0,"[""B cell"", ""Ciliated"", ""Dendritic cell"", ""Endothelium"", ""Fibroblast"", ""Macrophage"", ""Mast cell"", ""Neutrophil_CD14_high"", ""Neutrophils_IL1R2"", ""Secretory"", ""T/NK cell"", ""Type 1"", ""Type 2""]","[[3, 0, 0, 0, 0, 0, 0, 0, 0, 0, 0, 0, 0], [0, 10, 0, 0, 0, 0, 0, 0, 0, 2, 0, 0, 0], [10, 0, 22, 0, 0, 66, 0, 0, 0, 0, 0, 0, 0], [0, 0, 0, 0, 0, 0, 0, 0, 0, 0, 0, 0, 0], [0, 0, 0, 0, 25, 0, 0, 0, 0, 0, 0, 0, 0], [0, 0, 0, 0, 0, 8, 0, 0, 0, 0, 0, 0, 0], [0, 0, 0, 1, 0, 1, 96, 0, 0, 0, 0, 0, 0], [0, 0, 0, 0, 0, 5, 0, 6, 2, 0, 0, 0, 0], [1, 0, 0, 0, 0, 6, 0, 2, 2, 0, 0, 0, 0], [0, 0, 0, 0, 0, 0, 0, 0, 0, 0, 0, 0, 0], [0, 0, 0, 0, 0, 0, 0, 0, 1, 0, 58, 0, 0], [0, 0, 0, 0, 0, 0, 0, 0, 0, 0, 0, 0, 0], [0, 0, 0, 0, 0, 0, 0, 0, 0, 0, 0, 2, 133]]",/home/gzou/scib_reproduce/outputs/baseline_extension_rapid/symphony_matched_pca40/lung_atlas/heldout_3/seed_40/embedding.npz,ac1ff2c75462edfab26672ca76d6d7c83645d8c72361da200d6cee7470be3373,30.828828315250576,1273.93359375,21.095905720353127,0.021,audited_single_seed_screen_promoted_to_v1_1_supplement
lung_atlas,4,symphony_matched_pca40,40,common_distance_weighted_15nn,0.5406008478933838,0.7806575200383704,1.0,,,,28709,3763,40.0,"[""B cell"", ""Basal 1"", ""Basal 2"", ""Ciliated"", ""Dendritic cell"", ""Endothelium"", ""Fibroblast"", ""Lymphatic"", ""Macrophage"", ""Neutrophil_CD14_high"", ""Neutrophils_IL1R2"", ""Secretory"", ""T/NK cell"", ""Type 1"", ""Type 2""]","[[2, 0, 0, 0, 0, 0, 0, 0, 1, 0, 0, 0, 1, 0, 0], [0, 0, 0, 0, 0, 0, 0, 0, 0, 0, 0, 0, 0, 0, 0], [0, 1, 1, 0, 0, 0, 0, 0, 0, 0, 0, 0, 0, 0, 0], [0, 0, 1, 3, 0, 0, 0, 0, 0, 0, 0, 3, 0, 0, 1], [1, 0, 0, 0, 101, 0, 0, 0, 40, 5, 3, 0, 0, 0, 0], [0, 0, 0, 0, 0, 48, 0, 0, 0, 0, 0, 0, 0, 0, 0], [0, 0, 0, 0, 0, 0, 212, 0, 0, 0, 0, 0, 0, 0, 0], [0, 0, 0, 0, 0, 1, 0, 75, 0, 0, 0, 0, 0, 0, 0], [4, 0, 0, 0, 67, 3, 0, 0, 1630, 106, 8, 0, 0, 0, 10], [0, 0, 0, 0, 1, 0, 0, 0, 0, 5, 1, 0, 0, 0, 0], [0, 0, 0, 0, 0, 0, 0, 0, 0, 0, 0, 0, 0, 0, 0], [0, 0, 0, 0, 0, 0, 0, 0, 0, 0, 0, 5, 0, 0, 0], [0, 0, 0, 0, 1, 0, 0, 0, 0, 0, 0, 0, 3, 0, 0], [0, 0, 0, 0, 0, 0, 0, 0, 0, 0, 0, 0, 0, 0, 0], [10, 0, 0, 2, 0, 0, 0, 0, 0, 0, 0, 3, 0, 18, 1386]]",/home/gzou/scib_reproduce/outputs/baseline_extension_rapid/symphony_matched_pca40/lung_atlas/heldout_4/seed_40/embedding.npz,43e108fad6ff3c1a878172c12200e363c3f1a1b4247373d7eceacbeb04e8e33f,20.094518264289945,1211.390625,12.977908851299436,0.432,audited_single_seed_screen_promoted_to_v1_1_supplement
lung_atlas,B1,symphony_matched_pca40,40,common_distance_weighted_15nn,0.5394927299846118,0.7724680029045512,1.0,,,,30332,2140,40.0,"[""B cell"", ""Basal 1"", ""Basal 2"", ""Ciliated"", ""Dendritic cell"", ""Endothelium"", ""Fibroblast"", ""Ionocytes"", ""Lymphatic"", ""Macrophage"", ""Mast cell"", ""Neutrophil_CD14_high"", ""Secretory"", ""T/NK cell"", ""Type 1"", ""Type 2""]","[[1, 0, 0, 0, 0, 0, 0, 0, 0, 0, 0, 0, 0, 3, 0, 2], [0, 0, 0, 0, 0, 0, 0, 0, 0, 0, 0, 0, 0, 0, 0, 0], [0, 0, 0, 0, 0, 0, 0, 0, 0, 0, 0, 0, 0, 0, 0, 0], [0, 0, 4, 67, 0, 0, 0, 0, 0, 0, 0, 0, 10, 0, 0, 0], [0, 0, 0, 0, 0, 0, 0, 0, 0, 0, 0, 0, 0, 0, 0, 0], [0, 0, 0, 0, 0, 39, 0, 0, 0, 0, 0, 0, 0, 0, 0, 1], [0, 0, 0, 0, 0, 0, 25, 0, 0, 0, 0, 0, 0, 0, 0, 0], [0, 0, 0, 0, 0, 0, 0, 0, 0, 0, 0, 0, 0, 0, 0, 0], [0, 1, 0, 0, 0, 0, 0, 0, 41, 0, 0, 0, 0, 1, 0, 1], [25, 0, 0, 0, 5, 0, 0, 0, 0, 533, 2, 7, 7, 7, 0, 20], [0, 0, 0, 0, 0, 0, 0, 0, 0, 0, 40, 0, 0, 0, 0, 0], [0, 0, 0, 0, 0, 0, 0, 0, 0, 0, 0, 0, 0, 0, 0, 0], [1, 8, 1, 0, 0, 0, 0, 0, 0, 4, 0, 0, 15, 0, 0, 41], [0, 0, 0, 0, 0, 0, 0, 0, 0, 2, 1, 0, 0, 271, 0, 0], [0, 1, 0, 0, 0, 0, 0, 48, 0, 0, 0, 0, 0, 0, 125, 31], [48, 1, 0, 0, 0, 0, 0, 0, 0, 5, 2, 0, 4, 7, 5, 677]]",/home/gzou/scib_reproduce/outputs/baseline_extension_rapid/symphony_matched_pca40/lung_atlas/heldout_B1/seed_40/embedding.npz,8713bc000994f4bd11a31d2ec0ed344e9421e8abdfd4b6187f4ecf70de2e87ee,24.571476840414107,1231.87109375,16.863334089256824,0.218,audited_single_seed_screen_promoted_to_v1_1_supplement
pancreas,fluidigmc1,symphony_matched_pca40,40,common_distance_weighted_15nn,0.7784833331667634,0.8556810075796648,1.0,,,,15744,638,40.0,"[""acinar"", ""activated_stellate"", ""alpha"", ""beta"", ""delta"", ""ductal"", ""endothelial"", ""epsilon"", ""gamma"", ""macrophage"", ""mast"", ""quiescent_stellate"", ""schwann"", ""t_cell""]","[[21, 0, 0, 0, 0, 0, 0, 0, 0, 0, 0, 0, 0, 0], [0, 15, 0, 0, 0, 0, 0, 0, 0, 0, 0, 1, 0, 0], [0, 0, 237, 1, 0, 0, 0, 0, 1, 0, 0, 0, 0, 0], [1, 0, 2, 255, 0, 0, 0, 0, 0, 0, 0, 0, 0, 0], [0, 0, 1, 4, 20, 0, 0, 0, 0, 0, 0, 0, 0, 0], [0, 0, 0, 0, 0, 34, 0, 0, 0, 0, 1, 0, 0, 1], [1, 0, 0, 0, 0, 0, 13, 0, 0, 0, 0, 0, 0, 0], [0, 0, 0, 0, 0, 0, 0, 1, 0, 0, 0, 0, 0, 0], [0, 0, 0, 0, 0, 0, 0, 0, 18, 0, 0, 0, 0, 0], [0, 0, 0, 0, 0, 0, 0, 0, 0, 1, 0, 0, 0, 0], [0, 0, 1, 0, 1, 0, 0, 0, 0, 0, 1, 0, 0, 0], [0, 0, 0, 0, 0, 0, 0, 0, 0, 0, 0, 1, 0, 0], [0, 0, 1, 2, 0, 0, 0, 0, 0, 0, 0, 1, 1, 0], [0, 0, 0, 0, 0, 0, 0, 0, 0, 0, 0, 0, 0, 0]]",/home/gzou/scib_reproduce/outputs/baseline_extension_rapid/symphony_matched_pca40/pancreas/heldout_fluidigmc1/seed_40/embedding.npz,5a1d1612b0ad84cd3a6ed91b960a83791ea6f83dac12ae2f93307c15d8de5747,24.298974439967424,919.63671875,8.994920255113392,0.147,audited_single_seed_screen_promoted_to_v1_1_supplement
pancreas,inDrop2,symphony_matched_pca40,40,common_distance_weighted_15nn,0.7782732213529128,0.8343309368858332,1.0,,,,14658,1724,40.0,"[""acinar"", ""activated_stellate"", ""alpha"", ""beta"", ""delta"", ""ductal"", ""endothelial"", ""epsilon"", ""gamma"", ""macrophage"", ""mast"", ""quiescent_stellate"", ""schwann"", ""t_cell""]","[[3, 0, 0, 0, 0, 0, 0, 0, 0, 0, 0, 0, 0, 0], [0, 75, 1, 1, 0, 0, 0, 0, 0, 0, 0, 4, 0, 0], [0, 0, 665, 9, 0, 0, 0, 0, 2, 0, 0, 0, 0, 0], [0, 0, 0, 370, 1, 0, 0, 0, 0, 0, 0, 0, 0, 0], [0, 0, 0, 0, 125, 0, 0, 0, 0, 0, 0, 0, 0, 0], [92, 0, 0, 0, 0, 209, 0, 0, 0, 0, 0, 0, 0, 0], [0, 0, 0, 0, 0, 0, 23, 0, 0, 0, 0, 0, 0, 0], [0, 0, 0, 0, 1, 0, 0, 1, 0, 0, 0, 0, 0, 0], [0, 0, 0, 0, 0, 0, 0, 0, 86, 0, 0, 0, 0, 0], [0, 0, 0, 0, 0, 0, 0, 0, 0, 15, 2, 0, 0, 0], [0, 0, 0, 0, 0, 0, 0, 0, 0, 0, 9, 0, 0, 0], [0, 0, 1, 1, 0, 0, 0, 0, 0, 0, 0, 19, 1, 0], [0, 0, 0, 0, 0, 1, 0, 0, 0, 0, 0, 0, 5, 0], [0, 0, 0, 0, 0, 0, 0, 0, 0, 0, 2, 0, 0, 0]]",/home/gzou/scib_reproduce/outputs/baseline_extension_rapid/symphony_matched_pca40/pancreas/heldout_inDrop2/seed_40/embedding.npz,e7c9599f58e2fbd30d410c47bbbee5a86ed401d500051d336953a7b20ddaad51,15.507584537845105,933.71875,6.721000480819494,0.198,audited_single_seed_screen_promoted_to_v1_1_supplement
pancreas,inDrop3,symphony_matched_pca40,40,common_distance_weighted_15nn,0.8347777711721746,0.8530096645613314,1.0,,,,12777,3605,40.0,"[""acinar"", ""activated_stellate"", ""alpha"", ""beta"", ""delta"", ""ductal"", ""endothelial"", ""epsilon"", ""gamma"", ""macrophage"", ""mast"", ""quiescent_stellate"", ""schwann"", ""t_cell""]","[[835, 3, 0, 0, 0, 3, 0, 0, 0, 0, 0, 2, 0, 0], [0, 97, 0, 0, 0, 0, 0, 0, 0, 0, 0, 3, 0, 0], [2, 0, 1112, 15, 0, 0, 0, 0, 1, 0, 0, 0, 0, 0], [7, 0, 2, 776, 1, 0, 0, 0, 0, 0, 0, 0, 0, 1], [1, 0, 0, 16, 144, 0, 0, 0, 0, 0, 0, 0, 0, 0], [1, 0, 0, 1, 0, 374, 0, 0, 0, 0, 0, 0, 0, 0], [0, 2, 0, 0, 0, 0, 90, 0, 0, 0, 0, 0, 0, 0], [0, 0, 0, 1, 0, 0, 0, 1, 0, 0, 0, 0, 0, 0], [1, 0, 1, 3, 0, 0, 0, 0, 31, 0, 0, 0, 0, 0], [0, 0, 0, 0, 0, 0, 0, 0, 0, 12, 2, 0, 0, 0], [0, 0, 0, 0, 0, 0, 0, 0, 0, 0, 7, 0, 0, 0], [0, 2, 1, 0, 0, 0, 0, 0, 0, 0, 0, 50, 1, 0], [0, 0, 0, 0, 0, 0, 0, 0, 0, 0, 0, 0, 1, 0], [0, 0, 0, 0, 0, 0, 0, 0, 0, 0, 2, 0, 0, 0]]",/home/gzou/scib_reproduce/outputs/baseline_extension_rapid/symphony_matched_pca40/pancreas/heldout_inDrop3/seed_40/embedding.npz,5f546bb928612f25658e6e7c258ed558fe2aa1fa472fd5a4fc289882bfd0f864,14.63436771882698,925.76953125,5.469765108000487,0.517,audited_single_seed_screen_promoted_to_v1_1_supplement
