run,job_index,job_id,dataset_id,method,track,seed,preprocessing_profile,output_type,scib_commit,metric__ARI_cluster/label,status__ARI_cluster/label,metric__ASW_label,status__ASW_label,metric__ASW_label/batch,status__ASW_label/batch,metric__NMI_cluster/label,status__NMI_cluster/label,metric__PCR_batch,status__PCR_batch,metric__cLISI,status__cLISI,metric__cell_cycle_conservation,status__cell_cycle_conservation,metric__graph_conn,status__graph_conn,metric__hvg_overlap,status__hvg_overlap,metric__iLISI,status__iLISI,metric__isolated_label_F1,status__isolated_label_F1,metric__isolated_label_silhouette,status__isolated_label_silhouette,metric__kBET,status__kBET,metric__trajectory,status__trajectory,split_seed,model_seed,anchor_seed,split_id,heldout_batch
primary_128d,0,core__immune_cell_human__hvg2000_pca40__solar_none__random_seed_40__s40__a0__l1p00,immune_cell_human,solar_none,core,40,hvg2000_pca40,embed,e2a37e0ed63dc34b60aa535cc656400552af757a,0.3399497858320074,computed,0.8266893029212952,computed,0.8680868677607676,computed,0.7370763207246016,computed,0.6819061989362755,computed,0.9999999999999998,computed,0.6382920536403975,computed,0.9906886146404037,computed,,not_applicable,1.0713668234595453,computed,0.9083885100414831,computed,0.49309893837198615,computed,0.028873863572189462,computed,0.3021617782671211,computed,40.0,40.0,0.0,random_seed_40,
primary_128d,1,core__immune_cell_human__hvg2000_pca40__solar_none__random_seed_41__s41__a0__l1p00,immune_cell_human,solar_none,core,41,hvg2000_pca40,embed,e2a37e0ed63dc34b60aa535cc656400552af757a,0.3458309366342107,computed,0.8300161957740784,computed,0.8705690491578905,computed,0.7404251317407625,computed,0.7271126258670467,computed,0.9999999999999998,computed,0.6623292616442965,computed,0.9906830741642216,computed,,not_applicable,1.10238196418545,computed,0.8995403131355921,computed,0.493098936509341,computed,0.03464188326262607,computed,0.556817380388137,computed,41.0,41.0,0.0,random_seed_41,
primary_128d,2,core__immune_cell_human__hvg2000_pca40__solar_none__random_seed_42__s42__a0__l1p00,immune_cell_human,solar_none,core,42,hvg2000_pca40,embed,e2a37e0ed63dc34b60aa535cc656400552af757a,0.3425039223299673,computed,0.8302789032459259,computed,0.8669978703829007,computed,0.7416381231163365,computed,0.7135506501690404,computed,0.9999999999999998,computed,0.6494950842820708,computed,0.9846298440670922,computed,,not_applicable,1.1200471615444396,computed,0.905777144519783,computed,0.4930989402346313,computed,0.029662570385586173,computed,0.855101449640379,computed,42.0,42.0,0.0,random_seed_42,
primary_128d,3,core__immune_cell_human__hvg2000_pca40__solar_none__random_seed_43__s43__a0__l1p00,immune_cell_human,solar_none,core,43,hvg2000_pca40,embed,e2a37e0ed63dc34b60aa535cc656400552af757a,0.37838357387358884,computed,0.8271894752979279,computed,0.8702306583995804,computed,0.746013820697336,computed,0.7066937070855025,computed,0.9999999999999998,computed,0.6691458882358818,computed,0.9928956398793332,computed,,not_applicable,1.078488684472208,computed,0.8993909211072099,computed,0.4930989374406636,computed,0.022077818473685173,computed,0.8550654323305873,computed,43.0,43.0,0.0,random_seed_43,
primary_128d,4,core__immune_cell_human__hvg2000_pca40__solar_none__random_seed_44__s44__a0__l1p00,immune_cell_human,solar_none,core,44,hvg2000_pca40,embed,e2a37e0ed63dc34b60aa535cc656400552af757a,0.3427780718468631,computed,0.8248645067214966,computed,0.8656077316930326,computed,0.7352859039753064,computed,0.6980787113479344,computed,0.9999999999999998,computed,0.6508425100677024,computed,0.9903638433579669,computed,,not_applicable,1.0333868823122598,computed,0.9029681598457782,computed,0.4930989355780184,computed,0.02941036210639214,computed,0.5548071391160168,computed,44.0,44.0,0.0,random_seed_44,
primary_128d,5,core__immune_cell_human__hvg2000_pca40__solar_orthogonal__random_seed_40__s40__a0__l1p00,immune_cell_human,solar_orthogonal,core,40,hvg2000_pca40,embed,e2a37e0ed63dc34b60aa535cc656400552af757a,0.3415607963382056,computed,0.8387460112571716,computed,0.8549953336625364,computed,0.7350487341561537,computed,0.7200126675383561,computed,0.9999999999999998,computed,0.5696589791423647,computed,0.9891277980944996,computed,,not_applicable,1.375381102801767,computed,0.9013734741294414,computed,0.49309893837198615,computed,0.025262576607851916,computed,0.5540737853227762,computed,40.0,40.0,0.0,random_seed_40,
primary_128d,6,core__immune_cell_human__hvg2000_pca40__solar_orthogonal__random_seed_41__s41__a0__l1p00,immune_cell_human,solar_orthogonal,core,41,hvg2000_pca40,embed,e2a37e0ed63dc34b60aa535cc656400552af757a,0.3340536645137189,computed,0.8491791188716888,computed,0.85606302557174,computed,0.7372363630358553,computed,0.7169067249365834,computed,0.9999999999999998,computed,0.5703514623542378,computed,0.9900663375805161,computed,,not_applicable,1.3899366493891732,computed,0.8961828824706688,computed,0.493098936509341,computed,0.025127554214336767,computed,0.8513570025829511,computed,41.0,41.0,0.0,random_seed_41,
primary_128d,7,core__immune_cell_human__hvg2000_pca40__solar_orthogonal__random_seed_42__s42__a0__l1p00,immune_cell_human,solar_orthogonal,core,42,hvg2000_pca40,embed,e2a37e0ed63dc34b60aa535cc656400552af757a,0.33833489911242565,computed,0.8521970212459564,computed,0.855422032458824,computed,0.7403991298127228,computed,0.7327696087871634,computed,0.9999999999999998,computed,0.5678228238641474,computed,0.9905654796577816,computed,,not_applicable,1.3290441190018116,computed,0.9074332966185508,computed,0.4930989402346313,computed,0.018097129528786504,computed,0.8516941578935223,computed,42.0,42.0,0.0,random_seed_42,
primary_128d,8,core__immune_cell_human__hvg2000_pca40__solar_orthogonal__random_seed_43__s43__a0__l1p00,immune_cell_human,solar_orthogonal,core,43,hvg2000_pca40,embed,e2a37e0ed63dc34b60aa535cc656400552af757a,0.348463926915637,computed,0.8506599068641663,computed,0.8544132503434527,computed,0.7445159795334405,computed,0.7229512681981967,computed,0.9999999999999998,computed,0.5745194712931321,computed,0.9916791302541054,computed,,not_applicable,1.4466052816859625,computed,0.8784843060235344,computed,0.4930989374406636,computed,0.02118613667133662,computed,0.8537634160265468,computed,43.0,43.0,0.0,random_seed_43,
primary_128d,9,core__immune_cell_human__hvg2000_pca40__solar_orthogonal__random_seed_44__s44__a0__l1p00,immune_cell_human,solar_orthogonal,core,44,hvg2000_pca40,embed,e2a37e0ed63dc34b60aa535cc656400552af757a,0.37099224236577844,computed,0.8466886579990387,computed,0.8531712504506826,computed,0.7507582990514312,computed,0.717696417804757,computed,0.9999999999999998,computed,0.5708222060082091,computed,0.990422020021823,computed,,not_applicable,1.4188217444088602,computed,0.9035388112214489,computed,0.4930989355780184,computed,0.023731230812119142,computed,0.4512348368046119,computed,44.0,44.0,0.0,random_seed_44,
primary_128d,10,core__immune_cell_human__hvg2000_pca40__solar_orthogonal_uniq__random_seed_40__s40__a0__l1p00,immune_cell_human,solar_orthogonal_uniq,core,40,hvg2000_pca40,embed,e2a37e0ed63dc34b60aa535cc656400552af757a,0.34303985881124055,computed,0.8124856352806091,computed,0.8732029384565527,computed,0.7311778589583307,computed,0.7010179953068514,computed,0.9999999999999996,computed,0.6332836171490797,computed,0.9918148288920634,computed,,not_applicable,1.0252721334274173,computed,0.8923466008716276,computed,0.49309893837198615,computed,0.025557321720739656,computed,0.853347093206308,computed,40.0,40.0,0.0,random_seed_40,
primary_128d,11,core__immune_cell_human__hvg2000_pca40__solar_orthogonal_uniq__random_seed_41__s41__a0__l1p00,immune_cell_human,solar_orthogonal_uniq,core,41,hvg2000_pca40,embed,e2a37e0ed63dc34b60aa535cc656400552af757a,0.3424099361214735,computed,0.8239738047122955,computed,0.8784315564172893,computed,0.7377494313459033,computed,0.719671647764369,computed,0.9999999999999998,computed,0.6506948969009737,computed,0.990135353984849,computed,,not_applicable,1.0393663651634784,computed,0.901439238133777,computed,0.493098936509341,computed,0.021855974663011812,computed,0.8464592611366603,computed,41.0,41.0,0.0,random_seed_41,
primary_128d,12,core__immune_cell_human__hvg2000_pca40__solar_orthogonal_uniq__random_seed_42__s42__a0__l1p00,immune_cell_human,solar_orthogonal_uniq,core,42,hvg2000_pca40,embed,e2a37e0ed63dc34b60aa535cc656400552af757a,0.34566130463485334,computed,0.8238659501075745,computed,0.873582783006761,computed,0.7394874182596839,computed,0.7075413634789717,computed,0.9999999999999998,computed,0.6477586879667498,computed,0.9907741941214846,computed,,not_applicable,1.0250926340097686,computed,0.9065439409661158,computed,0.4930989402346313,computed,0.023331284600187296,computed,0.8521221638660428,computed,42.0,42.0,0.0,random_seed_42,
primary_128d,13,core__immune_cell_human__hvg2000_pca40__solar_orthogonal_uniq__random_seed_43__s43__a0__l1p00,immune_cell_human,solar_orthogonal_uniq,core,43,hvg2000_pca40,embed,e2a37e0ed63dc34b60aa535cc656400552af757a,0.3308665194056851,computed,0.8247157037258148,computed,0.8765403526642395,computed,0.7341603123343579,computed,0.7170838165027121,computed,0.9999999999999998,computed,0.6396005234309933,computed,0.9918206706381303,computed,,not_applicable,1.0160525105631484,computed,0.9006309950515606,computed,0.4930989374406636,computed,0.01776423835274077,computed,0.85133899877023,computed,43.0,43.0,0.0,random_seed_43,
primary_128d,14,core__immune_cell_human__hvg2000_pca40__solar_orthogonal_uniq__random_seed_44__s44__a0__l1p00,immune_cell_human,solar_orthogonal_uniq,core,44,hvg2000_pca40,embed,e2a37e0ed63dc34b60aa535cc656400552af757a,0.36475425411052975,computed,0.8206893801689148,computed,0.8710231535720916,computed,0.7405799409981202,computed,0.7086410340013946,computed,0.9999999999999998,computed,0.6557165988203387,computed,0.9916230840754475,computed,,not_applicable,1.0342445016823278,computed,0.8990494479367241,computed,0.4930989355780184,computed,0.024806071580643074,computed,0.8467144104504565,computed,44.0,44.0,0.0,random_seed_44,
primary_128d,15,core__lung_atlas__hvg2000_pca40__solar_none__random_seed_40__s40__a0__l1p00,lung_atlas,solar_none,core,40,hvg2000_pca40,embed,e2a37e0ed63dc34b60aa535cc656400552af757a,0.48761074577907804,computed,0.8321645259857178,computed,0.8437264128126836,computed,0.8003955714944874,computed,0.5977133147253392,computed,0.9999999999999998,computed,0.7189910465435301,computed,0.7563779154311723,computed,,not_applicable,0.7959067938447768,computed,0.9380116959064329,computed,0.513547083362937,computed,0.009461367797326203,computed,,not_applicable,40.0,40.0,0.0,random_seed_40,
primary_128d,16,core__lung_atlas__hvg2000_pca40__solar_none__random_seed_41__s41__a0__l1p00,lung_atlas,solar_none,core,41,hvg2000_pca40,embed,e2a37e0ed63dc34b60aa535cc656400552af757a,0.4783313819671357,computed,0.8290476202964783,computed,0.8475818436087084,computed,0.7966480895173164,computed,0.6132501281889892,computed,0.9999999999999996,computed,0.7454208139134231,computed,0.8129037689429863,computed,,not_applicable,0.8211008540417561,computed,0.9298043728423475,computed,0.5135470787063241,computed,0.009146017600298206,computed,,not_applicable,41.0,41.0,0.0,random_seed_41,
primary_128d,17,core__lung_atlas__hvg2000_pca40__solar_none__random_seed_42__s42__a0__l1p00,lung_atlas,solar_none,core,42,hvg2000_pca40,embed,e2a37e0ed63dc34b60aa535cc656400552af757a,0.4861436124337638,computed,0.82512566447258,computed,0.8429983857440306,computed,0.7991390915205203,computed,0.6219408161392327,computed,0.9999999999999996,computed,0.7581003367274786,computed,0.7549521835293027,computed,,not_applicable,0.815303072529038,computed,0.9241223103057757,computed,0.5135470852255821,computed,0.00749607464817692,computed,,not_applicable,42.0,42.0,0.0,random_seed_42,
primary_128d,18,core__lung_atlas__hvg2000_pca40__solar_none__random_seed_43__s43__a0__l1p00,lung_atlas,solar_none,core,43,hvg2000_pca40,embed,e2a37e0ed63dc34b60aa535cc656400552af757a,0.5048726233495471,computed,0.8405100107192993,computed,0.8435514025638199,computed,0.8097837560574794,computed,0.58680562245217,computed,0.9999999999999998,computed,0.7277366297203364,computed,0.8141615441035782,computed,,not_applicable,0.8637520453372178,computed,0.9391504018369691,computed,0.5135470824316144,computed,0.013118017819710115,computed,,not_applicable,43.0,43.0,0.0,random_seed_43,
primary_128d,19,core__lung_atlas__hvg2000_pca40__solar_none__random_seed_44__s44__a0__l1p00,lung_atlas,solar_none,core,44,hvg2000_pca40,embed,e2a37e0ed63dc34b60aa535cc656400552af757a,0.5183091817332027,computed,0.8354714214801788,computed,0.8468615472811528,computed,0.8133564333508223,computed,0.6182698884316885,computed,0.9999999999999998,computed,0.7426664153186812,computed,0.8722521861701702,computed,,not_applicable,0.850012667979338,computed,0.9390103567318757,computed,0.5135470815002918,computed,0.014472079169897456,computed,,not_applicable,44.0,44.0,0.0,random_seed_44,
primary_128d,20,core__lung_atlas__hvg2000_pca40__solar_orthogonal__random_seed_40__s40__a0__l1p00,lung_atlas,solar_orthogonal,core,40,hvg2000_pca40,embed,e2a37e0ed63dc34b60aa535cc656400552af757a,0.5456540421780856,computed,0.8586778938770294,computed,0.8230384592686879,computed,0.8180307781294592,computed,0.6753935892734119,computed,0.9999999999999998,computed,0.7207119982095739,computed,0.7559284152301842,computed,,not_applicable,1.0871605411537706,computed,0.9339513325608342,computed,0.513547083362937,computed,0.013607798931706161,computed,,not_applicable,40.0,40.0,0.0,random_seed_40,
primary_128d,21,core__lung_atlas__hvg2000_pca40__solar_orthogonal__random_seed_41__s41__a0__l1p00,lung_atlas,solar_orthogonal,core,41,hvg2000_pca40,embed,e2a37e0ed63dc34b60aa535cc656400552af757a,0.5125332566177462,computed,0.8573581278324127,computed,0.8281307399312492,computed,0.8049975728547777,computed,0.67130720099817,computed,0.9999999999999998,computed,0.733736528075906,computed,0.8127008010211959,computed,,not_applicable,1.070492349715391,computed,0.9367088607594936,computed,0.5135470787063241,computed,0.01713933160044001,computed,,not_applicable,41.0,41.0,0.0,random_seed_41,
primary_128d,22,core__lung_atlas__hvg2000_pca40__solar_orthogonal__random_seed_42__s42__a0__l1p00,lung_atlas,solar_orthogonal,core,42,hvg2000_pca40,embed,e2a37e0ed63dc34b60aa535cc656400552af757a,0.48721019973261526,computed,0.8528972864151001,computed,0.8221877046749304,computed,0.7992561604382398,computed,0.6738900376657798,computed,0.9999999999999998,computed,0.7307175814583037,computed,0.8127253879292728,computed,,not_applicable,1.0628151962625534,computed,0.941860465116279,computed,0.5135470852255821,computed,0.006292433818226084,computed,,not_applicable,42.0,42.0,0.0,random_seed_42,
primary_128d,23,core__lung_atlas__hvg2000_pca40__solar_orthogonal__random_seed_43__s43__a0__l1p00,lung_atlas,solar_orthogonal,core,43,hvg2000_pca40,embed,e2a37e0ed63dc34b60aa535cc656400552af757a,0.5007133209778907,computed,0.8476206064224243,computed,0.8226928745281855,computed,0.7940761234247355,computed,0.6590847429776349,computed,0.9999999999999996,computed,0.7246366203228847,computed,0.7547707403229456,computed,,not_applicable,1.001017741521462,computed,0.9272727272727272,computed,0.5135470824316144,computed,0.008871578762913668,computed,,not_applicable,43.0,43.0,0.0,random_seed_43,
primary_128d,24,core__lung_atlas__hvg2000_pca40__solar_orthogonal__random_seed_44__s44__a0__l1p00,lung_atlas,solar_orthogonal,core,44,hvg2000_pca40,embed,e2a37e0ed63dc34b60aa535cc656400552af757a,0.5118511782463975,computed,0.8573272526264191,computed,0.8176301209108778,computed,0.8046478205677634,computed,0.6685599982820785,computed,0.9999999999999998,computed,0.7258988970481697,computed,0.9297437116565788,computed,,not_applicable,1.103714852756716,computed,0.9432213209733488,computed,0.5135470815002918,computed,0.013682839782287681,computed,,not_applicable,44.0,44.0,0.0,random_seed_44,
primary_128d,25,core__lung_atlas__hvg2000_pca40__solar_orthogonal_uniq__random_seed_40__s40__a0__l1p00,lung_atlas,solar_orthogonal_uniq,core,40,hvg2000_pca40,embed,e2a37e0ed63dc34b60aa535cc656400552af757a,0.4608189707310374,computed,0.8298271894454956,computed,0.854319417103203,computed,0.79303251289717,computed,0.616252858409582,computed,0.9999999999999998,computed,0.7347159519481736,computed,0.7566643404545349,computed,,not_applicable,0.7311553716283723,computed,0.9375,computed,0.513547083362937,computed,0.01052593165328064,computed,,not_applicable,40.0,40.0,0.0,random_seed_40,
primary_128d,26,core__lung_atlas__hvg2000_pca40__solar_orthogonal_uniq__random_seed_41__s41__a0__l1p00,lung_atlas,solar_orthogonal_uniq,core,41,hvg2000_pca40,embed,e2a37e0ed63dc34b60aa535cc656400552af757a,0.4722261949273587,computed,0.8276257216930389,computed,0.8567374804417291,computed,0.7961121983308165,computed,0.6243118684779252,computed,0.9999999999999998,computed,0.7407352129256546,computed,0.8129751683358023,computed,,not_applicable,0.7520413465042322,computed,0.9469964664310955,computed,0.5135470787063241,computed,0.015789766813524397,computed,,not_applicable,41.0,41.0,0.0,random_seed_41,
primary_128d,27,core__lung_atlas__hvg2000_pca40__solar_orthogonal_uniq__random_seed_42__s42__a0__l1p00,lung_atlas,solar_orthogonal_uniq,core,42,hvg2000_pca40,embed,e2a37e0ed63dc34b60aa535cc656400552af757a,0.4723325875117867,computed,0.8242260813713074,computed,0.8575518341138935,computed,0.7949743407284158,computed,0.6273153356453148,computed,0.9999999999999996,computed,0.748608881434452,computed,0.8136687237629634,computed,,not_applicable,0.7872832515337287,computed,0.9379310344827586,computed,0.5135470852255821,computed,0.004870287597343981,computed,,not_applicable,42.0,42.0,0.0,random_seed_42,
primary_128d,28,core__lung_atlas__hvg2000_pca40__solar_orthogonal_uniq__random_seed_43__s43__a0__l1p00,lung_atlas,solar_orthogonal_uniq,core,43,hvg2000_pca40,embed,e2a37e0ed63dc34b60aa535cc656400552af757a,0.4937713028757903,computed,0.8370887041091919,computed,0.8547562137972224,computed,0.8049929759361559,computed,0.6062678120489394,computed,0.9999999999999998,computed,0.7334842003662043,computed,0.9335233785617061,computed,,not_applicable,0.7856836917149712,computed,0.9410404624277457,computed,0.5135470824316144,computed,0.018789759217086255,computed,,not_applicable,43.0,43.0,0.0,random_seed_43,
primary_128d,29,core__lung_atlas__hvg2000_pca40__solar_orthogonal_uniq__random_seed_44__s44__a0__l1p00,lung_atlas,solar_orthogonal_uniq,core,44,hvg2000_pca40,embed,e2a37e0ed63dc34b60aa535cc656400552af757a,0.4816675314722557,computed,0.8297663331031799,computed,0.8571906894222271,computed,0.8009977683919212,computed,0.6312773530921167,computed,0.9999999999999998,computed,0.7431338838021504,computed,0.8722959725137112,computed,,not_applicable,0.7940101329763958,computed,0.9434832756632064,computed,0.5135470815002918,computed,0.015693019081442827,computed,,not_applicable,44.0,44.0,0.0,random_seed_44,
primary_128d,30,core__pancreas__hvg2000_pca40__solar_none__random_seed_40__s40__a0__l1p00,pancreas,solar_none,core,40,hvg2000_pca40,embed,e2a37e0ed63dc34b60aa535cc656400552af757a,0.33204322505049133,computed,0.9042342603206635,computed,0.8842448106693611,computed,0.72861153507661,computed,0.9290224601258252,computed,1.0,computed,0.3350571595839544,computed,0.9929332451170735,computed,,not_applicable,0.8012473521158654,computed,0.2641509433962264,computed,0.49594214651733637,computed,0.0005746795421365247,computed,,not_applicable,40.0,40.0,0.0,random_seed_40,
primary_128d,31,core__pancreas__hvg2000_pca40__solar_none__random_seed_41__s41__a0__l1p00,pancreas,solar_none,core,41,hvg2000_pca40,embed,e2a37e0ed63dc34b60aa535cc656400552af757a,0.3004403663715981,computed,0.8923822343349457,computed,0.872051190010324,computed,0.7053837832290627,computed,0.9260709022240187,computed,1.0,computed,0.33039055069637935,computed,0.9263045046465477,computed,,not_applicable,0.6268024344917358,computed,0.2692307692307693,computed,0.49594215024262667,computed,0.004660270633887853,computed,,not_applicable,41.0,41.0,0.0,random_seed_41,
primary_128d,32,core__pancreas__hvg2000_pca40__solar_none__random_seed_42__s42__a0__l1p00,pancreas,solar_none,core,42,hvg2000_pca40,embed,e2a37e0ed63dc34b60aa535cc656400552af757a,0.29426369513827755,computed,0.8733728528022766,computed,0.8692746926785774,computed,0.7024985299401523,computed,0.922690227512213,computed,1.0,computed,0.33054594173939056,computed,0.7817897453520255,computed,,not_applicable,0.5085320046066371,computed,0.2641509433962264,computed,0.4959421483799815,computed,0.01054843931120597,computed,,not_applicable,42.0,42.0,0.0,random_seed_42,
primary_128d,33,core__pancreas__hvg2000_pca40__solar_none__random_seed_43__s43__a0__l1p00,pancreas,solar_none,core,43,hvg2000_pca40,embed,e2a37e0ed63dc34b60aa535cc656400552af757a,0.32871765695065785,computed,0.8973830342292786,computed,0.8771965588881976,computed,0.7255243383902626,computed,0.9295521774446457,computed,1.0,computed,0.3195327413566027,computed,0.9829469774726319,computed,,not_applicable,0.7748856490203408,computed,0.2692307692307693,computed,0.4959421493113041,computed,0.004042114952482634,computed,,not_applicable,43.0,43.0,0.0,random_seed_43,
primary_128d,34,core__pancreas__hvg2000_pca40__solar_none__random_seed_44__s44__a0__l1p00,pancreas,solar_none,core,44,hvg2000_pca40,embed,e2a37e0ed63dc34b60aa535cc656400552af757a,0.313153686587441,computed,0.8898023068904877,computed,0.8768305425802465,computed,0.7164015134152275,computed,0.926055463611951,computed,1.0,computed,0.33925695906711445,computed,0.9232917395218196,computed,,not_applicable,0.6518439045296658,computed,0.2692307692307693,computed,0.4959421483799815,computed,0.005074344094644689,computed,,not_applicable,44.0,44.0,0.0,random_seed_44,
primary_128d,35,core__pancreas__hvg2000_pca40__solar_orthogonal__random_seed_40__s40__a0__l1p00,pancreas,solar_orthogonal,core,40,hvg2000_pca40,embed,e2a37e0ed63dc34b60aa535cc656400552af757a,0.35771274120297686,computed,0.9238013029098511,computed,0.8711448527955313,computed,0.7383376523949121,computed,0.9263069407326054,computed,1.0,computed,0.31449323793819167,computed,0.9172719418587837,computed,,not_applicable,1.4697598951442026,computed,0.2641509433962264,computed,0.49594214651733637,computed,0.001648782398994575,computed,,not_applicable,40.0,40.0,0.0,random_seed_40,
primary_128d,36,core__pancreas__hvg2000_pca40__solar_orthogonal__random_seed_41__s41__a0__l1p00,pancreas,solar_orthogonal,core,41,hvg2000_pca40,embed,e2a37e0ed63dc34b60aa535cc656400552af757a,0.3570766559511398,computed,0.9199102520942688,computed,0.8697380696952507,computed,0.73544629596338,computed,0.9262789110679795,computed,1.0,computed,0.3048878269823059,computed,0.9251168383094084,computed,,not_applicable,1.3324653859491207,computed,0.2692307692307693,computed,0.49594215024262667,computed,0.0012160956881456242,computed,,not_applicable,41.0,41.0,0.0,random_seed_41,
primary_128d,37,core__pancreas__hvg2000_pca40__solar_orthogonal__random_seed_42__s42__a0__l1p00,pancreas,solar_orthogonal,core,42,hvg2000_pca40,embed,e2a37e0ed63dc34b60aa535cc656400552af757a,0.3506801379893577,computed,0.915245771408081,computed,0.8569318552906907,computed,0.7383037034978798,computed,0.9231775350233722,computed,1.0,computed,0.30906704520982586,computed,0.785908804648538,computed,,not_applicable,1.2379605592495313,computed,0.2641509433962264,computed,0.4959421483799815,computed,0.015046044697400562,computed,,not_applicable,42.0,42.0,0.0,random_seed_42,
primary_128d,38,core__pancreas__hvg2000_pca40__solar_orthogonal__random_seed_43__s43__a0__l1p00,pancreas,solar_orthogonal,core,43,hvg2000_pca40,embed,e2a37e0ed63dc34b60aa535cc656400552af757a,0.3461554999947644,computed,0.9211086928844452,computed,0.8526185761594782,computed,0.7386520964972355,computed,0.9253253685331084,computed,1.0,computed,0.3052963608307419,computed,0.8444530936848624,computed,,not_applicable,1.4101669947467461,computed,0.2692307692307693,computed,0.4959421493113041,computed,0.003783374676283646,computed,,not_applicable,43.0,43.0,0.0,random_seed_43,
primary_128d,39,core__pancreas__hvg2000_pca40__solar_orthogonal__random_seed_44__s44__a0__l1p00,pancreas,solar_orthogonal,core,44,hvg2000_pca40,embed,e2a37e0ed63dc34b60aa535cc656400552af757a,0.35285755502190064,computed,0.9226531684398651,computed,0.8608321685519872,computed,0.7368436715591586,computed,0.9250876181980049,computed,1.0,computed,0.31294657343980703,computed,0.9774124232114191,computed,,not_applicable,1.471235819847133,computed,0.2692307692307693,computed,0.4959421483799815,computed,0.001150778215208148,computed,,not_applicable,44.0,44.0,0.0,random_seed_44,
primary_128d,40,core__pancreas__hvg2000_pca40__solar_orthogonal_uniq__random_seed_40__s40__a0__l1p00,pancreas,solar_orthogonal_uniq,core,40,hvg2000_pca40,embed,e2a37e0ed63dc34b60aa535cc656400552af757a,0.3131062887844134,computed,0.9036130011081696,computed,0.8845999102310721,computed,0.7198187875106065,computed,0.926706345756422,computed,1.0,computed,0.325788217446974,computed,0.9799795755062272,computed,,not_applicable,0.7147031865837836,computed,0.25925925925925924,computed,0.49594214651733637,computed,0.0012161178303552456,computed,,not_applicable,40.0,40.0,0.0,random_seed_40,
primary_128d,41,core__pancreas__hvg2000_pca40__solar_orthogonal_uniq__random_seed_41__s41__a0__l1p00,pancreas,solar_orthogonal_uniq,core,41,hvg2000_pca40,embed,e2a37e0ed63dc34b60aa535cc656400552af757a,0.31157481902396683,computed,0.8915214538574219,computed,0.8860874406426741,computed,0.7118679106151711,computed,0.9269855698550699,computed,1.0,computed,0.31796669350075296,computed,0.9254456015813555,computed,,not_applicable,0.5375564841836515,computed,0.2692307692307693,computed,0.49594215024262667,computed,0.0011043689343492868,computed,,not_applicable,41.0,41.0,0.0,random_seed_41,
primary_128d,42,core__pancreas__hvg2000_pca40__solar_orthogonal_uniq__random_seed_42__s42__a0__l1p00,pancreas,solar_orthogonal_uniq,core,42,hvg2000_pca40,embed,e2a37e0ed63dc34b60aa535cc656400552af757a,0.29606775354275877,computed,0.888281375169754,computed,0.8745291839669386,computed,0.7084281114222674,computed,0.9251687423008758,computed,0.9999999999999998,computed,0.31829156033482325,computed,0.7867854160860996,computed,,not_applicable,0.4935330479493225,computed,0.10769230769230768,computed,0.4959421483799815,computed,0.0079146117872132,computed,,not_applicable,42.0,42.0,0.0,random_seed_42,
primary_128d,43,core__pancreas__hvg2000_pca40__solar_orthogonal_uniq__random_seed_43__s43__a0__l1p00,pancreas,solar_orthogonal_uniq,core,43,hvg2000_pca40,embed,e2a37e0ed63dc34b60aa535cc656400552af757a,0.32808528107382073,computed,0.9019835889339447,computed,0.8752435724893166,computed,0.7262301562854926,computed,0.9266876371461715,computed,1.0,computed,0.31768011194023466,computed,0.9829674121916653,computed,,not_applicable,0.6206672342950164,computed,0.2641509433962264,computed,0.4959421493113041,computed,0.006532023540346321,computed,,not_applicable,43.0,43.0,0.0,random_seed_43,
primary_128d,44,core__pancreas__hvg2000_pca40__solar_orthogonal_uniq__random_seed_44__s44__a0__l1p00,pancreas,solar_orthogonal_uniq,core,44,hvg2000_pca40,embed,e2a37e0ed63dc34b60aa535cc656400552af757a,0.31761214958873984,computed,0.9079599678516388,computed,0.881593603540864,computed,0.7251571759735651,computed,0.9265953627252442,computed,1.0,computed,0.32319574297998355,computed,0.9776030926966881,computed,,not_applicable,0.732935025725328,computed,0.2641509433962264,computed,0.4959421483799815,computed,0.0015203192850875569,computed,,not_applicable,44.0,44.0,0.0,random_seed_44,
primary_128d,45,core__simulation_1__hvg2000_pca40__solar_none__random_seed_40__s40__a0__l1p00,simulation_1,solar_none,core,40,hvg2000_pca40,embed,e2a37e0ed63dc34b60aa535cc656400552af757a,0.3816350098350494,computed,0.9537788033485413,computed,0.9302193540901753,computed,0.7358855218156314,computed,0.9361118584306838,computed,1.0,computed,,not_applicable,1.0,computed,,not_applicable,0.5326903864358317,computed,0.9975429975429976,computed,0.5308207180351019,computed,0.03896080753264797,computed,,not_applicable,40.0,40.0,0.0,random_seed_40,
primary_128d,46,core__simulation_1__hvg2000_pca40__solar_none__random_seed_41__s41__a0__l1p00,simulation_1,solar_none,core,41,hvg2000_pca40,embed,e2a37e0ed63dc34b60aa535cc656400552af757a,0.4242571949466433,computed,0.9516147077083588,computed,0.934508746089044,computed,0.7548423641934547,computed,0.9336208354469165,computed,1.0,computed,,not_applicable,1.0,computed,,not_applicable,0.4652461536377892,computed,1.0,computed,0.530820719897747,computed,0.08472587499301032,computed,,not_applicable,41.0,41.0,0.0,random_seed_41,
primary_128d,47,core__simulation_1__hvg2000_pca40__solar_none__random_seed_42__s42__a0__l1p00,simulation_1,solar_none,core,42,hvg2000_pca40,embed,e2a37e0ed63dc34b60aa535cc656400552af757a,0.3755203175169173,computed,0.953277587890625,computed,0.9380592117665175,computed,0.7342772960649283,computed,0.9349220527135874,computed,1.0,computed,,not_applicable,1.0,computed,,not_applicable,0.5186832193700099,computed,1.0,computed,0.530820719897747,computed,0.04312071361109304,computed,,not_applicable,42.0,42.0,0.0,random_seed_42,
primary_128d,48,core__simulation_1__hvg2000_pca40__solar_none__random_seed_43__s43__a0__l1p00,simulation_1,solar_none,core,43,hvg2000_pca40,embed,e2a37e0ed63dc34b60aa535cc656400552af757a,0.40474396719206696,computed,0.9551465809345245,computed,0.9360395877646531,computed,0.74579123318281,computed,0.9338429871755631,computed,1.0,computed,,not_applicable,1.0,computed,,not_applicable,0.5233409693449351,computed,1.0,computed,0.530820719897747,computed,0.07736460006575085,computed,,not_applicable,43.0,43.0,0.0,random_seed_43,
primary_128d,49,core__simulation_1__hvg2000_pca40__solar_none__random_seed_44__s44__a0__l1p00,simulation_1,solar_none,core,44,hvg2000_pca40,embed,e2a37e0ed63dc34b60aa535cc656400552af757a,0.3896519823061548,computed,0.9526555240154266,computed,0.9378339203025209,computed,0.7375223393719725,computed,0.9348432939358314,computed,1.0,computed,,not_applicable,0.9955645906486785,computed,,not_applicable,0.6120145577230895,computed,0.9975429975429976,computed,0.530820719897747,computed,0.05085211621935137,computed,,not_applicable,44.0,44.0,0.0,random_seed_44,
primary_128d,50,core__simulation_1__hvg2000_pca40__solar_orthogonal__random_seed_40__s40__a0__l1p00,simulation_1,solar_orthogonal,core,40,hvg2000_pca40,embed,e2a37e0ed63dc34b60aa535cc656400552af757a,0.45245464237311267,computed,0.957900881767273,computed,0.9329613825957451,computed,0.761109950849743,computed,0.9347201448879847,computed,1.0,computed,,not_applicable,1.0,computed,,not_applicable,1.4349300367470619,computed,0.9975429975429976,computed,0.5308207180351019,computed,0.08891585840861083,computed,,not_applicable,40.0,40.0,0.0,random_seed_40,
primary_128d,51,core__simulation_1__hvg2000_pca40__solar_orthogonal__random_seed_41__s41__a0__l1p00,simulation_1,solar_orthogonal,core,41,hvg2000_pca40,embed,e2a37e0ed63dc34b60aa535cc656400552af757a,0.4315414092487948,computed,0.9581728875637054,computed,0.9349701349228697,computed,0.7557399330500961,computed,0.9331694192970558,computed,1.0,computed,,not_applicable,1.0,computed,,not_applicable,1.2903363339234422,computed,1.0,computed,0.530820719897747,computed,0.08131957777226628,computed,,not_applicable,41.0,41.0,0.0,random_seed_41,
primary_128d,52,core__simulation_1__hvg2000_pca40__solar_orthogonal__random_seed_42__s42__a0__l1p00,simulation_1,solar_orthogonal,core,42,hvg2000_pca40,embed,e2a37e0ed63dc34b60aa535cc656400552af757a,0.5360058502875789,computed,0.9582732021808624,computed,0.938851847388281,computed,0.7932029171026569,computed,0.9333911606465527,computed,1.0,computed,,not_applicable,1.0,computed,,not_applicable,1.3821768766532347,computed,1.0,computed,0.530820719897747,computed,0.07687732627484878,computed,,not_applicable,42.0,42.0,0.0,random_seed_42,
primary_128d,53,core__simulation_1__hvg2000_pca40__solar_orthogonal__random_seed_43__s43__a0__l1p00,simulation_1,solar_orthogonal,core,43,hvg2000_pca40,embed,e2a37e0ed63dc34b60aa535cc656400552af757a,0.5049576273658176,computed,0.9584755003452301,computed,0.9392927057619739,computed,0.7817548756415781,computed,0.9313347419150793,computed,1.0,computed,,not_applicable,1.0,computed,,not_applicable,1.4842077083386314,computed,1.0,computed,0.530820719897747,computed,0.12257993789689914,computed,,not_applicable,43.0,43.0,0.0,random_seed_43,
primary_128d,54,core__simulation_1__hvg2000_pca40__solar_orthogonal__random_seed_44__s44__a0__l1p00,simulation_1,solar_orthogonal,core,44,hvg2000_pca40,embed,e2a37e0ed63dc34b60aa535cc656400552af757a,0.5322794775177168,computed,0.9581509530544281,computed,0.9315955805927576,computed,0.7943857463933143,computed,0.9324145262043251,computed,1.0,computed,,not_applicable,1.0,computed,,not_applicable,1.4749775547891044,computed,0.9975429975429976,computed,0.530820719897747,computed,0.17963266246736176,computed,,not_applicable,44.0,44.0,0.0,random_seed_44,
primary_128d,55,core__simulation_1__hvg2000_pca40__solar_orthogonal_uniq__random_seed_40__s40__a0__l1p00,simulation_1,solar_orthogonal_uniq,core,40,hvg2000_pca40,embed,e2a37e0ed63dc34b60aa535cc656400552af757a,0.381964402857215,computed,0.948506623506546,computed,0.927692436057662,computed,0.7361101255199314,computed,0.9357669689593676,computed,1.0,computed,,not_applicable,1.0,computed,,not_applicable,0.32776123326406204,computed,0.9975429975429976,computed,0.5308207180351019,computed,0.05811123258352846,computed,,not_applicable,40.0,40.0,0.0,random_seed_40,
primary_128d,56,core__simulation_1__hvg2000_pca40__solar_orthogonal_uniq__random_seed_41__s41__a0__l1p00,simulation_1,solar_orthogonal_uniq,core,41,hvg2000_pca40,embed,e2a37e0ed63dc34b60aa535cc656400552af757a,0.380801833223956,computed,0.9482889175415039,computed,0.9315832036007342,computed,0.7359599273055818,computed,0.9333634452150577,computed,1.0,computed,,not_applicable,1.0,computed,,not_applicable,0.4280689643753044,computed,1.0,computed,0.530820719897747,computed,0.058646313996117194,computed,,not_applicable,41.0,41.0,0.0,random_seed_41,
primary_128d,57,core__simulation_1__hvg2000_pca40__solar_orthogonal_uniq__random_seed_42__s42__a0__l1p00,simulation_1,solar_orthogonal_uniq,core,42,hvg2000_pca40,embed,e2a37e0ed63dc34b60aa535cc656400552af757a,0.3660998915373827,computed,0.948041707277298,computed,0.9342719654719043,computed,0.7280807370891728,computed,0.9346092673447552,computed,1.0,computed,,not_applicable,1.0,computed,,not_applicable,0.4151771318806352,computed,1.0,computed,0.530820719897747,computed,0.03847016303038153,computed,,not_applicable,42.0,42.0,0.0,random_seed_42,
primary_128d,58,core__simulation_1__hvg2000_pca40__solar_orthogonal_uniq__random_seed_43__s43__a0__l1p00,simulation_1,solar_orthogonal_uniq,core,43,hvg2000_pca40,embed,e2a37e0ed63dc34b60aa535cc656400552af757a,0.3797006989737435,computed,0.9499925971031189,computed,0.9295408569760882,computed,0.7356862878746132,computed,0.9324951551696603,computed,1.0,computed,,not_applicable,1.0,computed,,not_applicable,0.3935428493710984,computed,1.0,computed,0.530820719897747,computed,0.04718570432305569,computed,,not_applicable,43.0,43.0,0.0,random_seed_43,
primary_128d,59,core__simulation_1__hvg2000_pca40__solar_orthogonal_uniq__random_seed_44__s44__a0__l1p00,simulation_1,solar_orthogonal_uniq,core,44,hvg2000_pca40,embed,e2a37e0ed63dc34b60aa535cc656400552af757a,0.3790361252002703,computed,0.9487867653369904,computed,0.9260921159240364,computed,0.735409142063185,computed,0.9357175137567364,computed,1.0,computed,,not_applicable,1.0,computed,,not_applicable,0.36535769581165267,computed,0.9975429975429976,computed,0.530820719897747,computed,0.04717659860958601,computed,,not_applicable,44.0,44.0,0.0,random_seed_44,
primary_128d,60,core__simulation_2__hvg2000_pca40__solar_none__random_seed_40__s40__a0__l1p00,simulation_2,solar_none,core,40,hvg2000_pca40,embed,e2a37e0ed63dc34b60aa535cc656400552af757a,0.25141416362891245,computed,0.9665873944759369,computed,0.8725479526701947,computed,0.6051142314974844,computed,0.4275318663062376,computed,1.0,computed,,not_applicable,1.0,computed,,not_applicable,0.014561223429820913,computed,0.4659326631562151,computed,0.5326087363064289,computed,0.00027044848314228265,computed,,not_applicable,40.0,40.0,0.0,random_seed_40,
primary_128d,61,core__simulation_2__hvg2000_pca40__solar_none__random_seed_41__s41__a0__l1p00,simulation_2,solar_none,core,41,hvg2000_pca40,embed,e2a37e0ed63dc34b60aa535cc656400552af757a,0.25123206042265256,computed,0.969852089881897,computed,0.8733519369077198,computed,0.6050119222447337,computed,0.43531007549591166,computed,1.0,computed,,not_applicable,1.0,computed,,not_applicable,0.0039712205396402744,computed,0.46959567016873605,computed,0.5326087363064289,computed,0.0003570556395258162,computed,,not_applicable,41.0,41.0,0.0,random_seed_41,
primary_128d,62,core__simulation_2__hvg2000_pca40__solar_none__random_seed_42__s42__a0__l1p00,simulation_2,solar_none,core,42,hvg2000_pca40,embed,e2a37e0ed63dc34b60aa535cc656400552af757a,0.25027583216122773,computed,0.9700612127780914,computed,0.8696982836346956,computed,0.6046234170849216,computed,0.43186642048181034,computed,1.0,computed,,not_applicable,1.0,computed,,not_applicable,0.004765444415259834,computed,0.46813256851497764,computed,0.5326087363064289,computed,0.0001298842054973104,computed,,not_applicable,42.0,42.0,0.0,random_seed_42,
primary_128d,63,core__simulation_2__hvg2000_pca40__solar_none__random_seed_43__s43__a0__l1p00,simulation_2,solar_none,core,43,hvg2000_pca40,embed,e2a37e0ed63dc34b60aa535cc656400552af757a,0.2513750114569072,computed,0.971472829580307,computed,0.8685361449436387,computed,0.6050970508975718,computed,0.43005823527216447,computed,1.0,computed,,not_applicable,1.0,computed,,not_applicable,0.007315398031616294,computed,0.47032617342879873,computed,0.5326087363064289,computed,0.0004561905133972921,computed,,not_applicable,43.0,43.0,0.0,random_seed_43,
primary_128d,64,core__simulation_2__hvg2000_pca40__solar_none__random_seed_44__s44__a0__l1p00,simulation_2,solar_none,core,44,hvg2000_pca40,embed,e2a37e0ed63dc34b60aa535cc656400552af757a,0.25095544270997255,computed,0.9677520096302032,computed,0.8748787638900412,computed,0.6049095528041454,computed,0.4326853436006845,computed,1.0,computed,,not_applicable,1.0,computed,,not_applicable,0.008791475639067459,computed,0.46446254591918223,computed,0.5326087363064289,computed,0.00036113954711347596,computed,,not_applicable,44.0,44.0,0.0,random_seed_44,
primary_128d,65,core__simulation_2__hvg2000_pca40__solar_orthogonal__random_seed_40__s40__a0__l1p00,simulation_2,solar_orthogonal,core,40,hvg2000_pca40,embed,e2a37e0ed63dc34b60aa535cc656400552af757a,0.2710522956162502,computed,0.9791454970836639,computed,0.9313318814767853,computed,0.6178681745921684,computed,0.4392176408431915,computed,1.0,computed,,not_applicable,1.0,computed,,not_applicable,0.10966678762352333,computed,0.4749365482233502,computed,0.5326087363064289,computed,0.007260722702550182,computed,,not_applicable,40.0,40.0,0.0,random_seed_40,
primary_128d,66,core__simulation_2__hvg2000_pca40__solar_orthogonal__random_seed_41__s41__a0__l1p00,simulation_2,solar_orthogonal,core,41,hvg2000_pca40,embed,e2a37e0ed63dc34b60aa535cc656400552af757a,0.26356163172057423,computed,0.9783205389976501,computed,0.9284186669690372,computed,0.6130381149863796,computed,0.43856327462209094,computed,1.0,computed,,not_applicable,1.0,computed,,not_applicable,0.11215308799677892,computed,0.45855379188712525,computed,0.5326087363064289,computed,0.0049654725979542125,computed,,not_applicable,41.0,41.0,0.0,random_seed_41,
primary_128d,67,core__simulation_2__hvg2000_pca40__solar_orthogonal__random_seed_42__s42__a0__l1p00,simulation_2,solar_orthogonal,core,42,hvg2000_pca40,embed,e2a37e0ed63dc34b60aa535cc656400552af757a,0.26844736622083,computed,0.9799640476703644,computed,0.9406374045811968,computed,0.6151850059264545,computed,0.4387648090434358,computed,1.0,computed,,not_applicable,1.0,computed,,not_applicable,0.08729867968121074,computed,0.4688644688644688,computed,0.5326087363064289,computed,0.0025376067123870083,computed,,not_applicable,42.0,42.0,0.0,random_seed_42,
primary_128d,68,core__simulation_2__hvg2000_pca40__solar_orthogonal__random_seed_43__s43__a0__l1p00,simulation_2,solar_orthogonal,core,43,hvg2000_pca40,embed,e2a37e0ed63dc34b60aa535cc656400552af757a,0.2585098962058251,computed,0.9782713651657104,computed,0.9309436229234125,computed,0.6083739329495281,computed,0.44091489533949935,computed,1.0,computed,,not_applicable,1.0,computed,,not_applicable,0.08266722510823765,computed,0.45284840682330224,computed,0.5326087363064289,computed,0.005739874135762824,computed,,not_applicable,43.0,43.0,0.0,random_seed_43,
primary_128d,69,core__simulation_2__hvg2000_pca40__solar_orthogonal__random_seed_44__s44__a0__l1p00,simulation_2,solar_orthogonal,core,44,hvg2000_pca40,embed,e2a37e0ed63dc34b60aa535cc656400552af757a,0.25859278040464906,computed,0.9790869057178497,computed,0.937174977996083,computed,0.6083722997527318,computed,0.4396528526926945,computed,1.0,computed,,not_applicable,1.0,computed,,not_applicable,0.1097383016074045,computed,0.47348364560177836,computed,0.5326087363064289,computed,0.005139027877470337,computed,,not_applicable,44.0,44.0,0.0,random_seed_44,
primary_128d,70,core__simulation_2__hvg2000_pca40__solar_orthogonal_uniq__random_seed_40__s40__a0__l1p00,simulation_2,solar_orthogonal_uniq,core,40,hvg2000_pca40,embed,e2a37e0ed63dc34b60aa535cc656400552af757a,0.24940117204608006,computed,0.970956951379776,computed,0.8603671607238697,computed,0.6043321216596766,computed,0.429630746807908,computed,1.0,computed,,not_applicable,1.0,computed,,not_applicable,0.002851321881826685,computed,0.46691117844044017,computed,0.5326087363064289,computed,4.796264271089701e-05,computed,,not_applicable,40.0,40.0,0.0,random_seed_40,
primary_128d,71,core__simulation_2__hvg2000_pca40__solar_orthogonal_uniq__random_seed_41__s41__a0__l1p00,simulation_2,solar_orthogonal_uniq,core,41,hvg2000_pca40,embed,e2a37e0ed63dc34b60aa535cc656400552af757a,0.24965856775560052,computed,0.9703100323677063,computed,0.8649128300307822,computed,0.6044330483921808,computed,0.4314528524636222,computed,1.0,computed,,not_applicable,1.0,computed,,not_applicable,0.0016266631175960722,computed,0.46568783913182255,computed,0.5326087363064289,computed,4.6374865393716824e-05,computed,,not_applicable,41.0,41.0,0.0,random_seed_41,
primary_128d,72,core__simulation_2__hvg2000_pca40__solar_orthogonal_uniq__random_seed_42__s42__a0__l1p00,simulation_2,solar_orthogonal_uniq,core,42,hvg2000_pca40,embed,e2a37e0ed63dc34b60aa535cc656400552af757a,0.2503416198705863,computed,0.9716265201568604,computed,0.8641745526816879,computed,0.6063823389404934,computed,0.4300426083810181,computed,1.0,computed,,not_applicable,1.0,computed,,not_applicable,6.661338147750939e-16,computed,0.4659326631562151,computed,0.5326087363064289,computed,1.3529368231512962e-05,computed,,not_applicable,42.0,42.0,0.0,random_seed_42,
primary_128d,73,core__simulation_2__hvg2000_pca40__solar_orthogonal_uniq__random_seed_43__s43__a0__l1p00,simulation_2,solar_orthogonal_uniq,core,43,hvg2000_pca40,embed,e2a37e0ed63dc34b60aa535cc656400552af757a,0.24927736780740953,computed,0.9710986912250519,computed,0.8646379441246186,computed,0.6043180231908618,computed,0.43194381120435743,computed,1.0,computed,,not_applicable,1.0,computed,,not_applicable,0.0015120288632624046,computed,0.463235294117647,computed,0.5326087363064289,computed,7.443695950581919e-05,computed,,not_applicable,43.0,43.0,0.0,random_seed_43,
primary_128d,74,core__simulation_2__hvg2000_pca40__solar_orthogonal_uniq__random_seed_44__s44__a0__l1p00,simulation_2,solar_orthogonal_uniq,core,44,hvg2000_pca40,embed,e2a37e0ed63dc34b60aa535cc656400552af757a,0.2499467392897858,computed,0.9705946445465088,computed,0.8648752661818838,computed,0.6045727976549455,computed,0.4323666585592855,computed,1.0,computed,,not_applicable,1.0,computed,,not_applicable,0.0020082090302182554,computed,0.4686205798024849,computed,0.5326087363064289,computed,7.775842589985427e-05,computed,,not_applicable,44.0,44.0,0.0,random_seed_44,
primary_128d,75,heldout__immune_cell_human__hvg2000_pca40__solar_none__heldout_10X__s40__a0__l1p00,immune_cell_human,solar_none,heldout,40,hvg2000_pca40,embed,e2a37e0ed63dc34b60aa535cc656400552af757a,0.3489608625142421,computed,0.8041873276233673,computed,0.8654199698589742,computed,0.7294666719473082,computed,0.6674454526303746,computed,0.9999999999999996,computed,0.6598346104536975,computed,0.9903114349526921,computed,,not_applicable,1.0387093957552636,computed,0.9262020673467245,computed,0.49309893511235714,computed,0.026570682830594272,computed,0.8468264250951811,computed,,40.0,0.0,heldout_10X,10X
primary_128d,76,heldout__immune_cell_human__hvg2000_pca40__solar_none__heldout_Oetjen_A__s40__a0__l1p00,immune_cell_human,solar_none,heldout,40,hvg2000_pca40,embed,e2a37e0ed63dc34b60aa535cc656400552af757a,0.3821303870528719,computed,0.8320196866989136,computed,0.8639277169184068,computed,0.7525981030758098,computed,0.7354177968567482,computed,0.9999999999999998,computed,0.6266327423224792,computed,0.9914527660534794,computed,,not_applicable,1.2021563401553008,computed,0.9189017552665818,computed,0.493098936509341,computed,0.02983937888389765,computed,0.3396025297053714,computed,,40.0,0.0,heldout_Oetjen_A,Oetjen_A
primary_128d,77,heldout__immune_cell_human__hvg2000_pca40__solar_none__heldout_Villani__s40__a0__l1p00,immune_cell_human,solar_none,heldout,40,hvg2000_pca40,embed,e2a37e0ed63dc34b60aa535cc656400552af757a,0.4192433699199922,computed,0.8335772454738617,computed,0.8556628232215151,computed,0.7789713490007564,computed,0.7255513645798252,computed,0.9999999999999998,computed,0.6595321766438803,computed,0.9838779901458611,computed,,not_applicable,1.166842245203676,computed,0.9256403322854156,computed,0.4930989337153733,computed,0.0578627035749506,computed,0.5498997240573426,computed,,40.0,0.0,heldout_Villani,Villani
primary_128d,78,heldout__immune_cell_human__hvg2000_pca40__solar_none__heldout_10X__s41__a0__l1p00,immune_cell_human,solar_none,heldout,41,hvg2000_pca40,embed,e2a37e0ed63dc34b60aa535cc656400552af757a,0.3636117255594136,computed,0.8010684847831726,computed,0.86631238090159,computed,0.734012841600368,computed,0.6639364012633272,computed,0.9999999999999996,computed,0.6573991131893729,computed,0.9909624545263135,computed,,not_applicable,1.0445800639889469,computed,0.908627752124307,computed,0.49309893511235714,computed,0.020391749969504325,computed,0.8494357608688816,computed,,41.0,0.0,heldout_10X,10X
primary_128d,79,heldout__immune_cell_human__hvg2000_pca40__solar_none__heldout_Oetjen_A__s41__a0__l1p00,immune_cell_human,solar_none,heldout,41,hvg2000_pca40,embed,e2a37e0ed63dc34b60aa535cc656400552af757a,0.3623150295344937,computed,0.8333008885383606,computed,0.864798876318185,computed,0.7482463199088235,computed,0.7349818297171583,computed,0.9999999999999998,computed,0.624346771818793,computed,0.9908062038064434,computed,,not_applicable,1.188566300332731,computed,0.9071686903173387,computed,0.493098936509341,computed,0.02296268156181569,computed,0.844493764634537,computed,,41.0,0.0,heldout_Oetjen_A,Oetjen_A
primary_128d,80,heldout__immune_cell_human__hvg2000_pca40__solar_none__heldout_Villani__s41__a0__l1p00,immune_cell_human,solar_none,heldout,41,hvg2000_pca40,embed,e2a37e0ed63dc34b60aa535cc656400552af757a,0.3995342563021572,computed,0.8276058435440063,computed,0.8485934523221512,computed,0.7659184790769948,computed,0.7083960763242911,computed,0.9999999999999998,computed,0.6294793713672419,computed,0.9464638706883137,computed,,not_applicable,1.1552760623363518,computed,0.9094237555927737,computed,0.4930989337153733,computed,0.06598064255165481,computed,0.528135276171284,computed,,41.0,0.0,heldout_Villani,Villani
primary_128d,81,heldout__immune_cell_human__hvg2000_pca40__solar_none__heldout_10X__s42__a0__l1p00,immune_cell_human,solar_none,heldout,42,hvg2000_pca40,embed,e2a37e0ed63dc34b60aa535cc656400552af757a,0.36376044896130494,computed,0.8051956593990326,computed,0.8620768357928984,computed,0.7346624107565518,computed,0.6871972804228819,computed,0.9999999999999996,computed,0.656594304351134,computed,0.9901234069911916,computed,,not_applicable,1.0118476164440011,computed,0.9412142995891647,computed,0.49309893511235714,computed,0.02065021869424677,computed,0.852986856328386,computed,,42.0,0.0,heldout_10X,10X
primary_128d,82,heldout__immune_cell_human__hvg2000_pca40__solar_none__heldout_Oetjen_A__s42__a0__l1p00,immune_cell_human,solar_none,heldout,42,hvg2000_pca40,embed,e2a37e0ed63dc34b60aa535cc656400552af757a,0.3423047508712309,computed,0.8322378396987915,computed,0.8615650798584341,computed,0.7386040024563341,computed,0.7200598359380119,computed,0.9999999999999998,computed,0.6185480629939278,computed,0.9922457114017507,computed,,not_applicable,1.1527135613809216,computed,0.8944712401731699,computed,0.493098936509341,computed,0.015818885413786732,computed,0.44975112726853417,computed,,42.0,0.0,heldout_Oetjen_A,Oetjen_A
primary_128d,83,heldout__immune_cell_human__hvg2000_pca40__solar_none__heldout_Villani__s42__a0__l1p00,immune_cell_human,solar_none,heldout,42,hvg2000_pca40,embed,e2a37e0ed63dc34b60aa535cc656400552af757a,0.39105784747406225,computed,0.8223673105239868,computed,0.8523122609521165,computed,0.7587350117870311,computed,0.7352872938204975,computed,0.9999999999999998,computed,0.6334213396535069,computed,0.9823793983390283,computed,,not_applicable,1.176987973337937,computed,0.9106352852227702,computed,0.4930989337153733,computed,0.059703677956335466,computed,0.8562686914302724,computed,,42.0,0.0,heldout_Villani,Villani
primary_128d,84,heldout__immune_cell_human__hvg2000_pca40__solar_none__heldout_10X__s43__a0__l1p00,immune_cell_human,solar_none,heldout,43,hvg2000_pca40,embed,e2a37e0ed63dc34b60aa535cc656400552af757a,0.3470913775722033,computed,0.8012717366218567,computed,0.8683585864796821,computed,0.728250751991723,computed,0.6817382098272212,computed,0.9999999999999996,computed,0.6724456439713233,computed,0.9912976261301158,computed,,not_applicable,1.0421537719364777,computed,0.9109812379225108,computed,0.49309893511235714,computed,0.016950700043070865,computed,0.8536931330878403,computed,,43.0,0.0,heldout_10X,10X
primary_128d,85,heldout__immune_cell_human__hvg2000_pca40__solar_none__heldout_Oetjen_A__s43__a0__l1p00,immune_cell_human,solar_none,heldout,43,hvg2000_pca40,embed,e2a37e0ed63dc34b60aa535cc656400552af757a,0.3329778919375931,computed,0.8329052627086639,computed,0.8647987460223778,computed,0.7352348828359132,computed,0.6987161319199635,computed,0.9999999999999998,computed,0.6330289813490643,computed,0.9942008172854786,computed,,not_applicable,1.132450976144752,computed,0.8866842857397521,computed,0.493098936509341,computed,0.02078331737120309,computed,0.8495258991783714,computed,,43.0,0.0,heldout_Oetjen_A,Oetjen_A
primary_128d,86,heldout__immune_cell_human__hvg2000_pca40__solar_none__heldout_Villani__s43__a0__l1p00,immune_cell_human,solar_none,heldout,43,hvg2000_pca40,embed,e2a37e0ed63dc34b60aa535cc656400552af757a,0.4127438304522652,computed,0.8358078300952911,computed,0.851954767979245,computed,0.7726868295003948,computed,0.735339606784251,computed,0.9999999999999998,computed,0.6620937638691113,computed,0.9743050403933299,computed,,not_applicable,1.170863290585793,computed,0.9669094271185361,computed,0.4930989337153733,computed,0.044436244040554906,computed,0.8592877010022326,computed,,43.0,0.0,heldout_Villani,Villani
primary_128d,87,heldout__immune_cell_human__hvg2000_pca40__solar_none__heldout_10X__s44__a0__l1p00,immune_cell_human,solar_none,heldout,44,hvg2000_pca40,embed,e2a37e0ed63dc34b60aa535cc656400552af757a,0.3334750577346367,computed,0.8034278750419617,computed,0.8592485161530614,computed,0.7244185807956135,computed,0.6813629118064495,computed,0.9999999999999996,computed,0.6545825166385472,computed,0.9913177443178024,computed,,not_applicable,1.0447966846708665,computed,0.9187521551938874,computed,0.49309893511235714,computed,0.022955573678505314,computed,0.44989564274647675,computed,,44.0,0.0,heldout_10X,10X
primary_128d,88,heldout__immune_cell_human__hvg2000_pca40__solar_none__heldout_Oetjen_A__s44__a0__l1p00,immune_cell_human,solar_none,heldout,44,hvg2000_pca40,embed,e2a37e0ed63dc34b60aa535cc656400552af757a,0.38892242804949123,computed,0.8292560279369354,computed,0.8588959575050961,computed,0.7479611581945295,computed,0.7335775596426728,computed,0.9999999999999998,computed,0.6505204343232777,computed,0.9925985411593556,computed,,not_applicable,1.113926592956667,computed,0.8861657345372149,computed,0.493098936509341,computed,0.018050807070460695,computed,0.29218015686022714,computed,,44.0,0.0,heldout_Oetjen_A,Oetjen_A
primary_128d,89,heldout__immune_cell_human__hvg2000_pca40__solar_none__heldout_Villani__s44__a0__l1p00,immune_cell_human,solar_none,heldout,44,hvg2000_pca40,embed,e2a37e0ed63dc34b60aa535cc656400552af757a,0.3565864756263612,computed,0.8201325833797455,computed,0.849971583401527,computed,0.7458103738132641,computed,0.7310492255576501,computed,0.9999999999999998,computed,0.6570256811474519,computed,0.980663364437973,computed,,not_applicable,1.1257432742642308,computed,0.9041074068018466,computed,0.4930989337153733,computed,0.050136854405453346,computed,0.8559142323863344,computed,,44.0,0.0,heldout_Villani,Villani
primary_128d,90,heldout__immune_cell_human__hvg2000_pca40__solar_orthogonal__heldout_10X__s40__a0__l1p00,immune_cell_human,solar_orthogonal,heldout,40,hvg2000_pca40,embed,e2a37e0ed63dc34b60aa535cc656400552af757a,0.326560681447012,computed,0.824574887752533,computed,0.8513971039219459,computed,0.7267878307983098,computed,0.6910746815385692,computed,0.9999999999999996,computed,0.5815341161134512,computed,0.9903362684422996,computed,,not_applicable,1.2312382409109937,computed,0.9119704618510248,computed,0.49309893511235714,computed,0.025606847993095427,computed,0.8510922853200804,computed,,40.0,0.0,heldout_10X,10X
primary_128d,91,heldout__immune_cell_human__hvg2000_pca40__solar_orthogonal__heldout_Oetjen_A__s40__a0__l1p00,immune_cell_human,solar_orthogonal,heldout,40,hvg2000_pca40,embed,e2a37e0ed63dc34b60aa535cc656400552af757a,0.38289227575197543,computed,0.8506728708744049,computed,0.8467973159958171,computed,0.7530762349381218,computed,0.7356066620868774,computed,0.9999999999999998,computed,0.5573097387661775,computed,0.9893860161656276,computed,,not_applicable,1.5226634741512317,computed,0.8969488774471954,computed,0.493098936509341,computed,0.03096408305911058,computed,0.30613288154866813,computed,,40.0,0.0,heldout_Oetjen_A,Oetjen_A
primary_128d,92,heldout__immune_cell_human__hvg2000_pca40__solar_orthogonal__heldout_Villani__s40__a0__l1p00,immune_cell_human,solar_orthogonal,heldout,40,hvg2000_pca40,embed,e2a37e0ed63dc34b60aa535cc656400552af757a,0.3967601959661147,computed,0.8586175441741943,computed,0.842071085126373,computed,0.7669959635734047,computed,0.7254308220853661,computed,0.9999999999999998,computed,0.6002771862749723,computed,0.9830121543301188,computed,,not_applicable,1.588491806443567,computed,0.9334853444067903,computed,0.4930989337153733,computed,0.06419577498447437,computed,0.5016456867878816,computed,,40.0,0.0,heldout_Villani,Villani
primary_128d,93,heldout__immune_cell_human__hvg2000_pca40__solar_orthogonal__heldout_10X__s41__a0__l1p00,immune_cell_human,solar_orthogonal,heldout,41,hvg2000_pca40,embed,e2a37e0ed63dc34b60aa535cc656400552af757a,0.3354661783954166,computed,0.823917031288147,computed,0.846565443105013,computed,0.7278829072412871,computed,0.7118846348703189,computed,0.9999999999999998,computed,0.5685475916771263,computed,0.9913738299998388,computed,,not_applicable,1.2195767031730589,computed,0.9124963880545541,computed,0.49309893511235714,computed,0.02795542656940242,computed,0.5461772846689994,computed,,41.0,0.0,heldout_10X,10X
primary_128d,94,heldout__immune_cell_human__hvg2000_pca40__solar_orthogonal__heldout_Oetjen_A__s41__a0__l1p00,immune_cell_human,solar_orthogonal,heldout,41,hvg2000_pca40,embed,e2a37e0ed63dc34b60aa535cc656400552af757a,0.41535732215365867,computed,0.8520171642303467,computed,0.8532248963492461,computed,0.7650936623498933,computed,0.7325790806903437,computed,0.9999999999999998,computed,0.560793918676671,computed,0.989189823184851,computed,,not_applicable,1.4081450055581226,computed,0.9256993465049881,computed,0.493098936509341,computed,0.028028843197641207,computed,0.8362183681139811,computed,,41.0,0.0,heldout_Oetjen_A,Oetjen_A
primary_128d,95,heldout__immune_cell_human__hvg2000_pca40__solar_orthogonal__heldout_Villani__s41__a0__l1p00,immune_cell_human,solar_orthogonal,heldout,41,hvg2000_pca40,embed,e2a37e0ed63dc34b60aa535cc656400552af757a,0.4034425679327052,computed,0.8493625223636627,computed,0.8357578040779192,computed,0.7605399897082605,computed,0.7419013102342782,computed,0.9999999999999998,computed,0.5948941000993639,computed,0.9578108239990518,computed,,not_applicable,1.4240063040475626,computed,0.9030271285068644,computed,0.4930989337153733,computed,0.04744175933261352,computed,0.854090675761022,computed,,41.0,0.0,heldout_Villani,Villani
primary_128d,96,heldout__immune_cell_human__hvg2000_pca40__solar_orthogonal__heldout_10X__s42__a0__l1p00,immune_cell_human,solar_orthogonal,heldout,42,hvg2000_pca40,embed,e2a37e0ed63dc34b60aa535cc656400552af757a,0.34089305121511276,computed,0.8246099352836609,computed,0.8485786915546443,computed,0.7321867580969287,computed,0.6946902362764433,computed,0.9999999999999996,computed,0.5718948006023541,computed,0.9907464225392393,computed,,not_applicable,1.2434636188581307,computed,0.907417775505595,computed,0.49309893511235714,computed,0.01928724083355704,computed,0.5501713142723268,computed,,42.0,0.0,heldout_10X,10X
primary_128d,97,heldout__immune_cell_human__hvg2000_pca40__solar_orthogonal__heldout_Oetjen_A__s42__a0__l1p00,immune_cell_human,solar_orthogonal,heldout,42,hvg2000_pca40,embed,e2a37e0ed63dc34b60aa535cc656400552af757a,0.36415853146010163,computed,0.8495101034641266,computed,0.8488819812383532,computed,0.7512978630006927,computed,0.7325954674795628,computed,0.9999999999999998,computed,0.5533031316944297,computed,0.9899345050310739,computed,,not_applicable,1.3891229727800853,computed,0.8883970589828485,computed,0.493098936509341,computed,0.023789143782775524,computed,0.5511186643379623,computed,,42.0,0.0,heldout_Oetjen_A,Oetjen_A
primary_128d,98,heldout__immune_cell_human__hvg2000_pca40__solar_orthogonal__heldout_Villani__s42__a0__l1p00,immune_cell_human,solar_orthogonal,heldout,42,hvg2000_pca40,embed,e2a37e0ed63dc34b60aa535cc656400552af757a,0.3777018502310345,computed,0.8454560339450836,computed,0.8386693124432084,computed,0.7536165608053297,computed,0.7314190379668394,computed,0.9999999999999998,computed,0.5833816641771821,computed,0.9942470566351478,computed,,not_applicable,1.4427515949883372,computed,0.8764955632199445,computed,0.4930989337153733,computed,0.030995022658535598,computed,0.5357925307854511,computed,,42.0,0.0,heldout_Villani,Villani
primary_128d,99,heldout__immune_cell_human__hvg2000_pca40__solar_orthogonal__heldout_10X__s43__a0__l1p00,immune_cell_human,solar_orthogonal,heldout,43,hvg2000_pca40,embed,e2a37e0ed63dc34b60aa535cc656400552af757a,0.3561658756069891,computed,0.8231136798858643,computed,0.8485753811531773,computed,0.7319883850547075,computed,0.7003918330328384,computed,0.9999999999999996,computed,0.5837884812464946,computed,0.9905928791577073,computed,,not_applicable,1.3604874693593976,computed,0.9091856640749283,computed,0.49309893511235714,computed,0.018537354320748767,computed,0.8470895625043269,computed,,43.0,0.0,heldout_10X,10X
primary_128d,100,heldout__immune_cell_human__hvg2000_pca40__solar_orthogonal__heldout_Oetjen_A__s43__a0__l1p00,immune_cell_human,solar_orthogonal,heldout,43,hvg2000_pca40,embed,e2a37e0ed63dc34b60aa535cc656400552af757a,0.34896051785676585,computed,0.852228432893753,computed,0.8464133608532856,computed,0.7357554480961984,computed,0.7292520512462244,computed,0.9999999999999998,computed,0.5559638274983271,computed,0.9901067883569727,computed,,not_applicable,1.3430717693496041,computed,0.7825841458561817,computed,0.493098936509341,computed,0.028073231735777804,computed,0.1993552142074037,computed,,43.0,0.0,heldout_Oetjen_A,Oetjen_A
primary_128d,101,heldout__immune_cell_human__hvg2000_pca40__solar_orthogonal__heldout_Villani__s43__a0__l1p00,immune_cell_human,solar_orthogonal,heldout,43,hvg2000_pca40,embed,e2a37e0ed63dc34b60aa535cc656400552af757a,0.3944171905112082,computed,0.8524031341075897,computed,0.8341894867990433,computed,0.7632471519077094,computed,0.7320491707023281,computed,0.9999999999999998,computed,0.5787376416074116,computed,0.9922876912123408,computed,,not_applicable,1.4963103731984093,computed,0.9270899700146135,computed,0.4930989337153733,computed,0.04187660351958167,computed,0.5378846090679802,computed,,43.0,0.0,heldout_Villani,Villani
primary_128d,102,heldout__immune_cell_human__hvg2000_pca40__solar_orthogonal__heldout_10X__s44__a0__l1p00,immune_cell_human,solar_orthogonal,heldout,44,hvg2000_pca40,embed,e2a37e0ed63dc34b60aa535cc656400552af757a,0.3691716104625862,computed,0.8256617486476898,computed,0.8486274136678313,computed,0.7343792239620593,computed,0.6893975296047481,computed,0.9999999999999996,computed,0.5767534531544826,computed,0.9895222667013882,computed,,not_applicable,1.3544107203012468,computed,0.8161215898781641,computed,0.49309893511235714,computed,0.01976485674268369,computed,0.8501263786326916,computed,,44.0,0.0,heldout_10X,10X
primary_128d,103,heldout__immune_cell_human__hvg2000_pca40__solar_orthogonal__heldout_Oetjen_A__s44__a0__l1p00,immune_cell_human,solar_orthogonal,heldout,44,hvg2000_pca40,embed,e2a37e0ed63dc34b60aa535cc656400552af757a,0.3732760278184571,computed,0.852692723274231,computed,0.8489341373507309,computed,0.7541679921285132,computed,0.7249441210037811,computed,0.9999999999999998,computed,0.5456595127985191,computed,0.9899271157747771,computed,,not_applicable,1.4461639535759012,computed,0.9237872795053645,computed,0.493098936509341,computed,0.034884535907755865,computed,0.8407248866451664,computed,,44.0,0.0,heldout_Oetjen_A,Oetjen_A
primary_128d,104,heldout__immune_cell_human__hvg2000_pca40__solar_orthogonal__heldout_Villani__s44__a0__l1p00,immune_cell_human,solar_orthogonal,heldout,44,hvg2000_pca40,embed,e2a37e0ed63dc34b60aa535cc656400552af757a,0.3845266094372837,computed,0.8506395518779755,computed,0.8325875181876046,computed,0.7592997617397167,computed,0.7327344406263533,computed,0.9999999999999998,computed,0.5852057589208687,computed,0.9724363635723947,computed,,not_applicable,1.4545206150407535,computed,0.9080570528022124,computed,0.4930989337153733,computed,0.02691773993785118,computed,0.5383399371096503,computed,,44.0,0.0,heldout_Villani,Villani
primary_128d,105,heldout__immune_cell_human__hvg2000_pca40__solar_orthogonal_uniq__heldout_10X__s40__a0__l1p00,immune_cell_human,solar_orthogonal_uniq,heldout,40,hvg2000_pca40,embed,e2a37e0ed63dc34b60aa535cc656400552af757a,0.3154024688502669,computed,0.7940365672111511,computed,0.8739604114042072,computed,0.7166579420039522,computed,0.6415796481667273,computed,0.9999999999999996,computed,0.6565206905401335,computed,0.9918719206293254,computed,,not_applicable,0.9649927633774671,computed,0.9216145672827988,computed,0.49309893511235714,computed,0.023760290363889047,computed,0.8486703645951141,computed,,40.0,0.0,heldout_10X,10X
primary_128d,106,heldout__immune_cell_human__hvg2000_pca40__solar_orthogonal_uniq__heldout_Oetjen_A__s40__a0__l1p00,immune_cell_human,solar_orthogonal_uniq,heldout,40,hvg2000_pca40,embed,e2a37e0ed63dc34b60aa535cc656400552af757a,0.3678046534938147,computed,0.8264700770378113,computed,0.8665134854256552,computed,0.7462775242373816,computed,0.7293968409674773,computed,0.9999999999999998,computed,0.6141805445596907,computed,0.9913104971003681,computed,,not_applicable,1.0924670225016815,computed,0.8883448924356132,computed,0.493098936509341,computed,0.024273382232714025,computed,0.3482469743258685,computed,,40.0,0.0,heldout_Oetjen_A,Oetjen_A
primary_128d,107,heldout__immune_cell_human__hvg2000_pca40__solar_orthogonal_uniq__heldout_Villani__s40__a0__l1p00,immune_cell_human,solar_orthogonal_uniq,heldout,40,hvg2000_pca40,embed,e2a37e0ed63dc34b60aa535cc656400552af757a,0.384554059113071,computed,0.8272254168987274,computed,0.8633820376488365,computed,0.7616232141091689,computed,0.7434407982878253,computed,0.9999999999999998,computed,0.6473350361805785,computed,0.9842182404490869,computed,,not_applicable,1.105578647817675,computed,0.9350166602934054,computed,0.4930989337153733,computed,0.08146039405442274,computed,0.8536944210785424,computed,,40.0,0.0,heldout_Villani,Villani
primary_128d,108,heldout__immune_cell_human__hvg2000_pca40__solar_orthogonal_uniq__heldout_10X__s41__a0__l1p00,immune_cell_human,solar_orthogonal_uniq,heldout,41,hvg2000_pca40,embed,e2a37e0ed63dc34b60aa535cc656400552af757a,0.3532271285742307,computed,0.7931104600429535,computed,0.871563779705006,computed,0.7345040286430689,computed,0.6798983071965272,computed,0.9999999999999996,computed,0.647114395927027,computed,0.9914856601724961,computed,,not_applicable,0.9770462514248401,computed,0.9203369939507537,computed,0.49309893511235714,computed,0.025484413588381938,computed,0.5432119262979472,computed,,41.0,0.0,heldout_10X,10X
primary_128d,109,heldout__immune_cell_human__hvg2000_pca40__solar_orthogonal_uniq__heldout_Oetjen_A__s41__a0__l1p00,immune_cell_human,solar_orthogonal_uniq,heldout,41,hvg2000_pca40,embed,e2a37e0ed63dc34b60aa535cc656400552af757a,0.3843194803733991,computed,0.8280056715011597,computed,0.8702857268855307,computed,0.7567379081744859,computed,0.7230368067224736,computed,0.9999999999999998,computed,0.619847336137586,computed,0.9913087662783296,computed,,not_applicable,1.0953714917446038,computed,0.9165423864876476,computed,0.493098936509341,computed,0.023342769094083726,computed,0.8426190298929843,computed,,41.0,0.0,heldout_Oetjen_A,Oetjen_A
primary_128d,110,heldout__immune_cell_human__hvg2000_pca40__solar_orthogonal_uniq__heldout_Villani__s41__a0__l1p00,immune_cell_human,solar_orthogonal_uniq,heldout,41,hvg2000_pca40,embed,e2a37e0ed63dc34b60aa535cc656400552af757a,0.378883034715607,computed,0.8210834264755249,computed,0.8550405032735182,computed,0.7509572800751146,computed,0.7348639733979345,computed,0.9999999999999998,computed,0.6421794341494638,computed,0.9715374277098568,computed,,not_applicable,1.0493072236495182,computed,0.906224910730203,computed,0.4930989337153733,computed,0.043723207254158236,computed,0.8534854679727644,computed,,41.0,0.0,heldout_Villani,Villani
primary_128d,111,heldout__immune_cell_human__hvg2000_pca40__solar_orthogonal_uniq__heldout_10X__s42__a0__l1p00,immune_cell_human,solar_orthogonal_uniq,heldout,42,hvg2000_pca40,embed,e2a37e0ed63dc34b60aa535cc656400552af757a,0.3513560465981681,computed,0.7954093813896179,computed,0.8707316566875909,computed,0.7305137613503753,computed,0.6833641770998706,computed,0.9999999999999996,computed,0.6554428953663805,computed,0.9911320929314091,computed,,not_applicable,0.9362652335514063,computed,0.9148537478658909,computed,0.49309893511235714,computed,0.020807269407178586,computed,0.8474727552049706,computed,,42.0,0.0,heldout_10X,10X
primary_128d,112,heldout__immune_cell_human__hvg2000_pca40__solar_orthogonal_uniq__heldout_Oetjen_A__s42__a0__l1p00,immune_cell_human,solar_orthogonal_uniq,heldout,42,hvg2000_pca40,embed,e2a37e0ed63dc34b60aa535cc656400552af757a,0.3599036484868554,computed,0.8265595138072968,computed,0.8634856740512487,computed,0.7436312762087223,computed,0.7088193920936292,computed,0.9999999999999998,computed,0.6163692241683302,computed,0.9907076220906774,computed,,not_applicable,1.081976377900883,computed,0.8981127072268401,computed,0.493098936509341,computed,0.021469750755179096,computed,0.3492652187150633,computed,,42.0,0.0,heldout_Oetjen_A,Oetjen_A
primary_128d,113,heldout__immune_cell_human__hvg2000_pca40__solar_orthogonal_uniq__heldout_Villani__s42__a0__l1p00,immune_cell_human,solar_orthogonal_uniq,heldout,42,hvg2000_pca40,embed,e2a37e0ed63dc34b60aa535cc656400552af757a,0.3596126370121413,computed,0.815439373254776,computed,0.8595831331808809,computed,0.7412506141125336,computed,0.7296562626205968,computed,0.9999999999999998,computed,0.6429019425444312,computed,0.984794041052995,computed,,not_applicable,1.0913067622283807,computed,0.9060454344728148,computed,0.4930989337153733,computed,0.046577071952523585,computed,0.8547342934801956,computed,,42.0,0.0,heldout_Villani,Villani
primary_128d,114,heldout__immune_cell_human__hvg2000_pca40__solar_orthogonal_uniq__heldout_10X__s43__a0__l1p00,immune_cell_human,solar_orthogonal_uniq,heldout,43,hvg2000_pca40,embed,e2a37e0ed63dc34b60aa535cc656400552af757a,0.3309158898283693,computed,0.7956812381744385,computed,0.8719555811176665,computed,0.723784849877457,computed,0.6675757721125755,computed,0.9999999999999996,computed,0.6668122922600411,computed,0.9914960792241941,computed,,not_applicable,0.990232866686447,computed,0.9225097752864705,computed,0.49309893511235714,computed,0.01928029435115919,computed,0.8487544564579703,computed,,43.0,0.0,heldout_10X,10X
primary_128d,115,heldout__immune_cell_human__hvg2000_pca40__solar_orthogonal_uniq__heldout_Oetjen_A__s43__a0__l1p00,immune_cell_human,solar_orthogonal_uniq,heldout,43,hvg2000_pca40,embed,e2a37e0ed63dc34b60aa535cc656400552af757a,0.36703922727749955,computed,0.8278455138206482,computed,0.8666623465907024,computed,0.7490008361506602,computed,0.7275890560265862,computed,0.9999999999999998,computed,0.6176395597326374,computed,0.9912717570852763,computed,,not_applicable,1.0924616205787752,computed,0.8863951619385633,computed,0.493098936509341,computed,0.0243585232375777,computed,0.8460986666354913,computed,,43.0,0.0,heldout_Oetjen_A,Oetjen_A
primary_128d,116,heldout__immune_cell_human__hvg2000_pca40__solar_orthogonal_uniq__heldout_Villani__s43__a0__l1p00,immune_cell_human,solar_orthogonal_uniq,heldout,43,hvg2000_pca40,embed,e2a37e0ed63dc34b60aa535cc656400552af757a,0.39220776506711896,computed,0.830346405506134,computed,0.8593280425887846,computed,0.7625789238288365,computed,0.7258601291731307,computed,0.9999999999999998,computed,0.6629021118403823,computed,0.9847894702168483,computed,,not_applicable,1.1038105987659348,computed,0.9386923565095668,computed,0.4930989337153733,computed,0.043776074861558545,computed,0.8518047759802834,computed,,43.0,0.0,heldout_Villani,Villani
primary_128d,117,heldout__immune_cell_human__hvg2000_pca40__solar_orthogonal_uniq__heldout_10X__s44__a0__l1p00,immune_cell_human,solar_orthogonal_uniq,heldout,44,hvg2000_pca40,embed,e2a37e0ed63dc34b60aa535cc656400552af757a,0.328409337329742,computed,0.7966658174991608,computed,0.8693256427573618,computed,0.7240053238233766,computed,0.6778898681082609,computed,0.9999999999999996,computed,0.6484873439602291,computed,0.9904242743587743,computed,,not_applicable,1.0325770513973525,computed,0.9133455770162202,computed,0.49309893511235714,computed,0.026999639341683146,computed,0.8496911403443939,computed,,44.0,0.0,heldout_10X,10X
primary_128d,118,heldout__immune_cell_human__hvg2000_pca40__solar_orthogonal_uniq__heldout_Oetjen_A__s44__a0__l1p00,immune_cell_human,solar_orthogonal_uniq,heldout,44,hvg2000_pca40,embed,e2a37e0ed63dc34b60aa535cc656400552af757a,0.3368272556020905,computed,0.8234354555606842,computed,0.8675735976810719,computed,0.7303247029460327,computed,0.72192705524006,computed,0.9999999999999998,computed,0.6445295478023481,computed,0.9898967317963023,computed,,not_applicable,1.082454163252931,computed,0.8913313016615179,computed,0.493098936509341,computed,0.01571464060863259,computed,0.8473355837021161,computed,,44.0,0.0,heldout_Oetjen_A,Oetjen_A
primary_128d,119,heldout__immune_cell_human__hvg2000_pca40__solar_orthogonal_uniq__heldout_Villani__s44__a0__l1p00,immune_cell_human,solar_orthogonal_uniq,heldout,44,hvg2000_pca40,embed,e2a37e0ed63dc34b60aa535cc656400552af757a,0.38892480564672555,computed,0.8242526650428772,computed,0.8592546107079913,computed,0.7619919933024994,computed,0.7316859231892368,computed,0.9999999999999998,computed,0.6450301577084331,computed,0.9814861340447245,computed,,not_applicable,1.1460920336087397,computed,0.9111498911211217,computed,0.4930989337153733,computed,0.03439569676394205,computed,0.8464247608338167,computed,,44.0,0.0,heldout_Villani,Villani
primary_128d,120,heldout__lung_atlas__hvg2000_pca40__solar_none__heldout_3__s40__a0__l1p00,lung_atlas,solar_none,heldout,40,hvg2000_pca40,embed,e2a37e0ed63dc34b60aa535cc656400552af757a,0.48139104126463544,computed,0.83674156665802,computed,0.8437294221283667,computed,0.8008523385093635,computed,0.6016682151729351,computed,0.9999999999999998,computed,0.7335600952064267,computed,0.7573446145825571,computed,,not_applicable,0.8141771342034674,computed,0.9237668161434976,computed,0.5135470870882273,computed,0.0168923032383399,computed,,not_applicable,,40.0,0.0,heldout_3,3
primary_128d,121,heldout__lung_atlas__hvg2000_pca40__solar_none__heldout_4__s40__a0__l1p00,lung_atlas,solar_none,heldout,40,hvg2000_pca40,embed,e2a37e0ed63dc34b60aa535cc656400552af757a,0.480301091991865,computed,0.8097374439239502,computed,0.8511468929558619,computed,0.7888515188982117,computed,0.6342574192265533,computed,0.9999999999999996,computed,0.7346367510850242,computed,0.6973955551587805,computed,,not_applicable,0.876919013130395,computed,0.9222096956031567,computed,0.5135470870882273,computed,0.009642605153214356,computed,,not_applicable,,40.0,0.0,heldout_4,4
primary_128d,122,heldout__lung_atlas__hvg2000_pca40__solar_none__heldout_B1__s40__a0__l1p00,lung_atlas,solar_none,heldout,40,hvg2000_pca40,embed,e2a37e0ed63dc34b60aa535cc656400552af757a,0.45223513718210484,computed,0.8269666433334351,computed,0.84954847299955,computed,0.7847792878985287,computed,0.6193706641264981,computed,0.9999999999999998,computed,0.7322624895961469,computed,0.6978949087969006,computed,,not_applicable,0.6982665114670872,computed,0.9103139013452914,computed,0.5135470842942595,computed,0.012433997221621751,computed,,not_applicable,,40.0,0.0,heldout_B1,B1
primary_128d,123,heldout__lung_atlas__hvg2000_pca40__solar_none__heldout_3__s41__a0__l1p00,lung_atlas,solar_none,heldout,41,hvg2000_pca40,embed,e2a37e0ed63dc34b60aa535cc656400552af757a,0.4778542550331256,computed,0.8310285806655884,computed,0.8442524505108263,computed,0.7969108041822688,computed,0.6014896776323908,computed,0.9999999999999996,computed,0.7420226530797712,computed,0.7543820160346335,computed,,not_applicable,0.7762165815149098,computed,0.9297052154195011,computed,0.5135470870882273,computed,0.012118583695497898,computed,,not_applicable,,41.0,0.0,heldout_3,3
primary_128d,124,heldout__lung_atlas__hvg2000_pca40__solar_none__heldout_4__s41__a0__l1p00,lung_atlas,solar_none,heldout,41,hvg2000_pca40,embed,e2a37e0ed63dc34b60aa535cc656400552af757a,0.511840279158909,computed,0.8171000182628632,computed,0.8411912443768688,computed,0.8007470619398633,computed,0.6085464450447253,computed,0.9999999999999996,computed,0.7453873495555492,computed,0.7482711898089801,computed,,not_applicable,0.9330277320452789,computed,0.9256756756756757,computed,0.5135470870882273,computed,0.014359233825865125,computed,,not_applicable,,41.0,0.0,heldout_4,4
primary_128d,125,heldout__lung_atlas__hvg2000_pca40__solar_none__heldout_B1__s41__a0__l1p00,lung_atlas,solar_none,heldout,41,hvg2000_pca40,embed,e2a37e0ed63dc34b60aa535cc656400552af757a,0.4966922704320495,computed,0.8381647169589996,computed,0.850703709300708,computed,0.8056715590479745,computed,0.6000090135206783,computed,0.9999999999999998,computed,0.7202580908569993,computed,0.7557979497941408,computed,,not_applicable,0.8038513988878648,computed,0.9410404624277457,computed,0.5135470842942595,computed,0.00711309235938562,computed,,not_applicable,,41.0,0.0,heldout_B1,B1
primary_128d,126,heldout__lung_atlas__hvg2000_pca40__solar_none__heldout_3__s42__a0__l1p00,lung_atlas,solar_none,heldout,42,hvg2000_pca40,embed,e2a37e0ed63dc34b60aa535cc656400552af757a,0.48473830244962773,computed,0.839963287115097,computed,0.8422580758732583,computed,0.8030257892913121,computed,0.607704807161353,computed,0.9999999999999998,computed,0.7376247403140055,computed,0.8721329352994146,computed,,not_applicable,0.8453424698082923,computed,0.9325714285714286,computed,0.5135470870882273,computed,0.01996164803856504,computed,,not_applicable,,42.0,0.0,heldout_3,3
primary_128d,127,heldout__lung_atlas__hvg2000_pca40__solar_none__heldout_4__s42__a0__l1p00,lung_atlas,solar_none,heldout,42,hvg2000_pca40,embed,e2a37e0ed63dc34b60aa535cc656400552af757a,0.5057389302049479,computed,0.8183219134807587,computed,0.8433897665440331,computed,0.7958746665039411,computed,0.6050671009582443,computed,0.9999999999999996,computed,0.7479311182165633,computed,0.8152485547664692,computed,,not_applicable,0.9364885270578676,computed,0.9331797235023043,computed,0.5135470870882273,computed,0.020697929635035694,computed,,not_applicable,,42.0,0.0,heldout_4,4
primary_128d,128,heldout__lung_atlas__hvg2000_pca40__solar_none__heldout_B1__s42__a0__l1p00,lung_atlas,solar_none,heldout,42,hvg2000_pca40,embed,e2a37e0ed63dc34b60aa535cc656400552af757a,0.49024116786773686,computed,0.8337181806564331,computed,0.8472910369710689,computed,0.8028071461524385,computed,0.6034582847637289,computed,0.9999999999999998,computed,0.7201409196585146,computed,0.8731105925458668,computed,,not_applicable,0.7699108080482584,computed,0.9218573046432617,computed,0.5135470842942595,computed,0.00860421313709736,computed,,not_applicable,,42.0,0.0,heldout_B1,B1
primary_128d,129,heldout__lung_atlas__hvg2000_pca40__solar_none__heldout_3__s43__a0__l1p00,lung_atlas,solar_none,heldout,43,hvg2000_pca40,embed,e2a37e0ed63dc34b60aa535cc656400552af757a,0.4771374940966202,computed,0.8270943760871887,computed,0.8409812883239106,computed,0.7940570952161022,computed,0.6054896702551302,computed,0.9999999999999998,computed,0.7533190698496486,computed,0.6387144763001725,computed,,not_applicable,0.7914550069943806,computed,0.9187358916478555,computed,0.5135470870882273,computed,0.010528217415204266,computed,,not_applicable,,43.0,0.0,heldout_3,3
primary_128d,130,heldout__lung_atlas__hvg2000_pca40__solar_none__heldout_4__s43__a0__l1p00,lung_atlas,solar_none,heldout,43,hvg2000_pca40,embed,e2a37e0ed63dc34b60aa535cc656400552af757a,0.47998847541319806,computed,0.8072010278701782,computed,0.8479443154334354,computed,0.7852603501682286,computed,0.6048275920704915,computed,0.9999999999999996,computed,0.7291425680668169,computed,0.8139172198991212,computed,,not_applicable,0.9092112046628349,computed,0.9042316258351893,computed,0.5135470870882273,computed,0.006011907465688915,computed,,not_applicable,,43.0,0.0,heldout_4,4
primary_128d,131,heldout__lung_atlas__hvg2000_pca40__solar_none__heldout_B1__s43__a0__l1p00,lung_atlas,solar_none,heldout,43,hvg2000_pca40,embed,e2a37e0ed63dc34b60aa535cc656400552af757a,0.4802170869296994,computed,0.8347259759902954,computed,0.8486381776659732,computed,0.7997564647260734,computed,0.5817139010523322,computed,0.9999999999999998,computed,0.7295396955525648,computed,0.7559203581970679,computed,,not_applicable,0.7654459559223292,computed,0.9175946547884187,computed,0.5135470842942595,computed,0.012862750927173705,computed,,not_applicable,,43.0,0.0,heldout_B1,B1
primary_128d,132,heldout__lung_atlas__hvg2000_pca40__solar_none__heldout_3__s44__a0__l1p00,lung_atlas,solar_none,heldout,44,hvg2000_pca40,embed,e2a37e0ed63dc34b60aa535cc656400552af757a,0.4829992428987463,computed,0.8371735215187073,computed,0.8380147401194186,computed,0.7991979580569025,computed,0.5899337097895536,computed,0.9999999999999998,computed,0.7259901345342356,computed,0.6989615687951809,computed,,not_applicable,0.8422710787878926,computed,0.891304347826087,computed,0.5135470870882273,computed,0.011341498806426209,computed,,not_applicable,,44.0,0.0,heldout_3,3
primary_128d,133,heldout__lung_atlas__hvg2000_pca40__solar_none__heldout_4__s44__a0__l1p00,lung_atlas,solar_none,heldout,44,hvg2000_pca40,embed,e2a37e0ed63dc34b60aa535cc656400552af757a,0.5022430905079915,computed,0.8128651976585388,computed,0.84373785110762,computed,0.792464955924285,computed,0.6198681893962728,computed,0.9999999999999996,computed,0.7503192221055114,computed,0.8720589720202383,computed,,not_applicable,0.8857339865404548,computed,0.9310344827586208,computed,0.5135470870882273,computed,0.015141741524242747,computed,,not_applicable,,44.0,0.0,heldout_4,4
primary_128d,134,heldout__lung_atlas__hvg2000_pca40__solar_none__heldout_B1__s44__a0__l1p00,lung_atlas,solar_none,heldout,44,hvg2000_pca40,embed,e2a37e0ed63dc34b60aa535cc656400552af757a,0.47491588353292913,computed,0.8258146643638611,computed,0.8514696343265722,computed,0.7942642635307614,computed,0.6266362039332708,computed,0.9999999999999998,computed,0.736710030320445,computed,0.6979805342227011,computed,,not_applicable,0.7356939985483717,computed,0.92152466367713,computed,0.5135470842942595,computed,0.00414932340075036,computed,,not_applicable,,44.0,0.0,heldout_B1,B1
primary_128d,135,heldout__lung_atlas__hvg2000_pca40__solar_orthogonal__heldout_3__s40__a0__l1p00,lung_atlas,solar_orthogonal,heldout,40,hvg2000_pca40,embed,e2a37e0ed63dc34b60aa535cc656400552af757a,0.47963061174443156,computed,0.8488107919692993,computed,0.819098135565539,computed,0.7933428707508599,computed,0.654362147431498,computed,0.9999999999999998,computed,0.7359811617720269,computed,0.7560367798847955,computed,,not_applicable,1.0312231100796092,computed,0.891304347826087,computed,0.5135470870882273,computed,0.008919202371974966,computed,,not_applicable,,40.0,0.0,heldout_3,3
primary_128d,136,heldout__lung_atlas__hvg2000_pca40__solar_orthogonal__heldout_4__s40__a0__l1p00,lung_atlas,solar_orthogonal,heldout,40,hvg2000_pca40,embed,e2a37e0ed63dc34b60aa535cc656400552af757a,0.513633213390879,computed,0.8355104029178619,computed,0.8229261802933683,computed,0.7931624382368918,computed,0.6809525505453868,computed,0.9999999999999996,computed,0.7515209517258006,computed,0.813308080781773,computed,,not_applicable,1.0345014010734888,computed,0.902869757174393,computed,0.5135470870882273,computed,0.009952293231704101,computed,,not_applicable,,40.0,0.0,heldout_4,4
primary_128d,137,heldout__lung_atlas__hvg2000_pca40__solar_orthogonal__heldout_B1__s40__a0__l1p00,lung_atlas,solar_orthogonal,heldout,40,hvg2000_pca40,embed,e2a37e0ed63dc34b60aa535cc656400552af757a,0.5090553903804804,computed,0.854832798242569,computed,0.8162930509840577,computed,0.8004049448587769,computed,0.6655968241754044,computed,0.9999999999999998,computed,0.7267203553324411,computed,0.7570138981510449,computed,,not_applicable,0.9986089458741478,computed,0.9052396878483835,computed,0.5135470842942595,computed,0.008664021577975745,computed,,not_applicable,,40.0,0.0,heldout_B1,B1
primary_128d,138,heldout__lung_atlas__hvg2000_pca40__solar_orthogonal__heldout_3__s41__a0__l1p00,lung_atlas,solar_orthogonal,heldout,41,hvg2000_pca40,embed,e2a37e0ed63dc34b60aa535cc656400552af757a,0.4624967086234876,computed,0.8607876896858215,computed,0.8211175874756733,computed,0.7938902159487192,computed,0.659876505444149,computed,0.9999999999999998,computed,0.7142223374658025,computed,0.8144099975693565,computed,,not_applicable,1.0831222399716554,computed,0.9417249417249417,computed,0.5135470870882273,computed,0.01995103403591869,computed,,not_applicable,,41.0,0.0,heldout_3,3
primary_128d,139,heldout__lung_atlas__hvg2000_pca40__solar_orthogonal__heldout_4__s41__a0__l1p00,lung_atlas,solar_orthogonal,heldout,41,hvg2000_pca40,embed,e2a37e0ed63dc34b60aa535cc656400552af757a,0.504447036626619,computed,0.8331083655357361,computed,0.8150306439898715,computed,0.7923624427015834,computed,0.6771747154133124,computed,0.9999999999999996,computed,0.7312934474452294,computed,0.8132514329409858,computed,,not_applicable,1.097325853251029,computed,0.9375,computed,0.5135470870882273,computed,0.013077942927499642,computed,,not_applicable,,41.0,0.0,heldout_4,4
primary_128d,140,heldout__lung_atlas__hvg2000_pca40__solar_orthogonal__heldout_B1__s41__a0__l1p00,lung_atlas,solar_orthogonal,heldout,41,hvg2000_pca40,embed,e2a37e0ed63dc34b60aa535cc656400552af757a,0.5102806745625547,computed,0.8621532022953033,computed,0.821959221635912,computed,0.8060735909774857,computed,0.6784802102001685,computed,0.9999999999999998,computed,0.7062362140825549,computed,0.6417767792337364,computed,,not_applicable,1.0481051007613829,computed,0.9210836277974087,computed,0.5135470842942595,computed,0.00583452328058176,computed,,not_applicable,,41.0,0.0,heldout_B1,B1
primary_128d,141,heldout__lung_atlas__hvg2000_pca40__solar_orthogonal__heldout_3__s42__a0__l1p00,lung_atlas,solar_orthogonal,heldout,42,hvg2000_pca40,embed,e2a37e0ed63dc34b60aa535cc656400552af757a,0.48634025605075937,computed,0.8603678643703461,computed,0.8112346936717325,computed,0.8029895620010109,computed,0.6632394917813895,computed,0.9999999999999998,computed,0.7214803730820325,computed,0.87204133358577,computed,,not_applicable,1.1193490379882451,computed,0.9377880184331797,computed,0.5135470870882273,computed,0.011607844231135367,computed,,not_applicable,,42.0,0.0,heldout_3,3
primary_128d,142,heldout__lung_atlas__hvg2000_pca40__solar_orthogonal__heldout_4__s42__a0__l1p00,lung_atlas,solar_orthogonal,heldout,42,hvg2000_pca40,embed,e2a37e0ed63dc34b60aa535cc656400552af757a,0.5066540872790795,computed,0.8393733203411102,computed,0.8163728445214348,computed,0.7952071498801089,computed,0.6759509139000155,computed,0.9999999999999996,computed,0.7271536741279123,computed,0.756367826133987,computed,,not_applicable,1.1833104939976247,computed,0.9368541905855339,computed,0.5135470870882273,computed,0.013255561759013545,computed,,not_applicable,,42.0,0.0,heldout_4,4
primary_128d,143,heldout__lung_atlas__hvg2000_pca40__solar_orthogonal__heldout_B1__s42__a0__l1p00,lung_atlas,solar_orthogonal,heldout,42,hvg2000_pca40,embed,e2a37e0ed63dc34b60aa535cc656400552af757a,0.5166781202463899,computed,0.8628995418548584,computed,0.8262876443083845,computed,0.8076300427205929,computed,0.6668239755774258,computed,0.9999999999999998,computed,0.6989709540687645,computed,0.758187776080841,computed,,not_applicable,1.095204789454002,computed,0.902869757174393,computed,0.5135470842942595,computed,0.011150116910626617,computed,,not_applicable,,42.0,0.0,heldout_B1,B1
primary_128d,144,heldout__lung_atlas__hvg2000_pca40__solar_orthogonal__heldout_3__s43__a0__l1p00,lung_atlas,solar_orthogonal,heldout,43,hvg2000_pca40,embed,e2a37e0ed63dc34b60aa535cc656400552af757a,0.5125057365021027,computed,0.8615835607051849,computed,0.8136335787710001,computed,0.8074847432237631,computed,0.6644516642457595,computed,0.9999999999999998,computed,0.7315679149147529,computed,0.87368293516436,computed,,not_applicable,1.1094863454654678,computed,0.9274376417233561,computed,0.5135470870882273,computed,0.010833812915897356,computed,,not_applicable,,43.0,0.0,heldout_3,3
primary_128d,145,heldout__lung_atlas__hvg2000_pca40__solar_orthogonal__heldout_4__s43__a0__l1p00,lung_atlas,solar_orthogonal,heldout,43,hvg2000_pca40,embed,e2a37e0ed63dc34b60aa535cc656400552af757a,0.4945005476075929,computed,0.82917320728302,computed,0.819170029743187,computed,0.7873326290830022,computed,0.6667307497280539,computed,0.9999999999999996,computed,0.730592108245625,computed,0.6980827258644425,computed,,not_applicable,1.06919559320766,computed,0.9380116959064329,computed,0.5135470870882273,computed,0.007504469994822238,computed,,not_applicable,,43.0,0.0,heldout_4,4
primary_128d,146,heldout__lung_atlas__hvg2000_pca40__solar_orthogonal__heldout_B1__s43__a0__l1p00,lung_atlas,solar_orthogonal,heldout,43,hvg2000_pca40,embed,e2a37e0ed63dc34b60aa535cc656400552af757a,0.5200245519402951,computed,0.8569866716861725,computed,0.8174334800099494,computed,0.8058655241459389,computed,0.668353126349079,computed,0.9999999999999998,computed,0.7243652186442673,computed,0.8168320015796203,computed,,not_applicable,1.00644011525401,computed,0.9204927211646136,computed,0.5135470842942595,computed,0.013090633755345249,computed,,not_applicable,,43.0,0.0,heldout_B1,B1
primary_128d,147,heldout__lung_atlas__hvg2000_pca40__solar_orthogonal__heldout_3__s44__a0__l1p00,lung_atlas,solar_orthogonal,heldout,44,hvg2000_pca40,embed,e2a37e0ed63dc34b60aa535cc656400552af757a,0.47075307375812314,computed,0.8604377508163452,computed,0.814936227299364,computed,0.7946164700715618,computed,0.6564568837396372,computed,0.9999999999999998,computed,0.7235707859069455,computed,0.6984601165269666,computed,,not_applicable,1.118361177607504,computed,0.9398148148148149,computed,0.5135470870882273,computed,0.01281050302673703,computed,,not_applicable,,44.0,0.0,heldout_3,3
primary_128d,148,heldout__lung_atlas__hvg2000_pca40__solar_orthogonal__heldout_4__s44__a0__l1p00,lung_atlas,solar_orthogonal,heldout,44,hvg2000_pca40,embed,e2a37e0ed63dc34b60aa535cc656400552af757a,0.5272529760930522,computed,0.8391099572181702,computed,0.8146062451984706,computed,0.7998555460865938,computed,0.6838078396364105,computed,0.9999999999999996,computed,0.7339940519153241,computed,0.8722533443617547,computed,,not_applicable,1.0782099334308368,computed,0.9094972067039105,computed,0.5135470870882273,computed,0.012306485686972457,computed,,not_applicable,,44.0,0.0,heldout_4,4
primary_128d,149,heldout__lung_atlas__hvg2000_pca40__solar_orthogonal__heldout_B1__s44__a0__l1p00,lung_atlas,solar_orthogonal,heldout,44,hvg2000_pca40,embed,e2a37e0ed63dc34b60aa535cc656400552af757a,0.5327782579897399,computed,0.8482050895690918,computed,0.8289413422282068,computed,0.8079288844362105,computed,0.660493948781466,computed,0.9999999999999996,computed,0.7271284304474686,computed,0.6978690827907789,computed,,not_applicable,0.9667518585585513,computed,0.9316628701594533,computed,0.5135470842942595,computed,0.005455289185318901,computed,,not_applicable,,44.0,0.0,heldout_B1,B1
primary_128d,150,heldout__lung_atlas__hvg2000_pca40__solar_orthogonal_uniq__heldout_3__s40__a0__l1p00,lung_atlas,solar_orthogonal_uniq,heldout,40,hvg2000_pca40,embed,e2a37e0ed63dc34b60aa535cc656400552af757a,0.4720822077285459,computed,0.830082356929779,computed,0.852577919575312,computed,0.7963113782246325,computed,0.6106873881574698,computed,0.9999999999999998,computed,0.7388392703276458,computed,0.8158754458868699,computed,,not_applicable,0.7814748448900981,computed,0.9258426966292135,computed,0.5135470870882273,computed,0.012747860836729519,computed,,not_applicable,,40.0,0.0,heldout_3,3
primary_128d,151,heldout__lung_atlas__hvg2000_pca40__solar_orthogonal_uniq__heldout_4__s40__a0__l1p00,lung_atlas,solar_orthogonal_uniq,heldout,40,hvg2000_pca40,embed,e2a37e0ed63dc34b60aa535cc656400552af757a,0.5030719399060165,computed,0.8096195161342621,computed,0.8586482944509011,computed,0.7933198514243347,computed,0.6437199366425089,computed,0.9999999999999996,computed,0.7592760295789578,computed,0.7544739447691711,computed,,not_applicable,0.8225234522583922,computed,0.9241223103057757,computed,0.5135470870882273,computed,0.01137018844335369,computed,,not_applicable,,40.0,0.0,heldout_4,4
primary_128d,152,heldout__lung_atlas__hvg2000_pca40__solar_orthogonal_uniq__heldout_B1__s40__a0__l1p00,lung_atlas,solar_orthogonal_uniq,heldout,40,hvg2000_pca40,embed,e2a37e0ed63dc34b60aa535cc656400552af757a,0.4716170689224818,computed,0.8162430822849274,computed,0.858448258425017,computed,0.7919800095500142,computed,0.6172183966768343,computed,0.9999999999999996,computed,0.7505465556906894,computed,0.698895466381739,computed,,not_applicable,0.6865297442927971,computed,0.93006993006993,computed,0.5135470842942595,computed,0.006279738575201033,computed,,not_applicable,,40.0,0.0,heldout_B1,B1
primary_128d,153,heldout__lung_atlas__hvg2000_pca40__solar_orthogonal_uniq__heldout_3__s41__a0__l1p00,lung_atlas,solar_orthogonal_uniq,heldout,41,hvg2000_pca40,embed,e2a37e0ed63dc34b60aa535cc656400552af757a,0.4657033976108722,computed,0.8259261846542358,computed,0.8556480128394064,computed,0.7907493339632047,computed,0.6213888920064399,computed,0.9999999999999998,computed,0.7311538351914868,computed,0.6977354507473601,computed,,not_applicable,0.7774079907978537,computed,0.9426900584795322,computed,0.5135470870882273,computed,0.010400622091057188,computed,,not_applicable,,41.0,0.0,heldout_3,3
primary_128d,154,heldout__lung_atlas__hvg2000_pca40__solar_orthogonal_uniq__heldout_4__s41__a0__l1p00,lung_atlas,solar_orthogonal_uniq,heldout,41,hvg2000_pca40,embed,e2a37e0ed63dc34b60aa535cc656400552af757a,0.4738355598218298,computed,0.8132550418376923,computed,0.8512707380899508,computed,0.7926126105187533,computed,0.6278747418947608,computed,0.9999999999999996,computed,0.7408871328612749,computed,0.6987454790322649,computed,,not_applicable,0.8783353735514252,computed,0.9372093023255813,computed,0.5135470870882273,computed,0.016127064671861535,computed,,not_applicable,,41.0,0.0,heldout_4,4
primary_128d,155,heldout__lung_atlas__hvg2000_pca40__solar_orthogonal_uniq__heldout_B1__s41__a0__l1p00,lung_atlas,solar_orthogonal_uniq,heldout,41,hvg2000_pca40,embed,e2a37e0ed63dc34b60aa535cc656400552af757a,0.4863150382870633,computed,0.8315680921077728,computed,0.8585856700411295,computed,0.8043721492771311,computed,0.6026446391491347,computed,0.9999999999999998,computed,0.737843005283312,computed,0.699680223512738,computed,,not_applicable,0.7259784478841838,computed,0.9403508771929824,computed,0.5135470842942595,computed,0.004344381433007527,computed,,not_applicable,,41.0,0.0,heldout_B1,B1
primary_128d,156,heldout__lung_atlas__hvg2000_pca40__solar_orthogonal_uniq__heldout_3__s42__a0__l1p00,lung_atlas,solar_orthogonal_uniq,heldout,42,hvg2000_pca40,embed,e2a37e0ed63dc34b60aa535cc656400552af757a,0.4660656932698889,computed,0.8336964845657349,computed,0.8501867873418281,computed,0.7953709722292065,computed,0.619426314377437,computed,0.9999999999999998,computed,0.7404111294323068,computed,0.8148630676366345,computed,,not_applicable,0.7654645482570952,computed,0.9334862385321101,computed,0.5135470870882273,computed,0.01665368978984727,computed,,not_applicable,,42.0,0.0,heldout_3,3
primary_128d,157,heldout__lung_atlas__hvg2000_pca40__solar_orthogonal_uniq__heldout_4__s42__a0__l1p00,lung_atlas,solar_orthogonal_uniq,heldout,42,hvg2000_pca40,embed,e2a37e0ed63dc34b60aa535cc656400552af757a,0.5056997852503641,computed,0.8121812641620636,computed,0.851726046905557,computed,0.7984374123565503,computed,0.6177414188954328,computed,0.9999999999999996,computed,0.7598384277987924,computed,0.7559565017658428,computed,,not_applicable,0.8889372223845349,computed,0.9325714285714286,computed,0.5135470870882273,computed,0.007156747043969847,computed,,not_applicable,,42.0,0.0,heldout_4,4
primary_128d,158,heldout__lung_atlas__hvg2000_pca40__solar_orthogonal_uniq__heldout_B1__s42__a0__l1p00,lung_atlas,solar_orthogonal_uniq,heldout,42,hvg2000_pca40,embed,e2a37e0ed63dc34b60aa535cc656400552af757a,0.4902008085518248,computed,0.8390300273895264,computed,0.8600574459437003,computed,0.8081247191819103,computed,0.6277291552175667,computed,0.9999999999999998,computed,0.7272309717966272,computed,0.8164504105622075,computed,,not_applicable,0.7807396075567845,computed,0.9298642533936651,computed,0.5135470842942595,computed,0.005357683282500414,computed,,not_applicable,,42.0,0.0,heldout_B1,B1
primary_128d,159,heldout__lung_atlas__hvg2000_pca40__solar_orthogonal_uniq__heldout_3__s43__a0__l1p00,lung_atlas,solar_orthogonal_uniq,heldout,43,hvg2000_pca40,embed,e2a37e0ed63dc34b60aa535cc656400552af757a,0.4915546575657848,computed,0.8340423107147217,computed,0.8491859446091804,computed,0.8055132684695238,computed,0.6127948386455152,computed,0.9999999999999998,computed,0.761573051204188,computed,0.8152022200715949,computed,,not_applicable,0.8263093717183612,computed,0.9368541905855339,computed,0.5135470870882273,computed,0.008897198141531226,computed,,not_applicable,,43.0,0.0,heldout_3,3
primary_128d,160,heldout__lung_atlas__hvg2000_pca40__solar_orthogonal_uniq__heldout_4__s43__a0__l1p00,lung_atlas,solar_orthogonal_uniq,heldout,43,hvg2000_pca40,embed,e2a37e0ed63dc34b60aa535cc656400552af757a,0.5219449918622002,computed,0.8052123486995697,computed,0.852572311612401,computed,0.8016636205528477,computed,0.6328019870850239,computed,0.9999999999999996,computed,0.7339068074565928,computed,0.8156674914667111,computed,,not_applicable,0.8401896670510647,computed,0.9292237442922374,computed,0.5135470870882273,computed,0.007523240985888191,computed,,not_applicable,,43.0,0.0,heldout_4,4
primary_128d,161,heldout__lung_atlas__hvg2000_pca40__solar_orthogonal_uniq__heldout_B1__s43__a0__l1p00,lung_atlas,solar_orthogonal_uniq,heldout,43,hvg2000_pca40,embed,e2a37e0ed63dc34b60aa535cc656400552af757a,0.4932210763839941,computed,0.8274059891700745,computed,0.8544439598089437,computed,0.8025467835784895,computed,0.5931492607539006,computed,0.9999999999999998,computed,0.7403441874387172,computed,0.7577838293062054,computed,,not_applicable,0.7120025398208241,computed,0.9204927211646136,computed,0.5135470842942595,computed,0.007445860184644992,computed,,not_applicable,,43.0,0.0,heldout_B1,B1
primary_128d,162,heldout__lung_atlas__hvg2000_pca40__solar_orthogonal_uniq__heldout_3__s44__a0__l1p00,lung_atlas,solar_orthogonal_uniq,heldout,44,hvg2000_pca40,embed,e2a37e0ed63dc34b60aa535cc656400552af757a,0.4817413624303861,computed,0.8334316611289978,computed,0.8462953415287547,computed,0.800046019088291,computed,0.6029159460077552,computed,0.9999999999999998,computed,0.7531148596975374,computed,0.6402820354778666,computed,,not_applicable,0.7632238218475647,computed,0.941860465116279,computed,0.5135470870882273,computed,0.009193498983405823,computed,,not_applicable,,44.0,0.0,heldout_3,3
primary_128d,163,heldout__lung_atlas__hvg2000_pca40__solar_orthogonal_uniq__heldout_4__s44__a0__l1p00,lung_atlas,solar_orthogonal_uniq,heldout,44,hvg2000_pca40,embed,e2a37e0ed63dc34b60aa535cc656400552af757a,0.5164982009432482,computed,0.8210367560386658,computed,0.8507012801336449,computed,0.8051319767080188,computed,0.6463885209574272,computed,0.9999999999999998,computed,0.7460707504512458,computed,0.8737191812553012,computed,,not_applicable,0.8677507762487264,computed,0.927765237020316,computed,0.5135470870882273,computed,0.008094766685400323,computed,,not_applicable,,44.0,0.0,heldout_4,4
primary_128d,164,heldout__lung_atlas__hvg2000_pca40__solar_orthogonal_uniq__heldout_B1__s44__a0__l1p00,lung_atlas,solar_orthogonal_uniq,heldout,44,hvg2000_pca40,embed,e2a37e0ed63dc34b60aa535cc656400552af757a,0.47149076897136144,computed,0.82498899102211,computed,0.8619524253121844,computed,0.7927426532251736,computed,0.5990616176895004,computed,0.9999999999999998,computed,0.746811148170482,computed,0.7569200106386522,computed,,not_applicable,0.7019415506686988,computed,0.9306029579067122,computed,0.5135470842942595,computed,0.005324789532035412,computed,,not_applicable,,44.0,0.0,heldout_B1,B1
primary_128d,165,heldout__pancreas__hvg2000_pca40__solar_none__heldout_fluidigmc1__s40__a0__l1p00,pancreas,solar_none,heldout,40,hvg2000_pca40,embed,e2a37e0ed63dc34b60aa535cc656400552af757a,0.3230699842363878,computed,0.8933151066303253,computed,0.8759039323816581,computed,0.7227023125922983,computed,0.9276092049079565,computed,1.0,computed,0.3253792539224648,computed,0.9206294523243626,computed,,not_applicable,0.7798766547462042,computed,0.2692307692307693,computed,0.49594215117394924,computed,0.014120315233261849,computed,,not_applicable,,40.0,0.0,heldout_fluidigmc1,fluidigmc1
primary_128d,166,heldout__pancreas__hvg2000_pca40__solar_none__heldout_inDrop2__s40__a0__l1p00,pancreas,solar_none,heldout,40,hvg2000_pca40,embed,e2a37e0ed63dc34b60aa535cc656400552af757a,0.33319092602227346,computed,0.8689105212688446,computed,0.8698379096932262,computed,0.7184933631680082,computed,0.9247659000523669,computed,0.9999999999999998,computed,0.3317902244961213,computed,0.8314386928430998,computed,,not_applicable,0.617370823944569,computed,0.2692307692307693,computed,0.4959421493113041,computed,0.006563642162364713,computed,,not_applicable,,40.0,0.0,heldout_inDrop2,inDrop2
primary_128d,167,heldout__pancreas__hvg2000_pca40__solar_none__heldout_inDrop3__s40__a0__l1p00,pancreas,solar_none,heldout,40,hvg2000_pca40,embed,e2a37e0ed63dc34b60aa535cc656400552af757a,0.32268232443065187,computed,0.8945447206497192,computed,0.872271580543172,computed,0.7173646183294587,computed,0.928512457331143,computed,1.0,computed,0.3321036727468252,computed,0.9912870194104914,computed,,not_applicable,0.853202237980853,computed,0.25925925925925924,computed,0.4959421493113041,computed,0.007312618602349996,computed,,not_applicable,,40.0,0.0,heldout_inDrop3,inDrop3
primary_128d,168,heldout__pancreas__hvg2000_pca40__solar_none__heldout_fluidigmc1__s41__a0__l1p00,pancreas,solar_none,heldout,41,hvg2000_pca40,embed,e2a37e0ed63dc34b60aa535cc656400552af757a,0.3426362217611174,computed,0.9032182395458221,computed,0.8882867384354339,computed,0.7381824749568482,computed,0.9273156692378958,computed,1.0,computed,0.31987112591541694,computed,0.9176802983288371,computed,,not_applicable,0.7219744099047871,computed,0.10687022900763359,computed,0.49594215117394924,computed,0.0026735400398399944,computed,,not_applicable,,41.0,0.0,heldout_fluidigmc1,fluidigmc1
primary_128d,169,heldout__pancreas__hvg2000_pca40__solar_none__heldout_inDrop2__s41__a0__l1p00,pancreas,solar_none,heldout,41,hvg2000_pca40,embed,e2a37e0ed63dc34b60aa535cc656400552af757a,0.33082732361092676,computed,0.9001571238040924,computed,0.8695116391113004,computed,0.7303160675358062,computed,0.9284448796567685,computed,1.0,computed,0.34993692607796717,computed,0.9264313366461934,computed,,not_applicable,0.8438342972843351,computed,0.25925925925925924,computed,0.4959421493113041,computed,0.0012095602111755754,computed,,not_applicable,,41.0,0.0,heldout_inDrop2,inDrop2
primary_128d,170,heldout__pancreas__hvg2000_pca40__solar_none__heldout_inDrop3__s41__a0__l1p00,pancreas,solar_none,heldout,41,hvg2000_pca40,embed,e2a37e0ed63dc34b60aa535cc656400552af757a,0.3047975599663877,computed,0.8777325749397278,computed,0.8659084097582423,computed,0.7031843115434521,computed,0.9271223681936637,computed,0.9999999999999998,computed,0.32452672704532076,computed,0.9237230088668975,computed,,not_applicable,0.7409247451407872,computed,0.2641509433962264,computed,0.4959421493113041,computed,0.002442836265059256,computed,,not_applicable,,41.0,0.0,heldout_inDrop3,inDrop3
primary_128d,171,heldout__pancreas__hvg2000_pca40__solar_none__heldout_fluidigmc1__s42__a0__l1p00,pancreas,solar_none,heldout,42,hvg2000_pca40,embed,e2a37e0ed63dc34b60aa535cc656400552af757a,0.3142400983595728,computed,0.8805180490016937,computed,0.8730128711526666,computed,0.7119497866849138,computed,0.9297767750826947,computed,1.0,computed,0.3326081787118715,computed,0.826392382309006,computed,,not_applicable,0.6445230793351282,computed,0.10606060606060606,computed,0.49594215117394924,computed,0.00629075465397666,computed,,not_applicable,,42.0,0.0,heldout_fluidigmc1,fluidigmc1
primary_128d,172,heldout__pancreas__hvg2000_pca40__solar_none__heldout_inDrop2__s42__a0__l1p00,pancreas,solar_none,heldout,42,hvg2000_pca40,embed,e2a37e0ed63dc34b60aa535cc656400552af757a,0.33987241441037574,computed,0.9018685519695282,computed,0.868736055226284,computed,0.7337815889030072,computed,0.9283243932773894,computed,1.0,computed,0.32849943410428994,computed,0.9795600555070063,computed,,not_applicable,0.7798348319344639,computed,0.2692307692307693,computed,0.4959421493113041,computed,0.0028063561511000312,computed,,not_applicable,,42.0,0.0,heldout_inDrop2,inDrop2
primary_128d,173,heldout__pancreas__hvg2000_pca40__solar_none__heldout_inDrop3__s42__a0__l1p00,pancreas,solar_none,heldout,42,hvg2000_pca40,embed,e2a37e0ed63dc34b60aa535cc656400552af757a,0.307259880426703,computed,0.8740313649177551,computed,0.8710640199066696,computed,0.70521722107938,computed,0.9258229412843129,computed,0.9999999999999998,computed,0.3220565552970759,computed,0.9098192342827189,computed,,not_applicable,0.6366683744793318,computed,0.2641509433962264,computed,0.4959421493113041,computed,0.002537185644831852,computed,,not_applicable,,42.0,0.0,heldout_inDrop3,inDrop3
primary_128d,174,heldout__pancreas__hvg2000_pca40__solar_none__heldout_fluidigmc1__s43__a0__l1p00,pancreas,solar_none,heldout,43,hvg2000_pca40,embed,e2a37e0ed63dc34b60aa535cc656400552af757a,0.32014285694596323,computed,0.8817594647407532,computed,0.8817473504114812,computed,0.7165099249617256,computed,0.9245340191338693,computed,1.0,computed,0.34046478658196155,computed,0.8515749140253035,computed,,not_applicable,0.6310233361285098,computed,0.2692307692307693,computed,0.49594215117394924,computed,0.002658099419718174,computed,,not_applicable,,43.0,0.0,heldout_fluidigmc1,fluidigmc1
primary_128d,175,heldout__pancreas__hvg2000_pca40__solar_none__heldout_inDrop2__s43__a0__l1p00,pancreas,solar_none,heldout,43,hvg2000_pca40,embed,e2a37e0ed63dc34b60aa535cc656400552af757a,0.31610684062601324,computed,0.8892423212528229,computed,0.8629188219705719,computed,0.7178290353992366,computed,0.9285060895676795,computed,1.0,computed,0.3404999423280131,computed,0.8555120177665954,computed,,not_applicable,0.7388314259969428,computed,0.2692307692307693,computed,0.4959421493113041,computed,0.0042503620870332215,computed,,not_applicable,,43.0,0.0,heldout_inDrop2,inDrop2
primary_128d,176,heldout__pancreas__hvg2000_pca40__solar_none__heldout_inDrop3__s43__a0__l1p00,pancreas,solar_none,heldout,43,hvg2000_pca40,embed,e2a37e0ed63dc34b60aa535cc656400552af757a,0.30647308328744066,computed,0.876420259475708,computed,0.8667591540280446,computed,0.7063665928736621,computed,0.9288298234798048,computed,0.9999999999999998,computed,0.3168113143658284,computed,0.9243975716172148,computed,,not_applicable,0.7246068793257485,computed,0.2641509433962264,computed,0.4959421493113041,computed,0.002336920179016322,computed,,not_applicable,,43.0,0.0,heldout_inDrop3,inDrop3
primary_128d,177,heldout__pancreas__hvg2000_pca40__solar_none__heldout_fluidigmc1__s44__a0__l1p00,pancreas,solar_none,heldout,44,hvg2000_pca40,embed,e2a37e0ed63dc34b60aa535cc656400552af757a,0.3152776250050623,computed,0.8807732462882996,computed,0.8766675541342736,computed,0.7174353333344312,computed,0.9290338857650048,computed,1.0,computed,0.32354990317023624,computed,0.8289589714981013,computed,,not_applicable,0.6374288064015481,computed,0.2692307692307693,computed,0.49594215117394924,computed,0.0110927696631552,computed,,not_applicable,,44.0,0.0,heldout_fluidigmc1,fluidigmc1
primary_128d,178,heldout__pancreas__hvg2000_pca40__solar_none__heldout_inDrop2__s44__a0__l1p00,pancreas,solar_none,heldout,44,hvg2000_pca40,embed,e2a37e0ed63dc34b60aa535cc656400552af757a,0.30765589760612294,computed,0.8778347373008728,computed,0.8707393698801004,computed,0.7103827565287265,computed,0.9256658136039172,computed,1.0,computed,0.33429484523781555,computed,0.9179865435840799,computed,,not_applicable,0.6301313807606002,computed,0.2545454545454546,computed,0.4959421493113041,computed,0.005890480323522795,computed,,not_applicable,,44.0,0.0,heldout_inDrop2,inDrop2
primary_128d,179,heldout__pancreas__hvg2000_pca40__solar_none__heldout_inDrop3__s44__a0__l1p00,pancreas,solar_none,heldout,44,hvg2000_pca40,embed,e2a37e0ed63dc34b60aa535cc656400552af757a,0.34787893338663517,computed,0.8945208787918091,computed,0.8642418941890331,computed,0.7267461984490752,computed,0.9286858492956944,computed,1.0,computed,0.3140591696592343,computed,0.9256576918297424,computed,,not_applicable,0.7861787838755974,computed,0.25925925925925924,computed,0.4959421493113041,computed,0.010779031666256378,computed,,not_applicable,,44.0,0.0,heldout_inDrop3,inDrop3
primary_128d,180,heldout__pancreas__hvg2000_pca40__solar_orthogonal__heldout_fluidigmc1__s40__a0__l1p00,pancreas,solar_orthogonal,heldout,40,hvg2000_pca40,embed,e2a37e0ed63dc34b60aa535cc656400552af757a,0.35811082648486686,computed,0.9251039326190948,computed,0.8737338896372516,computed,0.7397821119914436,computed,0.9261923814066978,computed,1.0,computed,0.33137946641048593,computed,0.9147547339921508,computed,,not_applicable,1.4993085490894211,computed,0.2692307692307693,computed,0.49594215117394924,computed,0.013451777845322255,computed,,not_applicable,,40.0,0.0,heldout_fluidigmc1,fluidigmc1
primary_128d,181,heldout__pancreas__hvg2000_pca40__solar_orthogonal__heldout_inDrop2__s40__a0__l1p00,pancreas,solar_orthogonal,heldout,40,hvg2000_pca40,embed,e2a37e0ed63dc34b60aa535cc656400552af757a,0.34335766482602215,computed,0.9104941487312317,computed,0.8622466079257115,computed,0.7287914219875048,computed,0.9257195901176994,computed,1.0,computed,0.3157531785440247,computed,0.8402787578293942,computed,,not_applicable,1.184526323201918,computed,0.2692307692307693,computed,0.4959421493113041,computed,0.005265166735237803,computed,,not_applicable,,40.0,0.0,heldout_inDrop2,inDrop2
primary_128d,182,heldout__pancreas__hvg2000_pca40__solar_orthogonal__heldout_inDrop3__s40__a0__l1p00,pancreas,solar_orthogonal,heldout,40,hvg2000_pca40,embed,e2a37e0ed63dc34b60aa535cc656400552af757a,0.2982436961602212,computed,0.911380261182785,computed,0.8581975945513429,computed,0.7071308424616288,computed,0.9291533602058337,computed,0.9999999999999998,computed,0.30469841809756937,computed,0.9281283102090689,computed,,not_applicable,1.3340265149228,computed,0.10687022900763359,computed,0.4959421493113041,computed,0.0025732434639935686,computed,,not_applicable,,40.0,0.0,heldout_inDrop3,inDrop3
primary_128d,183,heldout__pancreas__hvg2000_pca40__solar_orthogonal__heldout_fluidigmc1__s41__a0__l1p00,pancreas,solar_orthogonal,heldout,41,hvg2000_pca40,embed,e2a37e0ed63dc34b60aa535cc656400552af757a,0.35920452753758214,computed,0.9291975498199463,computed,0.8713121345933211,computed,0.7419184178029872,computed,0.926633956800224,computed,1.0,computed,0.33589666153913533,computed,0.9146556434703899,computed,,not_applicable,1.549423109600891,computed,0.10687022900763359,computed,0.49594215117394924,computed,0.002727504783452739,computed,,not_applicable,,41.0,0.0,heldout_fluidigmc1,fluidigmc1
primary_128d,184,heldout__pancreas__hvg2000_pca40__solar_orthogonal__heldout_inDrop2__s41__a0__l1p00,pancreas,solar_orthogonal,heldout,41,hvg2000_pca40,embed,e2a37e0ed63dc34b60aa535cc656400552af757a,0.3213178651460243,computed,0.9211863577365875,computed,0.8593459642119204,computed,0.7261321860211523,computed,0.9269677471574379,computed,1.0,computed,0.317625875100934,computed,0.9276244874485472,computed,,not_applicable,1.3456761827962742,computed,0.2692307692307693,computed,0.4959421493113041,computed,0.002760736672902553,computed,,not_applicable,,41.0,0.0,heldout_inDrop2,inDrop2
primary_128d,185,heldout__pancreas__hvg2000_pca40__solar_orthogonal__heldout_inDrop3__s41__a0__l1p00,pancreas,solar_orthogonal,heldout,41,hvg2000_pca40,embed,e2a37e0ed63dc34b60aa535cc656400552af757a,0.3036779536793768,computed,0.9013528525829315,computed,0.8606798517732109,computed,0.7051285383026946,computed,0.9264719812195628,computed,0.9999999999999998,computed,0.3116045671041188,computed,0.8459046462002645,computed,,not_applicable,1.3423421710268961,computed,0.2641509433962264,computed,0.4959421493113041,computed,0.003695376011936591,computed,,not_applicable,,41.0,0.0,heldout_inDrop3,inDrop3
primary_128d,186,heldout__pancreas__hvg2000_pca40__solar_orthogonal__heldout_fluidigmc1__s42__a0__l1p00,pancreas,solar_orthogonal,heldout,42,hvg2000_pca40,embed,e2a37e0ed63dc34b60aa535cc656400552af757a,0.3480202328747889,computed,0.9161604940891266,computed,0.8671193627892879,computed,0.7304907166236703,computed,0.9236357674553453,computed,1.0,computed,0.33047458088769965,computed,0.8394191593555603,computed,,not_applicable,1.3276933423431951,computed,0.2692307692307693,computed,0.49594215117394924,computed,0.015953580168044046,computed,,not_applicable,,42.0,0.0,heldout_fluidigmc1,fluidigmc1
primary_128d,187,heldout__pancreas__hvg2000_pca40__solar_orthogonal__heldout_inDrop2__s42__a0__l1p00,pancreas,solar_orthogonal,heldout,42,hvg2000_pca40,embed,e2a37e0ed63dc34b60aa535cc656400552af757a,0.33758948403352484,computed,0.9193994402885437,computed,0.859495763240713,computed,0.7330248365815927,computed,0.9266243932261926,computed,1.0,computed,0.32150830738714603,computed,0.9228744727995013,computed,,not_applicable,1.401586994347766,computed,0.2692307692307693,computed,0.4959421493113041,computed,0.002383324427022271,computed,,not_applicable,,42.0,0.0,heldout_inDrop2,inDrop2
primary_128d,188,heldout__pancreas__hvg2000_pca40__solar_orthogonal__heldout_inDrop3__s42__a0__l1p00,pancreas,solar_orthogonal,heldout,42,hvg2000_pca40,embed,e2a37e0ed63dc34b60aa535cc656400552af757a,0.3385578656658429,computed,0.9040487706661224,computed,0.8601229876045353,computed,0.7177975198665297,computed,0.9266007495359413,computed,0.9999999999999998,computed,0.3066992618160648,computed,0.8493488630682963,computed,,not_applicable,1.1944550317982374,computed,0.2641509433962264,computed,0.4959421493113041,computed,0.004230063873722156,computed,,not_applicable,,42.0,0.0,heldout_inDrop3,inDrop3
primary_128d,189,heldout__pancreas__hvg2000_pca40__solar_orthogonal__heldout_fluidigmc1__s43__a0__l1p00,pancreas,solar_orthogonal,heldout,43,hvg2000_pca40,embed,e2a37e0ed63dc34b60aa535cc656400552af757a,0.3700812172794468,computed,0.9148713946342468,computed,0.8699925609604627,computed,0.7418490419578821,computed,0.9234107185763889,computed,1.0,computed,0.32745574227084334,computed,0.8414941395319869,computed,,not_applicable,1.324767715442504,computed,0.2692307692307693,computed,0.49594215117394924,computed,0.01744071361214372,computed,,not_applicable,,43.0,0.0,heldout_fluidigmc1,fluidigmc1
primary_128d,190,heldout__pancreas__hvg2000_pca40__solar_orthogonal__heldout_inDrop2__s43__a0__l1p00,pancreas,solar_orthogonal,heldout,43,hvg2000_pca40,embed,e2a37e0ed63dc34b60aa535cc656400552af757a,0.3507818704815737,computed,0.915625661611557,computed,0.8595995877842108,computed,0.736858829587229,computed,0.9241909014986864,computed,1.0,computed,0.319186368728613,computed,0.8554089468888714,computed,,not_applicable,1.2869782238274987,computed,0.2692307692307693,computed,0.4959421493113041,computed,0.0019777008063237567,computed,,not_applicable,,43.0,0.0,heldout_inDrop2,inDrop2
primary_128d,191,heldout__pancreas__hvg2000_pca40__solar_orthogonal__heldout_inDrop3__s43__a0__l1p00,pancreas,solar_orthogonal,heldout,43,hvg2000_pca40,embed,e2a37e0ed63dc34b60aa535cc656400552af757a,0.30625510194181066,computed,0.903374046087265,computed,0.8602720476517371,computed,0.7078137211666633,computed,0.9253322661138638,computed,0.9999999999999998,computed,0.29209441089736315,computed,0.9223692712766302,computed,,not_applicable,1.250159359015118,computed,0.2641509433962264,computed,0.4959421493113041,computed,0.0028375123029112936,computed,,not_applicable,,43.0,0.0,heldout_inDrop3,inDrop3
primary_128d,192,heldout__pancreas__hvg2000_pca40__solar_orthogonal__heldout_fluidigmc1__s44__a0__l1p00,pancreas,solar_orthogonal,heldout,44,hvg2000_pca40,embed,e2a37e0ed63dc34b60aa535cc656400552af757a,0.36512609008496183,computed,0.9193499088287354,computed,0.8655830717746927,computed,0.7375257651790338,computed,0.9256962990001314,computed,1.0,computed,0.32884396480627126,computed,0.9175459619384384,computed,,not_applicable,1.420532819356331,computed,0.10687022900763359,computed,0.49594215117394924,computed,0.009052001948018695,computed,,not_applicable,,44.0,0.0,heldout_fluidigmc1,fluidigmc1
primary_128d,193,heldout__pancreas__hvg2000_pca40__solar_orthogonal__heldout_inDrop2__s44__a0__l1p00,pancreas,solar_orthogonal,heldout,44,hvg2000_pca40,embed,e2a37e0ed63dc34b60aa535cc656400552af757a,0.3289502462095068,computed,0.9113501012325287,computed,0.8606737137638182,computed,0.7225579706371913,computed,0.9229312356291315,computed,1.0,computed,0.31723579578943306,computed,0.8407910068781356,computed,,not_applicable,1.303759597677434,computed,0.2692307692307693,computed,0.4959421493113041,computed,0.0029466669804449896,computed,,not_applicable,,44.0,0.0,heldout_inDrop2,inDrop2
primary_128d,194,heldout__pancreas__hvg2000_pca40__solar_orthogonal__heldout_inDrop3__s44__a0__l1p00,pancreas,solar_orthogonal,heldout,44,hvg2000_pca40,embed,e2a37e0ed63dc34b60aa535cc656400552af757a,0.35398435787410687,computed,0.9123116135597229,computed,0.8571212944238064,computed,0.7295632689013055,computed,0.9279259741991309,computed,1.0,computed,0.2991499535902888,computed,0.923658602618379,computed,,not_applicable,1.3121004884048961,computed,0.10687022900763359,computed,0.4959421493113041,computed,0.001134167385846041,computed,,not_applicable,,44.0,0.0,heldout_inDrop3,inDrop3
primary_128d,195,heldout__pancreas__hvg2000_pca40__solar_orthogonal_uniq__heldout_fluidigmc1__s40__a0__l1p00,pancreas,solar_orthogonal_uniq,heldout,40,hvg2000_pca40,embed,e2a37e0ed63dc34b60aa535cc656400552af757a,0.3441521356887113,computed,0.907886803150177,computed,0.8972014507363133,computed,0.7405577292889485,computed,0.9266282773365465,computed,1.0,computed,0.3234413776715048,computed,0.9799593449201568,computed,,not_applicable,0.7306270395449568,computed,0.25925925925925924,computed,0.49594215117394924,computed,0.007273326594194329,computed,,not_applicable,,40.0,0.0,heldout_fluidigmc1,fluidigmc1
primary_128d,196,heldout__pancreas__hvg2000_pca40__solar_orthogonal_uniq__heldout_inDrop2__s40__a0__l1p00,pancreas,solar_orthogonal_uniq,heldout,40,hvg2000_pca40,embed,e2a37e0ed63dc34b60aa535cc656400552af757a,0.29287015529062166,computed,0.884922593832016,computed,0.881263892056673,computed,0.7061273370668988,computed,0.9269657953354866,computed,1.0,computed,0.32205961023254126,computed,0.8530447393035515,computed,,not_applicable,0.5699085586416861,computed,0.2692307692307693,computed,0.4959421493113041,computed,0.004637355052242276,computed,,not_applicable,,40.0,0.0,heldout_inDrop2,inDrop2
primary_128d,197,heldout__pancreas__hvg2000_pca40__solar_orthogonal_uniq__heldout_inDrop3__s40__a0__l1p00,pancreas,solar_orthogonal_uniq,heldout,40,hvg2000_pca40,embed,e2a37e0ed63dc34b60aa535cc656400552af757a,0.32759616980526723,computed,0.8928603231906891,computed,0.8786046408627779,computed,0.7203104183652915,computed,0.9263939170346956,computed,0.9999999999999998,computed,0.3173176099846548,computed,0.9938261976155818,computed,,not_applicable,0.7982263844714792,computed,0.10526315789473684,computed,0.4959421493113041,computed,0.004257335522935279,computed,,not_applicable,,40.0,0.0,heldout_inDrop3,inDrop3
primary_128d,198,heldout__pancreas__hvg2000_pca40__solar_orthogonal_uniq__heldout_fluidigmc1__s41__a0__l1p00,pancreas,solar_orthogonal_uniq,heldout,41,hvg2000_pca40,embed,e2a37e0ed63dc34b60aa535cc656400552af757a,0.32651503129682447,computed,0.9110538363456726,computed,0.8945193778852333,computed,0.7304645714756126,computed,0.9269894253995421,computed,1.0,computed,0.3422158930963309,computed,0.916545713170216,computed,,not_applicable,0.7664699715889047,computed,0.10769230769230768,computed,0.49594215117394924,computed,0.002701831240045305,computed,,not_applicable,,41.0,0.0,heldout_fluidigmc1,fluidigmc1
primary_128d,199,heldout__pancreas__hvg2000_pca40__solar_orthogonal_uniq__heldout_inDrop2__s41__a0__l1p00,pancreas,solar_orthogonal_uniq,heldout,41,hvg2000_pca40,embed,e2a37e0ed63dc34b60aa535cc656400552af757a,0.31257301353802297,computed,0.8993775248527527,computed,0.8837837427225385,computed,0.7197667797728963,computed,0.9284832910291697,computed,1.0,computed,0.3394947640092625,computed,0.9288523460767034,computed,,not_applicable,0.7043132625308317,computed,0.25925925925925924,computed,0.4959421493113041,computed,0.0021792779202994828,computed,,not_applicable,,41.0,0.0,heldout_inDrop2,inDrop2
primary_128d,200,heldout__pancreas__hvg2000_pca40__solar_orthogonal_uniq__heldout_inDrop3__s41__a0__l1p00,pancreas,solar_orthogonal_uniq,heldout,41,hvg2000_pca40,embed,e2a37e0ed63dc34b60aa535cc656400552af757a,0.31967526493413423,computed,0.8780181705951691,computed,0.8793426220510587,computed,0.7118102147504913,computed,0.9257411769238941,computed,0.9999999999999998,computed,0.32087176381522375,computed,0.9202927402346744,computed,,not_applicable,0.7106739596753524,computed,0.10687022900763359,computed,0.4959421493113041,computed,0.0028054397843935153,computed,,not_applicable,,41.0,0.0,heldout_inDrop3,inDrop3
primary_128d,201,heldout__pancreas__hvg2000_pca40__solar_orthogonal_uniq__heldout_fluidigmc1__s42__a0__l1p00,pancreas,solar_orthogonal_uniq,heldout,42,hvg2000_pca40,embed,e2a37e0ed63dc34b60aa535cc656400552af757a,0.30922903282557007,computed,0.8978259861469269,computed,0.8905150624990567,computed,0.715231835750541,computed,0.9262791631745928,computed,1.0,computed,0.3357465941403846,computed,0.9762709671329324,computed,,not_applicable,0.5978109072191717,computed,0.2692307692307693,computed,0.49594215117394924,computed,0.01534907278491815,computed,,not_applicable,,42.0,0.0,heldout_fluidigmc1,fluidigmc1
primary_128d,202,heldout__pancreas__hvg2000_pca40__solar_orthogonal_uniq__heldout_inDrop2__s42__a0__l1p00,pancreas,solar_orthogonal_uniq,heldout,42,hvg2000_pca40,embed,e2a37e0ed63dc34b60aa535cc656400552af757a,0.3357283041141441,computed,0.9017781615257263,computed,0.8778391789374416,computed,0.7327488988775767,computed,0.926462481940994,computed,1.0,computed,0.3296356974880209,computed,0.9914686397223507,computed,,not_applicable,0.7185509812533251,computed,0.2641509433962264,computed,0.4959421493113041,computed,0.0029517540073128457,computed,,not_applicable,,42.0,0.0,heldout_inDrop2,inDrop2
primary_128d,203,heldout__pancreas__hvg2000_pca40__solar_orthogonal_uniq__heldout_inDrop3__s42__a0__l1p00,pancreas,solar_orthogonal_uniq,heldout,42,hvg2000_pca40,embed,e2a37e0ed63dc34b60aa535cc656400552af757a,0.3064170155584313,computed,0.880418062210083,computed,0.8792314182295792,computed,0.7061761405436526,computed,0.9271537160149074,computed,0.9999999999999998,computed,0.33008025717606826,computed,0.9822217336092941,computed,,not_applicable,0.5454534416370134,computed,0.2641509433962264,computed,0.4959421493113041,computed,0.0031442220925625985,computed,,not_applicable,,42.0,0.0,heldout_inDrop3,inDrop3
primary_128d,204,heldout__pancreas__hvg2000_pca40__solar_orthogonal_uniq__heldout_fluidigmc1__s43__a0__l1p00,pancreas,solar_orthogonal_uniq,heldout,43,hvg2000_pca40,embed,e2a37e0ed63dc34b60aa535cc656400552af757a,0.3299575306759298,computed,0.8902848064899445,computed,0.8875402345471013,computed,0.7265863855523947,computed,0.923214816709951,computed,0.9999999999999998,computed,0.3315077181514224,computed,0.90795364317036,computed,,not_applicable,0.6281081933986155,computed,0.2692307692307693,computed,0.49594215117394924,computed,0.018312642079973296,computed,,not_applicable,,43.0,0.0,heldout_fluidigmc1,fluidigmc1
primary_128d,205,heldout__pancreas__hvg2000_pca40__solar_orthogonal_uniq__heldout_inDrop2__s43__a0__l1p00,pancreas,solar_orthogonal_uniq,heldout,43,hvg2000_pca40,embed,e2a37e0ed63dc34b60aa535cc656400552af757a,0.3228497389638514,computed,0.8937254548072815,computed,0.87592873614044,computed,0.7265786706093809,computed,0.9253148442677245,computed,1.0,computed,0.32952034795979324,computed,0.9208375075374468,computed,,not_applicable,0.6598257860384611,computed,0.2692307692307693,computed,0.4959421493113041,computed,0.003250412478595033,computed,,not_applicable,,43.0,0.0,heldout_inDrop2,inDrop2
primary_128d,206,heldout__pancreas__hvg2000_pca40__solar_orthogonal_uniq__heldout_inDrop3__s43__a0__l1p00,pancreas,solar_orthogonal_uniq,heldout,43,hvg2000_pca40,embed,e2a37e0ed63dc34b60aa535cc656400552af757a,0.3451473282535383,computed,0.8908615410327911,computed,0.8826622557852858,computed,0.7249254360693725,computed,0.9275832193723147,computed,1.0,computed,0.30982895547391404,computed,0.9948569871404576,computed,,not_applicable,0.7273936741417901,computed,0.2545454545454546,computed,0.4959421493113041,computed,0.001823017721329423,computed,,not_applicable,,43.0,0.0,heldout_inDrop3,inDrop3
primary_128d,207,heldout__pancreas__hvg2000_pca40__solar_orthogonal_uniq__heldout_fluidigmc1__s44__a0__l1p00,pancreas,solar_orthogonal_uniq,heldout,44,hvg2000_pca40,embed,e2a37e0ed63dc34b60aa535cc656400552af757a,0.33542247973840306,computed,0.8989821672439575,computed,0.8868697454685364,computed,0.7307685334222636,computed,0.9275002660034573,computed,1.0,computed,0.3311377494305938,computed,0.9824032481408133,computed,,not_applicable,0.6572152660445767,computed,0.10606060606060606,computed,0.49594215117394924,computed,0.0022478668882381925,computed,,not_applicable,,44.0,0.0,heldout_fluidigmc1,fluidigmc1
primary_128d,208,heldout__pancreas__hvg2000_pca40__solar_orthogonal_uniq__heldout_inDrop2__s44__a0__l1p00,pancreas,solar_orthogonal_uniq,heldout,44,hvg2000_pca40,embed,e2a37e0ed63dc34b60aa535cc656400552af757a,0.3096606838096675,computed,0.8966001272201538,computed,0.8806615972611239,computed,0.7188632263088355,computed,0.9290424945188662,computed,1.0,computed,0.33562252960311745,computed,0.9764763672300683,computed,,not_applicable,0.6590292945222447,computed,0.2692307692307693,computed,0.4959421493113041,computed,0.005836170211747538,computed,,not_applicable,,44.0,0.0,heldout_inDrop2,inDrop2
primary_128d,209,heldout__pancreas__hvg2000_pca40__solar_orthogonal_uniq__heldout_inDrop3__s44__a0__l1p00,pancreas,solar_orthogonal_uniq,heldout,44,hvg2000_pca40,embed,e2a37e0ed63dc34b60aa535cc656400552af757a,0.3393528613287249,computed,0.8919098377227783,computed,0.8741024588460596,computed,0.7201840562706039,computed,0.9264080883009088,computed,1.0,computed,0.3169839478224001,computed,0.9258362038596134,computed,,not_applicable,0.710984581126578,computed,0.10606060606060606,computed,0.4959421493113041,computed,0.0019192179765172845,computed,,not_applicable,,44.0,0.0,heldout_inDrop3,inDrop3
primary_128d,210,heldout__simulation_1__hvg2000_pca40__solar_none__heldout_Batch1__s40__a0__l1p00,simulation_1,solar_none,heldout,40,hvg2000_pca40,embed,e2a37e0ed63dc34b60aa535cc656400552af757a,0.46383700424738156,computed,0.9565946757793427,computed,0.9285768225993128,computed,0.7691925187424828,computed,0.9352362987428637,computed,1.0,computed,,not_applicable,1.0,computed,,not_applicable,1.0659250587405857,computed,1.0,computed,0.530820719897747,computed,0.4313466587712843,computed,,not_applicable,,40.0,0.0,heldout_Batch1,Batch1
primary_128d,211,heldout__simulation_1__hvg2000_pca40__solar_none__heldout_Batch3__s40__a0__l1p00,simulation_1,solar_none,heldout,40,hvg2000_pca40,embed,e2a37e0ed63dc34b60aa535cc656400552af757a,0.45192069797554335,computed,0.9580099880695343,computed,0.9331475616606798,computed,0.7633717949667815,computed,0.9340545664388414,computed,1.0,computed,,not_applicable,1.0,computed,,not_applicable,1.1803275651998146,computed,1.0,computed,0.530820719897747,computed,0.5248916845337106,computed,,not_applicable,,40.0,0.0,heldout_Batch3,Batch3
primary_128d,212,heldout__simulation_1__hvg2000_pca40__solar_none__heldout_Batch6__s40__a0__l1p00,simulation_1,solar_none,heldout,40,hvg2000_pca40,embed,e2a37e0ed63dc34b60aa535cc656400552af757a,0.4521857506699897,computed,0.9609321653842926,computed,0.9349256875351647,computed,0.7717931214440092,computed,0.9345175491604384,computed,1.0,computed,,not_applicable,1.0,computed,,not_applicable,1.0152651143904285,computed,1.0,computed,0.530820719897747,computed,0.22454143357386425,computed,,not_applicable,,40.0,0.0,heldout_Batch6,Batch6
primary_128d,213,heldout__simulation_1__hvg2000_pca40__solar_none__heldout_Batch1__s41__a0__l1p00,simulation_1,solar_none,heldout,41,hvg2000_pca40,embed,e2a37e0ed63dc34b60aa535cc656400552af757a,0.4721761407442767,computed,0.9582454264163971,computed,0.9341581336767062,computed,0.771112123132251,computed,0.932853208824676,computed,1.0,computed,,not_applicable,1.0,computed,,not_applicable,1.0315951921655095,computed,1.0,computed,0.530820719897747,computed,0.4136840320609846,computed,,not_applicable,,41.0,0.0,heldout_Batch1,Batch1
primary_128d,214,heldout__simulation_1__hvg2000_pca40__solar_none__heldout_Batch3__s41__a0__l1p00,simulation_1,solar_none,heldout,41,hvg2000_pca40,embed,e2a37e0ed63dc34b60aa535cc656400552af757a,0.46662885973850876,computed,0.9597695469856262,computed,0.9330467861160096,computed,0.7702368544867911,computed,0.9345322799228581,computed,1.0,computed,,not_applicable,1.0,computed,,not_applicable,1.131134501308344,computed,1.0,computed,0.530820719897747,computed,0.4608065072081521,computed,,not_applicable,,41.0,0.0,heldout_Batch3,Batch3
primary_128d,215,heldout__simulation_1__hvg2000_pca40__solar_none__heldout_Batch6__s41__a0__l1p00,simulation_1,solar_none,heldout,41,hvg2000_pca40,embed,e2a37e0ed63dc34b60aa535cc656400552af757a,0.43235649684959,computed,0.961012214422226,computed,0.9358869843104137,computed,0.7616310276479951,computed,0.9340753852464273,computed,1.0,computed,,not_applicable,1.0,computed,,not_applicable,0.9747643488689939,computed,1.0,computed,0.530820719897747,computed,0.13793515941856094,computed,,not_applicable,,41.0,0.0,heldout_Batch6,Batch6
primary_128d,216,heldout__simulation_1__hvg2000_pca40__solar_none__heldout_Batch1__s42__a0__l1p00,simulation_1,solar_none,heldout,42,hvg2000_pca40,embed,e2a37e0ed63dc34b60aa535cc656400552af757a,0.46055849104694757,computed,0.9577595889568329,computed,0.9331907037609556,computed,0.7681100924143439,computed,0.9357082712100698,computed,1.0,computed,,not_applicable,1.0,computed,,not_applicable,1.0146885648552058,computed,1.0,computed,0.530820719897747,computed,0.3878859064592365,computed,,not_applicable,,42.0,0.0,heldout_Batch1,Batch1
primary_128d,217,heldout__simulation_1__hvg2000_pca40__solar_none__heldout_Batch3__s42__a0__l1p00,simulation_1,solar_none,heldout,42,hvg2000_pca40,embed,e2a37e0ed63dc34b60aa535cc656400552af757a,0.4535829068124031,computed,0.9587211906909943,computed,0.934185705371334,computed,0.763167669018484,computed,0.9351422717546153,computed,1.0,computed,,not_applicable,1.0,computed,,not_applicable,1.0509979166821939,computed,1.0,computed,0.530820719897747,computed,0.408023997307711,computed,,not_applicable,,42.0,0.0,heldout_Batch3,Batch3
primary_128d,218,heldout__simulation_1__hvg2000_pca40__solar_none__heldout_Batch6__s42__a0__l1p00,simulation_1,solar_none,heldout,42,hvg2000_pca40,embed,e2a37e0ed63dc34b60aa535cc656400552af757a,0.4625007414345736,computed,0.96109539270401,computed,0.9359371460691946,computed,0.7744204555900658,computed,0.9349047277814263,computed,1.0,computed,,not_applicable,1.0,computed,,not_applicable,1.0730358357989997,computed,1.0,computed,0.530820719897747,computed,0.21982602782310257,computed,,not_applicable,,42.0,0.0,heldout_Batch6,Batch6
primary_128d,219,heldout__simulation_1__hvg2000_pca40__solar_none__heldout_Batch1__s43__a0__l1p00,simulation_1,solar_none,heldout,43,hvg2000_pca40,embed,e2a37e0ed63dc34b60aa535cc656400552af757a,0.42473789730494715,computed,0.9568504691123962,computed,0.9307573981566996,computed,0.7551361643686555,computed,0.9343571305932518,computed,1.0,computed,,not_applicable,1.0,computed,,not_applicable,1.0229910537718085,computed,1.0,computed,0.530820719897747,computed,0.3554984447614372,computed,,not_applicable,,43.0,0.0,heldout_Batch1,Batch1
primary_128d,220,heldout__simulation_1__hvg2000_pca40__solar_none__heldout_Batch3__s43__a0__l1p00,simulation_1,solar_none,heldout,43,hvg2000_pca40,embed,e2a37e0ed63dc34b60aa535cc656400552af757a,0.5112193212978936,computed,0.9596683084964752,computed,0.9296833747365066,computed,0.7803677454964844,computed,0.9348113547426579,computed,1.0,computed,,not_applicable,1.0,computed,,not_applicable,1.0648398569260809,computed,1.0,computed,0.530820719897747,computed,0.4690328788256507,computed,,not_applicable,,43.0,0.0,heldout_Batch3,Batch3
primary_128d,221,heldout__simulation_1__hvg2000_pca40__solar_none__heldout_Batch6__s43__a0__l1p00,simulation_1,solar_none,heldout,43,hvg2000_pca40,embed,e2a37e0ed63dc34b60aa535cc656400552af757a,0.4058155713552186,computed,0.9615502953529358,computed,0.9362250196661751,computed,0.7507535748893316,computed,0.9351558586506221,computed,1.0,computed,,not_applicable,1.0,computed,,not_applicable,1.1305134390096505,computed,1.0,computed,0.530820719897747,computed,0.24974527247249956,computed,,not_applicable,,43.0,0.0,heldout_Batch6,Batch6
primary_128d,222,heldout__simulation_1__hvg2000_pca40__solar_none__heldout_Batch1__s44__a0__l1p00,simulation_1,solar_none,heldout,44,hvg2000_pca40,embed,e2a37e0ed63dc34b60aa535cc656400552af757a,0.4749165665167237,computed,0.9575078785419464,computed,0.9366820652128361,computed,0.7721646692414629,computed,0.9350774250109516,computed,1.0,computed,,not_applicable,1.0,computed,,not_applicable,1.023924676042201,computed,1.0,computed,0.530820719897747,computed,0.500890771454558,computed,,not_applicable,,44.0,0.0,heldout_Batch1,Batch1
primary_128d,223,heldout__simulation_1__hvg2000_pca40__solar_none__heldout_Batch3__s44__a0__l1p00,simulation_1,solar_none,heldout,44,hvg2000_pca40,embed,e2a37e0ed63dc34b60aa535cc656400552af757a,0.4372053323020378,computed,0.9593396484851837,computed,0.933469433276944,computed,0.7586885931022186,computed,0.9351302656526831,computed,1.0,computed,,not_applicable,1.0,computed,,not_applicable,1.1962307432358612,computed,1.0,computed,0.530820719897747,computed,0.5329044443634552,computed,,not_applicable,,44.0,0.0,heldout_Batch3,Batch3
primary_128d,224,heldout__simulation_1__hvg2000_pca40__solar_none__heldout_Batch6__s44__a0__l1p00,simulation_1,solar_none,heldout,44,hvg2000_pca40,embed,e2a37e0ed63dc34b60aa535cc656400552af757a,0.43629842920903733,computed,0.9617917537689209,computed,0.9358239038212075,computed,0.7628241153837431,computed,0.9365237442401482,computed,1.0,computed,,not_applicable,1.0,computed,,not_applicable,1.0620880832238422,computed,1.0,computed,0.530820719897747,computed,0.2010115100780353,computed,,not_applicable,,44.0,0.0,heldout_Batch6,Batch6
primary_128d,225,heldout__simulation_1__hvg2000_pca40__solar_orthogonal__heldout_Batch1__s40__a0__l1p00,simulation_1,solar_orthogonal,heldout,40,hvg2000_pca40,embed,e2a37e0ed63dc34b60aa535cc656400552af757a,0.5148205909862212,computed,0.964340090751648,computed,0.9305966644033045,computed,0.7926459243757297,computed,0.9332809795491023,computed,1.0,computed,,not_applicable,1.0,computed,,not_applicable,1.5962009362834904,computed,1.0,computed,0.530820719897747,computed,0.554282302164467,computed,,not_applicable,,40.0,0.0,heldout_Batch1,Batch1
primary_128d,226,heldout__simulation_1__hvg2000_pca40__solar_orthogonal__heldout_Batch3__s40__a0__l1p00,simulation_1,solar_orthogonal,heldout,40,hvg2000_pca40,embed,e2a37e0ed63dc34b60aa535cc656400552af757a,0.5212211323334276,computed,0.9654716551303864,computed,0.9346933173265152,computed,0.7947756831913412,computed,0.9323732516241549,computed,1.0,computed,,not_applicable,1.0,computed,,not_applicable,1.750523580507871,computed,1.0,computed,0.530820719897747,computed,0.5598598378100448,computed,,not_applicable,,40.0,0.0,heldout_Batch3,Batch3
primary_128d,227,heldout__simulation_1__hvg2000_pca40__solar_orthogonal__heldout_Batch6__s40__a0__l1p00,simulation_1,solar_orthogonal,heldout,40,hvg2000_pca40,embed,e2a37e0ed63dc34b60aa535cc656400552af757a,0.49489313116608785,computed,0.9675435125827789,computed,0.9217066479464898,computed,0.7860297977715699,computed,0.9330948645946381,computed,1.0,computed,,not_applicable,1.0,computed,,not_applicable,1.823520912438279,computed,1.0,computed,0.530820719897747,computed,0.3535623930411699,computed,,not_applicable,,40.0,0.0,heldout_Batch6,Batch6
primary_128d,228,heldout__simulation_1__hvg2000_pca40__solar_orthogonal__heldout_Batch1__s41__a0__l1p00,simulation_1,solar_orthogonal,heldout,41,hvg2000_pca40,embed,e2a37e0ed63dc34b60aa535cc656400552af757a,0.5168373332866738,computed,0.9649112522602081,computed,0.9386907983630601,computed,0.7868445149827769,computed,0.9327969050592023,computed,1.0,computed,,not_applicable,1.0,computed,,not_applicable,1.6397314279942972,computed,1.0,computed,0.530820719897747,computed,0.5020597824525675,computed,,not_applicable,,41.0,0.0,heldout_Batch1,Batch1
primary_128d,229,heldout__simulation_1__hvg2000_pca40__solar_orthogonal__heldout_Batch3__s41__a0__l1p00,simulation_1,solar_orthogonal,heldout,41,hvg2000_pca40,embed,e2a37e0ed63dc34b60aa535cc656400552af757a,0.5530351805285576,computed,0.9667296409606934,computed,0.9342068170290202,computed,0.8031375637962234,computed,0.9331272943392125,computed,1.0,computed,,not_applicable,1.0,computed,,not_applicable,1.7576408178155787,computed,1.0,computed,0.530820719897747,computed,0.6045822025927315,computed,,not_applicable,,41.0,0.0,heldout_Batch3,Batch3
primary_128d,230,heldout__simulation_1__hvg2000_pca40__solar_orthogonal__heldout_Batch6__s41__a0__l1p00,simulation_1,solar_orthogonal,heldout,41,hvg2000_pca40,embed,e2a37e0ed63dc34b60aa535cc656400552af757a,0.5086303834889281,computed,0.967574268579483,computed,0.9229690133686971,computed,0.7960856627388743,computed,0.9329966415560069,computed,1.0,computed,,not_applicable,1.0,computed,,not_applicable,1.85890453189785,computed,1.0,computed,0.530820719897747,computed,0.36310611280992455,computed,,not_applicable,,41.0,0.0,heldout_Batch6,Batch6
primary_128d,231,heldout__simulation_1__hvg2000_pca40__solar_orthogonal__heldout_Batch1__s42__a0__l1p00,simulation_1,solar_orthogonal,heldout,42,hvg2000_pca40,embed,e2a37e0ed63dc34b60aa535cc656400552af757a,0.5372882149323923,computed,0.9642670750617981,computed,0.9370215170504912,computed,0.7981013949493421,computed,0.9329670812243165,computed,1.0,computed,,not_applicable,1.0,computed,,not_applicable,1.6202116497324148,computed,1.0,computed,0.530820719897747,computed,0.49715372773200306,computed,,not_applicable,,42.0,0.0,heldout_Batch1,Batch1
primary_128d,232,heldout__simulation_1__hvg2000_pca40__solar_orthogonal__heldout_Batch3__s42__a0__l1p00,simulation_1,solar_orthogonal,heldout,42,hvg2000_pca40,embed,e2a37e0ed63dc34b60aa535cc656400552af757a,0.537135883330415,computed,0.9664212167263031,computed,0.9389742168531949,computed,0.7932059339450954,computed,0.9329128707030161,computed,1.0,computed,,not_applicable,1.0,computed,,not_applicable,1.6912769567687818,computed,1.0,computed,0.530820719897747,computed,0.5309096799040143,computed,,not_applicable,,42.0,0.0,heldout_Batch3,Batch3
primary_128d,233,heldout__simulation_1__hvg2000_pca40__solar_orthogonal__heldout_Batch6__s42__a0__l1p00,simulation_1,solar_orthogonal,heldout,42,hvg2000_pca40,embed,e2a37e0ed63dc34b60aa535cc656400552af757a,0.5615720242332508,computed,0.9673703610897064,computed,0.9252336382305318,computed,0.8143299665816678,computed,0.9329691446679147,computed,1.0,computed,,not_applicable,1.0,computed,,not_applicable,1.9031877678990652,computed,1.0,computed,0.530820719897747,computed,0.5016563307825249,computed,,not_applicable,,42.0,0.0,heldout_Batch6,Batch6
primary_128d,234,heldout__simulation_1__hvg2000_pca40__solar_orthogonal__heldout_Batch1__s43__a0__l1p00,simulation_1,solar_orthogonal,heldout,43,hvg2000_pca40,embed,e2a37e0ed63dc34b60aa535cc656400552af757a,0.5171685077716038,computed,0.9640265703201294,computed,0.932939863182268,computed,0.7904996483396403,computed,0.9332600464490463,computed,1.0,computed,,not_applicable,1.0,computed,,not_applicable,1.5263261887332513,computed,1.0,computed,0.530820719897747,computed,0.4921937300450663,computed,,not_applicable,,43.0,0.0,heldout_Batch1,Batch1
primary_128d,235,heldout__simulation_1__hvg2000_pca40__solar_orthogonal__heldout_Batch3__s43__a0__l1p00,simulation_1,solar_orthogonal,heldout,43,hvg2000_pca40,embed,e2a37e0ed63dc34b60aa535cc656400552af757a,0.5398817843982292,computed,0.966058611869812,computed,0.9316005730496998,computed,0.8024788130369438,computed,0.9332625475255739,computed,1.0,computed,,not_applicable,1.0,computed,,not_applicable,1.7022600342719745,computed,1.0,computed,0.530820719897747,computed,0.5715598254047243,computed,,not_applicable,,43.0,0.0,heldout_Batch3,Batch3
primary_128d,236,heldout__simulation_1__hvg2000_pca40__solar_orthogonal__heldout_Batch6__s43__a0__l1p00,simulation_1,solar_orthogonal,heldout,43,hvg2000_pca40,embed,e2a37e0ed63dc34b60aa535cc656400552af757a,0.5005597611892715,computed,0.9676820039749146,computed,0.9233165771180195,computed,0.7934739267468183,computed,0.9329697388712059,computed,1.0,computed,,not_applicable,1.0,computed,,not_applicable,1.8589477439855306,computed,1.0,computed,0.530820719897747,computed,0.3072746389164236,computed,,not_applicable,,43.0,0.0,heldout_Batch6,Batch6
primary_128d,237,heldout__simulation_1__hvg2000_pca40__solar_orthogonal__heldout_Batch1__s44__a0__l1p00,simulation_1,solar_orthogonal,heldout,44,hvg2000_pca40,embed,e2a37e0ed63dc34b60aa535cc656400552af757a,0.5441098034882349,computed,0.9646067321300507,computed,0.9345327570711083,computed,0.8041509390196251,computed,0.9331184554543039,computed,1.0,computed,,not_applicable,1.0,computed,,not_applicable,1.7173691790324588,computed,1.0,computed,0.530820719897747,computed,0.5881111416722145,computed,,not_applicable,,44.0,0.0,heldout_Batch1,Batch1
primary_128d,238,heldout__simulation_1__hvg2000_pca40__solar_orthogonal__heldout_Batch3__s44__a0__l1p00,simulation_1,solar_orthogonal,heldout,44,hvg2000_pca40,embed,e2a37e0ed63dc34b60aa535cc656400552af757a,0.55552795885787,computed,0.9667299389839172,computed,0.9340255465100515,computed,0.8076457269362616,computed,0.9325523134532245,computed,1.0,computed,,not_applicable,1.0,computed,,not_applicable,1.7980240709729847,computed,1.0,computed,0.530820719897747,computed,0.5444633072572027,computed,,not_applicable,,44.0,0.0,heldout_Batch3,Batch3
primary_128d,239,heldout__simulation_1__hvg2000_pca40__solar_orthogonal__heldout_Batch6__s44__a0__l1p00,simulation_1,solar_orthogonal,heldout,44,hvg2000_pca40,embed,e2a37e0ed63dc34b60aa535cc656400552af757a,0.5263235463709363,computed,0.9682508111000061,computed,0.9255374834432083,computed,0.8064367166996379,computed,0.9332135359745884,computed,1.0,computed,,not_applicable,1.0,computed,,not_applicable,1.8725775652158525,computed,1.0,computed,0.530820719897747,computed,0.4091249255559083,computed,,not_applicable,,44.0,0.0,heldout_Batch6,Batch6
primary_128d,240,heldout__simulation_1__hvg2000_pca40__solar_orthogonal_uniq__heldout_Batch1__s40__a0__l1p00,simulation_1,solar_orthogonal_uniq,heldout,40,hvg2000_pca40,embed,e2a37e0ed63dc34b60aa535cc656400552af757a,0.4932084662917915,computed,0.9547016620635986,computed,0.9276225033069506,computed,0.7777714205118275,computed,0.9355484859635658,computed,1.0,computed,,not_applicable,1.0,computed,,not_applicable,1.0355806073093352,computed,1.0,computed,0.530820719897747,computed,0.48321690714725507,computed,,not_applicable,,40.0,0.0,heldout_Batch1,Batch1
primary_128d,241,heldout__simulation_1__hvg2000_pca40__solar_orthogonal_uniq__heldout_Batch3__s40__a0__l1p00,simulation_1,solar_orthogonal_uniq,heldout,40,hvg2000_pca40,embed,e2a37e0ed63dc34b60aa535cc656400552af757a,0.44986094571088486,computed,0.9566279351711273,computed,0.9315512480523502,computed,0.761447672092639,computed,0.9333892952157782,computed,1.0,computed,,not_applicable,1.0,computed,,not_applicable,1.14719581724699,computed,1.0,computed,0.530820719897747,computed,0.4926363145209435,computed,,not_applicable,,40.0,0.0,heldout_Batch3,Batch3
primary_128d,242,heldout__simulation_1__hvg2000_pca40__solar_orthogonal_uniq__heldout_Batch6__s40__a0__l1p00,simulation_1,solar_orthogonal_uniq,heldout,40,hvg2000_pca40,embed,e2a37e0ed63dc34b60aa535cc656400552af757a,0.4344074430072543,computed,0.9593080580234528,computed,0.935421970282276,computed,0.7620273577892291,computed,0.9349110822464358,computed,1.0,computed,,not_applicable,1.0,computed,,not_applicable,0.9275808188068233,computed,1.0,computed,0.530820719897747,computed,0.14726880114088026,computed,,not_applicable,,40.0,0.0,heldout_Batch6,Batch6
primary_128d,243,heldout__simulation_1__hvg2000_pca40__solar_orthogonal_uniq__heldout_Batch1__s41__a0__l1p00,simulation_1,solar_orthogonal_uniq,heldout,41,hvg2000_pca40,embed,e2a37e0ed63dc34b60aa535cc656400552af757a,0.47349371074771895,computed,0.9559840559959412,computed,0.9344241625261488,computed,0.7716004613042773,computed,0.9330630581964127,computed,1.0,computed,,not_applicable,1.0,computed,,not_applicable,0.991625822353984,computed,1.0,computed,0.530820719897747,computed,0.41868988353138126,computed,,not_applicable,,41.0,0.0,heldout_Batch1,Batch1
primary_128d,244,heldout__simulation_1__hvg2000_pca40__solar_orthogonal_uniq__heldout_Batch3__s41__a0__l1p00,simulation_1,solar_orthogonal_uniq,heldout,41,hvg2000_pca40,embed,e2a37e0ed63dc34b60aa535cc656400552af757a,0.42113113942366054,computed,0.9570365250110626,computed,0.9349991503916246,computed,0.7501660178511879,computed,0.9336610400061959,computed,1.0,computed,,not_applicable,1.0,computed,,not_applicable,1.0618965051399663,computed,1.0,computed,0.530820719897747,computed,0.4673910571512836,computed,,not_applicable,,41.0,0.0,heldout_Batch3,Batch3
primary_128d,245,heldout__simulation_1__hvg2000_pca40__solar_orthogonal_uniq__heldout_Batch6__s41__a0__l1p00,simulation_1,solar_orthogonal_uniq,heldout,41,hvg2000_pca40,embed,e2a37e0ed63dc34b60aa535cc656400552af757a,0.4338107560184465,computed,0.959192544221878,computed,0.9329164556910244,computed,0.7619220940192266,computed,0.9345275464517989,computed,1.0,computed,,not_applicable,1.0,computed,,not_applicable,0.7932085782404561,computed,1.0,computed,0.530820719897747,computed,0.16255996290851393,computed,,not_applicable,,41.0,0.0,heldout_Batch6,Batch6
primary_128d,246,heldout__simulation_1__hvg2000_pca40__solar_orthogonal_uniq__heldout_Batch1__s42__a0__l1p00,simulation_1,solar_orthogonal_uniq,heldout,42,hvg2000_pca40,embed,e2a37e0ed63dc34b60aa535cc656400552af757a,0.4692765011492546,computed,0.9551518261432648,computed,0.9331962872473066,computed,0.7656901793702637,computed,0.9337639790498672,computed,1.0,computed,,not_applicable,1.0,computed,,not_applicable,0.9590424789362095,computed,1.0,computed,0.530820719897747,computed,0.4056410292897171,computed,,not_applicable,,42.0,0.0,heldout_Batch1,Batch1
primary_128d,247,heldout__simulation_1__hvg2000_pca40__solar_orthogonal_uniq__heldout_Batch3__s42__a0__l1p00,simulation_1,solar_orthogonal_uniq,heldout,42,hvg2000_pca40,embed,e2a37e0ed63dc34b60aa535cc656400552af757a,0.43187014810597785,computed,0.9574587941169739,computed,0.9330484512711875,computed,0.7480601326574876,computed,0.932919015729298,computed,1.0,computed,,not_applicable,1.0,computed,,not_applicable,1.0171456242830201,computed,1.0,computed,0.530820719897747,computed,0.44040897930862477,computed,,not_applicable,,42.0,0.0,heldout_Batch3,Batch3
primary_128d,248,heldout__simulation_1__hvg2000_pca40__solar_orthogonal_uniq__heldout_Batch6__s42__a0__l1p00,simulation_1,solar_orthogonal_uniq,heldout,42,hvg2000_pca40,embed,e2a37e0ed63dc34b60aa535cc656400552af757a,0.4039333963463764,computed,0.9596302509307861,computed,0.9358705913445854,computed,0.7498426372649946,computed,0.9352935654725048,computed,1.0,computed,,not_applicable,1.0,computed,,not_applicable,0.9865206354527043,computed,1.0,computed,0.530820719897747,computed,0.21534349999926083,computed,,not_applicable,,42.0,0.0,heldout_Batch6,Batch6
primary_128d,249,heldout__simulation_1__hvg2000_pca40__solar_orthogonal_uniq__heldout_Batch1__s43__a0__l1p00,simulation_1,solar_orthogonal_uniq,heldout,43,hvg2000_pca40,embed,e2a37e0ed63dc34b60aa535cc656400552af757a,0.4740008984328719,computed,0.9556996524333954,computed,0.9292462839141944,computed,0.7716687169904227,computed,0.9348079726442046,computed,1.0,computed,,not_applicable,1.0,computed,,not_applicable,0.8296526148480505,computed,1.0,computed,0.530820719897747,computed,0.3083985384983997,computed,,not_applicable,,43.0,0.0,heldout_Batch1,Batch1
primary_128d,250,heldout__simulation_1__hvg2000_pca40__solar_orthogonal_uniq__heldout_Batch3__s43__a0__l1p00,simulation_1,solar_orthogonal_uniq,heldout,43,hvg2000_pca40,embed,e2a37e0ed63dc34b60aa535cc656400552af757a,0.5078971021868712,computed,0.9578490257263184,computed,0.929853329118859,computed,0.7788457520156048,computed,0.9335697107389582,computed,1.0,computed,,not_applicable,1.0,computed,,not_applicable,0.9865334777138886,computed,1.0,computed,0.530820719897747,computed,0.45240745111581093,computed,,not_applicable,,43.0,0.0,heldout_Batch3,Batch3
primary_128d,251,heldout__simulation_1__hvg2000_pca40__solar_orthogonal_uniq__heldout_Batch6__s43__a0__l1p00,simulation_1,solar_orthogonal_uniq,heldout,43,hvg2000_pca40,embed,e2a37e0ed63dc34b60aa535cc656400552af757a,0.40289282443283186,computed,0.9597485363483429,computed,0.9337815810038307,computed,0.7499556040620117,computed,0.9341118836689873,computed,1.0,computed,,not_applicable,1.0,computed,,not_applicable,0.9404825052696166,computed,1.0,computed,0.530820719897747,computed,0.14303866957853584,computed,,not_applicable,,43.0,0.0,heldout_Batch6,Batch6
primary_128d,252,heldout__simulation_1__hvg2000_pca40__solar_orthogonal_uniq__heldout_Batch1__s44__a0__l1p00,simulation_1,solar_orthogonal_uniq,heldout,44,hvg2000_pca40,embed,e2a37e0ed63dc34b60aa535cc656400552af757a,0.4678091535997352,computed,0.9552770256996155,computed,0.937513876960697,computed,0.7698725682040124,computed,0.9346873139288071,computed,1.0,computed,,not_applicable,1.0,computed,,not_applicable,1.0415683139392922,computed,1.0,computed,0.530820719897747,computed,0.4859226262961598,computed,,not_applicable,,44.0,0.0,heldout_Batch1,Batch1
primary_128d,253,heldout__simulation_1__hvg2000_pca40__solar_orthogonal_uniq__heldout_Batch3__s44__a0__l1p00,simulation_1,solar_orthogonal_uniq,heldout,44,hvg2000_pca40,embed,e2a37e0ed63dc34b60aa535cc656400552af757a,0.45440095515552015,computed,0.9579574465751648,computed,0.9343558502825776,computed,0.7674026024589914,computed,0.9337681694943916,computed,1.0,computed,,not_applicable,1.0,computed,,not_applicable,1.0308426584198367,computed,1.0,computed,0.530820719897747,computed,0.47040186858478317,computed,,not_applicable,,44.0,0.0,heldout_Batch3,Batch3
primary_128d,254,heldout__simulation_1__hvg2000_pca40__solar_orthogonal_uniq__heldout_Batch6__s44__a0__l1p00,simulation_1,solar_orthogonal_uniq,heldout,44,hvg2000_pca40,embed,e2a37e0ed63dc34b60aa535cc656400552af757a,0.43050369998246246,computed,0.9598687887191772,computed,0.9355116415822706,computed,0.7615069387561137,computed,0.9344338836077138,computed,1.0,computed,,not_applicable,1.0,computed,,not_applicable,0.8667322654005636,computed,1.0,computed,0.530820719897747,computed,0.14704160623756857,computed,,not_applicable,,44.0,0.0,heldout_Batch6,Batch6
primary_128d,255,heldout__simulation_2__hvg2000_pca40__solar_none__heldout_Batch1Sub3__s40__a0__l1p00,simulation_2,solar_none,heldout,40,hvg2000_pca40,embed,e2a37e0ed63dc34b60aa535cc656400552af757a,0.25195874869389845,computed,0.9714615643024445,computed,0.8815241652657639,computed,0.605293675571033,computed,0.43298944160201636,computed,1.0,computed,,not_applicable,1.0,computed,,not_applicable,0.01178715360599436,computed,0.4775930324623911,computed,0.5326087325811386,computed,0.00062456196134697,computed,,not_applicable,,40.0,0.0,heldout_Batch1Sub3,Batch1Sub3
primary_128d,256,heldout__simulation_2__hvg2000_pca40__solar_none__heldout_Batch3Sub1__s40__a0__l1p00,simulation_2,solar_none,heldout,40,hvg2000_pca40,embed,e2a37e0ed63dc34b60aa535cc656400552af757a,0.25648051698573054,computed,0.9655553102493286,computed,0.8773247070629027,computed,0.6090678271329074,computed,0.4348893084616905,computed,1.0,computed,,not_applicable,1.0,computed,,not_applicable,0.007370456676604187,computed,0.4629896083133493,computed,0.5326087363064289,computed,0.0006965105620806433,computed,,not_applicable,,40.0,0.0,heldout_Batch3Sub1,Batch3Sub1
primary_128d,257,heldout__simulation_2__hvg2000_pca40__solar_none__heldout_Batch3Sub4__s40__a0__l1p00,simulation_2,solar_none,heldout,40,hvg2000_pca40,embed,e2a37e0ed63dc34b60aa535cc656400552af757a,0.25155733696194593,computed,0.9692786335945129,computed,0.8726576213631616,computed,0.6051780400783177,computed,0.4329334075309497,computed,1.0,computed,,not_applicable,1.0,computed,,not_applicable,0.005046976066539255,computed,0.46568783913182255,computed,0.5326087363064289,computed,0.0002362512141745876,computed,,not_applicable,,40.0,0.0,heldout_Batch3Sub4,Batch3Sub4
primary_128d,258,heldout__simulation_2__hvg2000_pca40__solar_none__heldout_Batch1Sub3__s41__a0__l1p00,simulation_2,solar_none,heldout,41,hvg2000_pca40,embed,e2a37e0ed63dc34b60aa535cc656400552af757a,0.25219140313264304,computed,0.9688860774040222,computed,0.8756344124810416,computed,0.6054292130698379,computed,0.4271614942170397,computed,1.0,computed,,not_applicable,1.0,computed,,not_applicable,0.006154648690741116,computed,0.4683766130317031,computed,0.5326087325811386,computed,0.0002459795577016699,computed,,not_applicable,,41.0,0.0,heldout_Batch1Sub3,Batch1Sub3
primary_128d,259,heldout__simulation_2__hvg2000_pca40__solar_none__heldout_Batch3Sub1__s41__a0__l1p00,simulation_2,solar_none,heldout,41,hvg2000_pca40,embed,e2a37e0ed63dc34b60aa535cc656400552af757a,0.2552702288687095,computed,0.9679561853408813,computed,0.8747783112966658,computed,0.6085471953532391,computed,0.43549955796861295,computed,1.0,computed,,not_applicable,1.0,computed,,not_applicable,0.00577418129081142,computed,0.46274384393987844,computed,0.5326087363064289,computed,0.00025031465408931197,computed,,not_applicable,,41.0,0.0,heldout_Batch3Sub1,Batch3Sub1
primary_128d,260,heldout__simulation_2__hvg2000_pca40__solar_none__heldout_Batch3Sub4__s41__a0__l1p00,simulation_2,solar_none,heldout,41,hvg2000_pca40,embed,e2a37e0ed63dc34b60aa535cc656400552af757a,0.2511126284112111,computed,0.9710801839828491,computed,0.8730639786677278,computed,0.6050238182692876,computed,0.42899863691286444,computed,1.0,computed,,not_applicable,1.0,computed,,not_applicable,0.007916217561625638,computed,0.46935201401050786,computed,0.5326087363064289,computed,0.0002366030007516784,computed,,not_applicable,,41.0,0.0,heldout_Batch3Sub4,Batch3Sub4
primary_128d,261,heldout__simulation_2__hvg2000_pca40__solar_none__heldout_Batch1Sub3__s42__a0__l1p00,simulation_2,solar_none,heldout,42,hvg2000_pca40,embed,e2a37e0ed63dc34b60aa535cc656400552af757a,0.25841463586416974,computed,0.9719324111938477,computed,0.8756129695675806,computed,0.6092865739848872,computed,0.4309117234559275,computed,1.0,computed,,not_applicable,1.0,computed,,not_applicable,0.00818914655806724,computed,0.4649528979722178,computed,0.5326087325811386,computed,0.0002826159213770163,computed,,not_applicable,,42.0,0.0,heldout_Batch1Sub3,Batch1Sub3
primary_128d,262,heldout__simulation_2__hvg2000_pca40__solar_none__heldout_Batch3Sub1__s42__a0__l1p00,simulation_2,solar_none,heldout,42,hvg2000_pca40,embed,e2a37e0ed63dc34b60aa535cc656400552af757a,0.25616523928631596,computed,0.9657524228096008,computed,0.8680725061617446,computed,0.6087756967207082,computed,0.42913158575329136,computed,1.0,computed,,not_applicable,1.0,computed,,not_applicable,0.0066255828713353004,computed,0.4629896083133493,computed,0.5326087363064289,computed,0.0012801699794039445,computed,,not_applicable,,42.0,0.0,heldout_Batch3Sub1,Batch3Sub1
primary_128d,263,heldout__simulation_2__hvg2000_pca40__solar_none__heldout_Batch3Sub4__s42__a0__l1p00,simulation_2,solar_none,heldout,42,hvg2000_pca40,embed,e2a37e0ed63dc34b60aa535cc656400552af757a,0.25753949476251237,computed,0.9732214212417603,computed,0.877121564981948,computed,0.609636104561641,computed,0.4297336001035018,computed,1.0,computed,,not_applicable,1.0,computed,,not_applicable,0.007239976071195198,computed,0.4659326631562151,computed,0.5326087363064289,computed,0.00033388578704329763,computed,,not_applicable,,42.0,0.0,heldout_Batch3Sub4,Batch3Sub4
primary_128d,264,heldout__simulation_2__hvg2000_pca40__solar_none__heldout_Batch1Sub3__s43__a0__l1p00,simulation_2,solar_none,heldout,43,hvg2000_pca40,embed,e2a37e0ed63dc34b60aa535cc656400552af757a,0.25228441643326016,computed,0.9678457677364349,computed,0.8761806794981468,computed,0.6054027843227958,computed,0.425485249922358,computed,1.0,computed,,not_applicable,1.0,computed,,not_applicable,0.009167092811548816,computed,0.4676442460949953,computed,0.5326087325811386,computed,0.00039661498118293004,computed,,not_applicable,,43.0,0.0,heldout_Batch1Sub3,Batch1Sub3
primary_128d,265,heldout__simulation_2__hvg2000_pca40__solar_none__heldout_Batch3Sub1__s43__a0__l1p00,simulation_2,solar_none,heldout,43,hvg2000_pca40,embed,e2a37e0ed63dc34b60aa535cc656400552af757a,0.25595021521261,computed,0.964639812707901,computed,0.875212284644684,computed,0.6087789254741974,computed,0.43778765013595433,computed,1.0,computed,,not_applicable,1.0,computed,,not_applicable,0.00757406213335754,computed,0.463235294117647,computed,0.5326087363064289,computed,0.0007790571629160414,computed,,not_applicable,,43.0,0.0,heldout_Batch3Sub1,Batch3Sub1
primary_128d,266,heldout__simulation_2__hvg2000_pca40__solar_none__heldout_Batch3Sub4__s43__a0__l1p00,simulation_2,solar_none,heldout,43,hvg2000_pca40,embed,e2a37e0ed63dc34b60aa535cc656400552af757a,0.25101851749885074,computed,0.9697996079921722,computed,0.8816765509814658,computed,0.6048901806649699,computed,0.4300376445161019,computed,1.0,computed,,not_applicable,1.0,computed,,not_applicable,0.006677406038043898,computed,0.47275615567911045,computed,0.5326087363064289,computed,0.0003459116696944431,computed,,not_applicable,,43.0,0.0,heldout_Batch3Sub4,Batch3Sub4
primary_128d,267,heldout__simulation_2__hvg2000_pca40__solar_none__heldout_Batch1Sub3__s44__a0__l1p00,simulation_2,solar_none,heldout,44,hvg2000_pca40,embed,e2a37e0ed63dc34b60aa535cc656400552af757a,0.25045784699720347,computed,0.9720164239406586,computed,0.8762518445969183,computed,0.6047356525852206,computed,0.4293329891061288,computed,1.0,computed,,not_applicable,1.0,computed,,not_applicable,0.007434600242030243,computed,0.46739996811732826,computed,0.5326087325811386,computed,0.0003317743886691593,computed,,not_applicable,,44.0,0.0,heldout_Batch1Sub3,Batch1Sub3
primary_128d,268,heldout__simulation_2__hvg2000_pca40__solar_none__heldout_Batch3Sub1__s44__a0__l1p00,simulation_2,solar_none,heldout,44,hvg2000_pca40,embed,e2a37e0ed63dc34b60aa535cc656400552af757a,0.24654597008003518,computed,0.967651903629303,computed,0.872752653497961,computed,0.6035650222531825,computed,0.43137439715616716,computed,1.0,computed,,not_applicable,1.0,computed,,not_applicable,0.0053504495691110154,computed,0.4171880144879816,computed,0.5326087363064289,computed,0.0009206861659476484,computed,,not_applicable,,44.0,0.0,heldout_Batch3Sub1,Batch3Sub1
primary_128d,269,heldout__simulation_2__hvg2000_pca40__solar_none__heldout_Batch3Sub4__s44__a0__l1p00,simulation_2,solar_none,heldout,44,hvg2000_pca40,embed,e2a37e0ed63dc34b60aa535cc656400552af757a,0.25116543064207475,computed,0.9738880395889282,computed,0.8647787644872779,computed,0.6050044949351738,computed,0.427418583759517,computed,1.0,computed,,not_applicable,1.0,computed,,not_applicable,6.661338147750939e-16,computed,0.4659326631562151,computed,0.5326087363064289,computed,0.0003350972365524507,computed,,not_applicable,,44.0,0.0,heldout_Batch3Sub4,Batch3Sub4
primary_128d,270,heldout__simulation_2__hvg2000_pca40__solar_orthogonal__heldout_Batch1Sub3__s40__a0__l1p00,simulation_2,solar_orthogonal,heldout,40,hvg2000_pca40,embed,e2a37e0ed63dc34b60aa535cc656400552af757a,0.2797041134944851,computed,0.9809846878051758,computed,0.9299261347261336,computed,0.6209172744121965,computed,0.4400844276566966,computed,1.0,computed,,not_applicable,1.0,computed,,not_applicable,0.14610037373554574,computed,0.4642172523961661,computed,0.5326087325811386,computed,0.005286511266085592,computed,,not_applicable,,40.0,0.0,heldout_Batch1Sub3,Batch1Sub3
primary_128d,271,heldout__simulation_2__hvg2000_pca40__solar_orthogonal__heldout_Batch3Sub1__s40__a0__l1p00,simulation_2,solar_orthogonal,heldout,40,hvg2000_pca40,embed,e2a37e0ed63dc34b60aa535cc656400552af757a,0.24858272577628593,computed,0.9773133099079132,computed,0.9301353710519534,computed,0.6057865759067279,computed,0.44224551537141427,computed,1.0,computed,,not_applicable,1.0,computed,,not_applicable,0.13110296488701434,computed,0.4634809013904427,computed,0.5326087363064289,computed,0.009588165107308866,computed,,not_applicable,,40.0,0.0,heldout_Batch3Sub1,Batch3Sub1
primary_128d,272,heldout__simulation_2__hvg2000_pca40__solar_orthogonal__heldout_Batch3Sub4__s40__a0__l1p00,simulation_2,solar_orthogonal,heldout,40,hvg2000_pca40,embed,e2a37e0ed63dc34b60aa535cc656400552af757a,0.27912866627024785,computed,0.9816700518131256,computed,0.9387096732105638,computed,0.6207224140685275,computed,0.4389085527178835,computed,1.0,computed,,not_applicable,1.0,computed,,not_applicable,0.1486007307351782,computed,0.463235294117647,computed,0.5326087363064289,computed,0.008157153076399082,computed,,not_applicable,,40.0,0.0,heldout_Batch3Sub4,Batch3Sub4
primary_128d,273,heldout__simulation_2__hvg2000_pca40__solar_orthogonal__heldout_Batch1Sub3__s41__a0__l1p00,simulation_2,solar_orthogonal,heldout,41,hvg2000_pca40,embed,e2a37e0ed63dc34b60aa535cc656400552af757a,0.28996496959286155,computed,0.9794796407222748,computed,0.9169341733665415,computed,0.628284223521507,computed,0.43956342328572945,computed,1.0,computed,,not_applicable,1.0,computed,,not_applicable,0.139160154749135,computed,0.46544293695131683,computed,0.5326087325811386,computed,0.00786722216506286,computed,,not_applicable,,41.0,0.0,heldout_Batch1Sub3,Batch1Sub3
primary_128d,274,heldout__simulation_2__hvg2000_pca40__solar_orthogonal__heldout_Batch3Sub1__s41__a0__l1p00,simulation_2,solar_orthogonal,heldout,41,hvg2000_pca40,embed,e2a37e0ed63dc34b60aa535cc656400552af757a,0.2681041106436305,computed,0.9766533970832825,computed,0.9278111744793182,computed,0.6122848113142123,computed,0.44217283583885403,computed,1.0,computed,,not_applicable,1.0,computed,,not_applicable,0.14833487809465296,computed,0.463235294117647,computed,0.5326087363064289,computed,0.006452320337044681,computed,,not_applicable,,41.0,0.0,heldout_Batch3Sub1,Batch3Sub1
primary_128d,275,heldout__simulation_2__hvg2000_pca40__solar_orthogonal__heldout_Batch3Sub4__s41__a0__l1p00,simulation_2,solar_orthogonal,heldout,41,hvg2000_pca40,embed,e2a37e0ed63dc34b60aa535cc656400552af757a,0.2722649228533272,computed,0.9814710319042206,computed,0.933095960447095,computed,0.6184512413211822,computed,0.4389012889390999,computed,1.0,computed,,not_applicable,1.0,computed,,not_applicable,0.12053493131260673,computed,0.47348364560177836,computed,0.5326087363064289,computed,0.0028588563431783953,computed,,not_applicable,,41.0,0.0,heldout_Batch3Sub4,Batch3Sub4
primary_128d,276,heldout__simulation_2__hvg2000_pca40__solar_orthogonal__heldout_Batch1Sub3__s42__a0__l1p00,simulation_2,solar_orthogonal,heldout,42,hvg2000_pca40,embed,e2a37e0ed63dc34b60aa535cc656400552af757a,0.27925135904771403,computed,0.980378121137619,computed,0.9315096288069858,computed,0.621544390871472,computed,0.4403214775023463,computed,1.0,computed,,not_applicable,1.0,computed,,not_applicable,0.17273182901607864,computed,0.46126760563380276,computed,0.5326087325811386,computed,0.00607878430395159,computed,,not_applicable,,42.0,0.0,heldout_Batch1Sub3,Batch1Sub3
primary_128d,277,heldout__simulation_2__hvg2000_pca40__solar_orthogonal__heldout_Batch3Sub1__s42__a0__l1p00,simulation_2,solar_orthogonal,heldout,42,hvg2000_pca40,embed,e2a37e0ed63dc34b60aa535cc656400552af757a,0.2613132430926636,computed,0.9758320748806,computed,0.9261700552611669,computed,0.6083186666223294,computed,0.43826357781307856,computed,1.0,computed,,not_applicable,1.0,computed,,not_applicable,0.20348431831516445,computed,0.45657408893883444,computed,0.5326087363064289,computed,0.01477855099173675,computed,,not_applicable,,42.0,0.0,heldout_Batch3Sub1,Batch3Sub1
primary_128d,278,heldout__simulation_2__hvg2000_pca40__solar_orthogonal__heldout_Batch3Sub4__s42__a0__l1p00,simulation_2,solar_orthogonal,heldout,42,hvg2000_pca40,embed,e2a37e0ed63dc34b60aa535cc656400552af757a,0.29162139998590886,computed,0.9802388846874237,computed,0.9377468285083072,computed,0.6253864390134345,computed,0.4395103560786692,computed,1.0,computed,,not_applicable,1.0,computed,,not_applicable,0.18860275571722607,computed,0.4651979565772669,computed,0.5326087363064289,computed,0.003248967011224013,computed,,not_applicable,,42.0,0.0,heldout_Batch3Sub4,Batch3Sub4
primary_128d,279,heldout__simulation_2__hvg2000_pca40__solar_orthogonal__heldout_Batch1Sub3__s43__a0__l1p00,simulation_2,solar_orthogonal,heldout,43,hvg2000_pca40,embed,e2a37e0ed63dc34b60aa535cc656400552af757a,0.2705712728988769,computed,0.9807917773723602,computed,0.9286660969975298,computed,0.6141015245650054,computed,0.44049978259559697,computed,1.0,computed,,not_applicable,1.0,computed,,not_applicable,0.22196250815060603,computed,0.4799999999999999,computed,0.5326087325811386,computed,0.012270292032361518,computed,,not_applicable,,43.0,0.0,heldout_Batch1Sub3,Batch1Sub3
primary_128d,280,heldout__simulation_2__hvg2000_pca40__solar_orthogonal__heldout_Batch3Sub1__s43__a0__l1p00,simulation_2,solar_orthogonal,heldout,43,hvg2000_pca40,embed,e2a37e0ed63dc34b60aa535cc656400552af757a,0.24763269565560034,computed,0.9768704175949097,computed,0.92611930589478,computed,0.6018381882888233,computed,0.43837181792123936,computed,1.0,computed,,not_applicable,1.0,computed,,not_applicable,0.15764314114117517,computed,0.4488544691836076,computed,0.5326087363064289,computed,0.005767349342186701,computed,,not_applicable,,43.0,0.0,heldout_Batch3Sub1,Batch3Sub1
primary_128d,281,heldout__simulation_2__hvg2000_pca40__solar_orthogonal__heldout_Batch3Sub4__s43__a0__l1p00,simulation_2,solar_orthogonal,heldout,43,hvg2000_pca40,embed,e2a37e0ed63dc34b60aa535cc656400552af757a,0.26907430658897996,computed,0.9819135665893555,computed,0.9409052154241415,computed,0.615445216204063,computed,0.4393891843824222,computed,1.0,computed,,not_applicable,1.0,computed,,not_applicable,0.13666463443085686,computed,0.4722707770538694,computed,0.5326087363064289,computed,0.0032909567668192308,computed,,not_applicable,,43.0,0.0,heldout_Batch3Sub4,Batch3Sub4
primary_128d,282,heldout__simulation_2__hvg2000_pca40__solar_orthogonal__heldout_Batch1Sub3__s44__a0__l1p00,simulation_2,solar_orthogonal,heldout,44,hvg2000_pca40,embed,e2a37e0ed63dc34b60aa535cc656400552af757a,0.25593990517923015,computed,0.9793809354305267,computed,0.9268863775008784,computed,0.6105310630922938,computed,0.44043589245525877,computed,1.0,computed,,not_applicable,1.0,computed,,not_applicable,0.18664280230564323,computed,0.4575645756457565,computed,0.5326087325811386,computed,0.010915406378348647,computed,,not_applicable,,44.0,0.0,heldout_Batch1Sub3,Batch1Sub3
primary_128d,283,heldout__simulation_2__hvg2000_pca40__solar_orthogonal__heldout_Batch3Sub1__s44__a0__l1p00,simulation_2,solar_orthogonal,heldout,44,hvg2000_pca40,embed,e2a37e0ed63dc34b60aa535cc656400552af757a,0.2686505207776661,computed,0.9777371287345886,computed,0.9304154172260274,computed,0.6169551379818131,computed,0.44250283586515454,computed,1.0,computed,,not_applicable,1.0,computed,,not_applicable,0.22859347547415432,computed,0.4629896083133493,computed,0.5326087363064289,computed,0.00723857545342832,computed,,not_applicable,,44.0,0.0,heldout_Batch3Sub1,Batch3Sub1
primary_128d,284,heldout__simulation_2__hvg2000_pca40__solar_orthogonal__heldout_Batch3Sub4__s44__a0__l1p00,simulation_2,solar_orthogonal,heldout,44,hvg2000_pca40,embed,e2a37e0ed63dc34b60aa535cc656400552af757a,0.25997004948089314,computed,0.981892853975296,computed,0.9333207492898274,computed,0.6079107623024773,computed,0.43910261631695585,computed,1.0,computed,,not_applicable,1.0,computed,,not_applicable,0.15471513495295763,computed,0.4629896083133493,computed,0.5326087363064289,computed,0.003927492401597399,computed,,not_applicable,,44.0,0.0,heldout_Batch3Sub4,Batch3Sub4
primary_128d,285,heldout__simulation_2__hvg2000_pca40__solar_orthogonal_uniq__heldout_Batch1Sub3__s40__a0__l1p00,simulation_2,solar_orthogonal_uniq,heldout,40,hvg2000_pca40,embed,e2a37e0ed63dc34b60aa535cc656400552af757a,0.2576202231612662,computed,0.9720675349235535,computed,0.8669043026362546,computed,0.6096407489322916,computed,0.43238849661183226,computed,1.0,computed,,not_applicable,1.0,computed,,not_applicable,0.006282118690624117,computed,0.46910828025477713,computed,0.5326087325811386,computed,3.148456952617451e-05,computed,,not_applicable,,40.0,0.0,heldout_Batch1Sub3,Batch1Sub3
primary_128d,286,heldout__simulation_2__hvg2000_pca40__solar_orthogonal_uniq__heldout_Batch3Sub1__s40__a0__l1p00,simulation_2,solar_orthogonal_uniq,heldout,40,hvg2000_pca40,embed,e2a37e0ed63dc34b60aa535cc656400552af757a,0.25458840968667246,computed,0.970605194568634,computed,0.8666162506949701,computed,0.6083651980377927,computed,0.4333113951076438,computed,1.0,computed,,not_applicable,1.0,computed,,not_applicable,0.004808035801159072,computed,0.4629896083133493,computed,0.5326087363064289,computed,7.767532246494291e-05,computed,,not_applicable,,40.0,0.0,heldout_Batch3Sub1,Batch3Sub1
primary_128d,287,heldout__simulation_2__hvg2000_pca40__solar_orthogonal_uniq__heldout_Batch3Sub4__s40__a0__l1p00,simulation_2,solar_orthogonal_uniq,heldout,40,hvg2000_pca40,embed,e2a37e0ed63dc34b60aa535cc656400552af757a,0.2567872073225286,computed,0.9716579616069794,computed,0.8665836292268323,computed,0.6086625062796183,computed,0.4322619757692204,computed,1.0,computed,,not_applicable,1.0,computed,,not_applicable,0.0016690457240331469,computed,0.4620060790273556,computed,0.5326087363064289,computed,6.604251600150768e-05,computed,,not_applicable,,40.0,0.0,heldout_Batch3Sub4,Batch3Sub4
primary_128d,288,heldout__simulation_2__hvg2000_pca40__solar_orthogonal_uniq__heldout_Batch1Sub3__s41__a0__l1p00,simulation_2,solar_orthogonal_uniq,heldout,41,hvg2000_pca40,embed,e2a37e0ed63dc34b60aa535cc656400552af757a,0.2517573206646591,computed,0.9735633134841919,computed,0.8697720179027626,computed,0.6052524815417712,computed,0.43305707640173086,computed,1.0,computed,,not_applicable,1.0,computed,,not_applicable,0.004494627006122132,computed,0.4651979565772669,computed,0.5326087325811386,computed,0.00020249822621076774,computed,,not_applicable,,41.0,0.0,heldout_Batch1Sub3,Batch1Sub3
primary_128d,289,heldout__simulation_2__hvg2000_pca40__solar_orthogonal_uniq__heldout_Batch3Sub1__s41__a0__l1p00,simulation_2,solar_orthogonal_uniq,heldout,41,hvg2000_pca40,embed,e2a37e0ed63dc34b60aa535cc656400552af757a,0.2536586646737443,computed,0.9697898626327515,computed,0.8653378482553703,computed,0.6079707634732928,computed,0.4350741037404939,computed,1.0,computed,,not_applicable,1.0,computed,,not_applicable,0.0035542058174429236,computed,0.46274384393987844,computed,0.5326087363064289,computed,0.00014702291817458857,computed,,not_applicable,,41.0,0.0,heldout_Batch3Sub1,Batch3Sub1
primary_128d,290,heldout__simulation_2__hvg2000_pca40__solar_orthogonal_uniq__heldout_Batch3Sub4__s41__a0__l1p00,simulation_2,solar_orthogonal_uniq,heldout,41,hvg2000_pca40,embed,e2a37e0ed63dc34b60aa535cc656400552af757a,0.25710383723985875,computed,0.973309725522995,computed,0.871655901931567,computed,0.6094746803608729,computed,0.43211904642120924,computed,1.0,computed,,not_applicable,1.0,computed,,not_applicable,0.005677249379194338,computed,0.46935201401050786,computed,0.5326087363064289,computed,0.0003937457466823835,computed,,not_applicable,,41.0,0.0,heldout_Batch3Sub4,Batch3Sub4
primary_128d,291,heldout__simulation_2__hvg2000_pca40__solar_orthogonal_uniq__heldout_Batch1Sub3__s42__a0__l1p00,simulation_2,solar_orthogonal_uniq,heldout,42,hvg2000_pca40,embed,e2a37e0ed63dc34b60aa535cc656400552af757a,0.24962894500381766,computed,0.9705666303634644,computed,0.8713585663756611,computed,0.6044230040666501,computed,0.4298272467223298,computed,1.0,computed,,not_applicable,1.0,computed,,not_applicable,0.0029720884642263634,computed,0.4651979565772669,computed,0.5326087325811386,computed,2.49926527731148e-05,computed,,not_applicable,,42.0,0.0,heldout_Batch1Sub3,Batch1Sub3
primary_128d,292,heldout__simulation_2__hvg2000_pca40__solar_orthogonal_uniq__heldout_Batch3Sub1__s42__a0__l1p00,simulation_2,solar_orthogonal_uniq,heldout,42,hvg2000_pca40,embed,e2a37e0ed63dc34b60aa535cc656400552af757a,0.24666205976271413,computed,0.9663982093334198,computed,0.8600602786237465,computed,0.6036318100484079,computed,0.4281868319320668,computed,1.0,computed,,not_applicable,1.0,computed,,not_applicable,0.0033333297948427987,computed,0.4231589306216172,computed,0.5326087363064289,computed,0.0005702599937290609,computed,,not_applicable,,42.0,0.0,heldout_Batch3Sub1,Batch3Sub1
primary_128d,293,heldout__simulation_2__hvg2000_pca40__solar_orthogonal_uniq__heldout_Batch3Sub4__s42__a0__l1p00,simulation_2,solar_orthogonal_uniq,heldout,42,hvg2000_pca40,embed,e2a37e0ed63dc34b60aa535cc656400552af757a,0.24976658882111452,computed,0.9716112017631531,computed,0.8692556141794562,computed,0.6044892931041063,computed,0.4311508654595765,computed,1.0,computed,,not_applicable,1.0,computed,,not_applicable,0.004363311118234625,computed,0.463235294117647,computed,0.5326087363064289,computed,0.00012824294949731474,computed,,not_applicable,,42.0,0.0,heldout_Batch3Sub4,Batch3Sub4
primary_128d,294,heldout__simulation_2__hvg2000_pca40__solar_orthogonal_uniq__heldout_Batch1Sub3__s43__a0__l1p00,simulation_2,solar_orthogonal_uniq,heldout,43,hvg2000_pca40,embed,e2a37e0ed63dc34b60aa535cc656400552af757a,0.25112538690178215,computed,0.9729400873184204,computed,0.8726739226982226,computed,0.6049944192031954,computed,0.4335091549609235,computed,1.0,computed,,not_applicable,1.0,computed,,not_applicable,0.0072729712304204774,computed,0.46544293695131683,computed,0.5326087325811386,computed,0.00024315316806067244,computed,,not_applicable,,43.0,0.0,heldout_Batch1Sub3,Batch1Sub3
primary_128d,295,heldout__simulation_2__hvg2000_pca40__solar_orthogonal_uniq__heldout_Batch3Sub1__s43__a0__l1p00,simulation_2,solar_orthogonal_uniq,heldout,43,hvg2000_pca40,embed,e2a37e0ed63dc34b60aa535cc656400552af757a,0.2538843719326672,computed,0.9688085913658142,computed,0.8639031727414046,computed,0.6079939653592097,computed,0.43546235814351575,computed,1.0,computed,,not_applicable,1.0,computed,,not_applicable,6.661338147750939e-16,computed,0.46274384393987844,computed,0.5326087363064289,computed,0.00028351606569043675,computed,,not_applicable,,43.0,0.0,heldout_Batch3Sub1,Batch3Sub1
primary_128d,296,heldout__simulation_2__hvg2000_pca40__solar_orthogonal_uniq__heldout_Batch3Sub4__s43__a0__l1p00,simulation_2,solar_orthogonal_uniq,heldout,43,hvg2000_pca40,embed,e2a37e0ed63dc34b60aa535cc656400552af757a,0.25129134375052997,computed,0.9701614677906036,computed,0.8697280604423339,computed,0.6050837397768379,computed,0.43087980473026366,computed,1.0,computed,,not_applicable,1.0,computed,,not_applicable,0.0043410726176000836,computed,0.47081278829330364,computed,0.5326087363064289,computed,0.00013346125022728472,computed,,not_applicable,,43.0,0.0,heldout_Batch3Sub4,Batch3Sub4
primary_128d,297,heldout__simulation_2__hvg2000_pca40__solar_orthogonal_uniq__heldout_Batch1Sub3__s44__a0__l1p00,simulation_2,solar_orthogonal_uniq,heldout,44,hvg2000_pca40,embed,e2a37e0ed63dc34b60aa535cc656400552af757a,0.25103036548023394,computed,0.9721738398075104,computed,0.8708509080845225,computed,0.6049576147313477,computed,0.432396617839428,computed,1.0,computed,,not_applicable,1.0,computed,,not_applicable,0.008613682465739458,computed,0.4717850898108409,computed,0.5326087325811386,computed,0.00033030012243995266,computed,,not_applicable,,44.0,0.0,heldout_Batch1Sub3,Batch1Sub3
primary_128d,298,heldout__simulation_2__hvg2000_pca40__solar_orthogonal_uniq__heldout_Batch3Sub1__s44__a0__l1p00,simulation_2,solar_orthogonal_uniq,heldout,44,hvg2000_pca40,embed,e2a37e0ed63dc34b60aa535cc656400552af757a,0.2535290609279126,computed,0.9676976203918457,computed,0.8643284308833742,computed,0.6078374857344386,computed,0.44106930423754337,computed,1.0,computed,,not_applicable,1.0,computed,,not_applicable,0.002599557806599595,computed,0.46249800095953947,computed,0.5326087363064289,computed,0.000291958363731748,computed,,not_applicable,,44.0,0.0,heldout_Batch3Sub1,Batch3Sub1
primary_128d,299,heldout__simulation_2__hvg2000_pca40__solar_orthogonal_uniq__heldout_Batch3Sub4__s44__a0__l1p00,simulation_2,solar_orthogonal_uniq,heldout,44,hvg2000_pca40,embed,e2a37e0ed63dc34b60aa535cc656400552af757a,0.25120102410277667,computed,0.9729167520999908,computed,0.8632433864705545,computed,0.6050602344411239,computed,0.43220753126795186,computed,1.0,computed,,not_applicable,1.0,computed,,not_applicable,0.00424470159425594,computed,0.47032617342879873,computed,0.5326087363064289,computed,0.00013340876590683948,computed,,not_applicable,,44.0,0.0,heldout_Batch3Sub4,Batch3Sub4
dim30,0,core__immune_cell_human__hvg2000_pca40__solar_orthogonal__random_seed_40__s40__a0__l1p00,immune_cell_human,solar_orthogonal,core,40,hvg2000_pca40,embed,e2a37e0ed63dc34b60aa535cc656400552af757a,0.3415607963382056,computed,0.8387460112571716,computed,0.8549953336625364,computed,0.7350487341561537,computed,0.720012681340056,computed,0.9999999999999998,computed,0.569658938331761,computed,0.9891277980944996,computed,,not_applicable,1.3811190006549339,computed,0.9013734741294414,computed,0.49309893837198615,computed,0.025262576607851916,computed,0.5540737853227762,computed,40.0,40.0,0.0,random_seed_40,
dim30,1,core__immune_cell_human__hvg2000_pca40__solar_orthogonal__random_seed_41__s41__a0__l1p00,immune_cell_human,solar_orthogonal,core,41,hvg2000_pca40,embed,e2a37e0ed63dc34b60aa535cc656400552af757a,0.3355889455205592,computed,0.8493009507656097,computed,0.8556038718042303,computed,0.736299783232867,computed,0.7177779191851609,computed,0.9999999999999998,computed,0.5702487696002659,computed,0.9903918538871204,computed,,not_applicable,1.3481285219488712,computed,0.8950299460303345,computed,0.493098936509341,computed,0.02507189566302781,computed,0.8527115332453329,computed,41.0,41.0,0.0,random_seed_41,
dim30,2,core__immune_cell_human__hvg2000_pca40__solar_orthogonal__random_seed_42__s42__a0__l1p00,immune_cell_human,solar_orthogonal,core,42,hvg2000_pca40,embed,e2a37e0ed63dc34b60aa535cc656400552af757a,0.33833489911242565,computed,0.8521970212459564,computed,0.855422032458824,computed,0.7403991298127228,computed,0.7327695470234574,computed,0.9999999999999998,computed,0.5678228441748204,computed,0.9905654796577816,computed,,not_applicable,1.323624786815805,computed,0.9074332966185508,computed,0.4930989402346313,computed,0.018097129528786504,computed,0.8516941578935223,computed,42.0,42.0,0.0,random_seed_42,
dim30,3,core__immune_cell_human__hvg2000_pca40__solar_orthogonal__random_seed_43__s43__a0__l1p00,immune_cell_human,solar_orthogonal,core,43,hvg2000_pca40,embed,e2a37e0ed63dc34b60aa535cc656400552af757a,0.348463926915637,computed,0.8506599068641663,computed,0.8544132503434527,computed,0.7445159795334405,computed,0.7229511251736939,computed,0.9999999999999998,computed,0.5745194739662537,computed,0.9916791302541054,computed,,not_applicable,1.4453183871820445,computed,0.8784843060235344,computed,0.4930989374406636,computed,0.02118613667133662,computed,0.8537634160265468,computed,43.0,43.0,0.0,random_seed_43,
dim30,4,core__immune_cell_human__hvg2000_pca40__solar_orthogonal__random_seed_44__s44__a0__l1p00,immune_cell_human,solar_orthogonal,core,44,hvg2000_pca40,embed,e2a37e0ed63dc34b60aa535cc656400552af757a,0.39825037086787585,computed,0.8512567579746246,computed,0.8506705338393237,computed,0.761922109580708,computed,0.7310362795426751,computed,0.9999999999999998,computed,0.5608401432453145,computed,0.9901387929050998,computed,,not_applicable,1.4789011184180096,computed,0.8904608501544764,computed,0.4930989355780184,computed,0.025960779309362136,computed,0.548357138147544,computed,44.0,44.0,0.0,random_seed_44,
dim30,5,core__lung_atlas__hvg2000_pca40__solar_orthogonal__random_seed_40__s40__a0__l1p00,lung_atlas,solar_orthogonal,core,40,hvg2000_pca40,embed,e2a37e0ed63dc34b60aa535cc656400552af757a,0.5456540421780856,computed,0.8586778938770294,computed,0.8230384592686879,computed,0.8180307781294592,computed,0.6753935892734119,computed,0.9999999999999998,computed,0.7207119982095739,computed,0.7559284152301842,computed,,not_applicable,1.058987966181765,computed,0.9339513325608342,computed,0.513547083362937,computed,0.013607798931706161,computed,,not_applicable,40.0,40.0,0.0,random_seed_40,
dim30,6,core__lung_atlas__hvg2000_pca40__solar_orthogonal__random_seed_41__s41__a0__l1p00,lung_atlas,solar_orthogonal,core,41,hvg2000_pca40,embed,e2a37e0ed63dc34b60aa535cc656400552af757a,0.493818963108178,computed,0.8573705554008484,computed,0.8282140246284145,computed,0.7994786416782181,computed,0.6715904340815866,computed,0.9999999999999998,computed,0.733873259344872,computed,0.8123714309899722,computed,,not_applicable,1.1210404895265755,computed,0.9377880184331797,computed,0.5135470787063241,computed,0.0163751861238578,computed,,not_applicable,41.0,41.0,0.0,random_seed_41,
dim30,7,core__lung_atlas__hvg2000_pca40__solar_orthogonal__random_seed_42__s42__a0__l1p00,lung_atlas,solar_orthogonal,core,42,hvg2000_pca40,embed,e2a37e0ed63dc34b60aa535cc656400552af757a,0.48721019973261526,computed,0.8528972864151001,computed,0.8221877046749304,computed,0.7992561604382398,computed,0.6738900226296293,computed,0.9999999999999998,computed,0.7307175995061006,computed,0.8127253879292728,computed,,not_applicable,1.082451344113751,computed,0.941860465116279,computed,0.5135470852255821,computed,0.006292433818226084,computed,,not_applicable,42.0,42.0,0.0,random_seed_42,
dim30,8,core__lung_atlas__hvg2000_pca40__solar_orthogonal__random_seed_43__s43__a0__l1p00,lung_atlas,solar_orthogonal,core,43,hvg2000_pca40,embed,e2a37e0ed63dc34b60aa535cc656400552af757a,0.5007133209778907,computed,0.8476206064224243,computed,0.8226928745281855,computed,0.7940761234247355,computed,0.6590847952343593,computed,0.9999999999999996,computed,0.7246366323627991,computed,0.7547707403229456,computed,,not_applicable,1.0162707747058106,computed,0.9272727272727272,computed,0.5135470824316144,computed,0.008871578762913668,computed,,not_applicable,43.0,43.0,0.0,random_seed_43,
dim30,9,core__lung_atlas__hvg2000_pca40__solar_orthogonal__random_seed_44__s44__a0__l1p00,lung_atlas,solar_orthogonal,core,44,hvg2000_pca40,embed,e2a37e0ed63dc34b60aa535cc656400552af757a,0.4727522130431332,computed,0.8573608100414276,computed,0.8177606015429446,computed,0.7974032281832256,computed,0.6685487548694109,computed,0.9999999999999998,computed,0.7251187934291832,computed,0.929588289885009,computed,,not_applicable,1.0850098875011147,computed,0.940628637951106,computed,0.5135470815002918,computed,0.01292303807401518,computed,,not_applicable,44.0,44.0,0.0,random_seed_44,
dim30,10,core__pancreas__hvg2000_pca40__solar_orthogonal__random_seed_40__s40__a0__l1p00,pancreas,solar_orthogonal,core,40,hvg2000_pca40,embed,e2a37e0ed63dc34b60aa535cc656400552af757a,0.35771274120297686,computed,0.9238013029098511,computed,0.8711448527955313,computed,0.7383376523949121,computed,0.926306940342572,computed,1.0,computed,0.3144932335235576,computed,0.9172719418587837,computed,,not_applicable,1.4853708559464898,computed,0.2641509433962264,computed,0.49594214651733637,computed,0.001648782398994575,computed,,not_applicable,40.0,40.0,0.0,random_seed_40,
dim30,11,core__pancreas__hvg2000_pca40__solar_orthogonal__random_seed_41__s41__a0__l1p00,pancreas,solar_orthogonal,core,41,hvg2000_pca40,embed,e2a37e0ed63dc34b60aa535cc656400552af757a,0.3570766559511398,computed,0.9199102520942688,computed,0.8697380696952507,computed,0.73544629596338,computed,0.9262789092832419,computed,1.0,computed,0.30488777283178603,computed,0.9251168383094084,computed,,not_applicable,1.326250927509225,computed,0.2692307692307693,computed,0.49594215024262667,computed,0.0012160956881456242,computed,,not_applicable,41.0,41.0,0.0,random_seed_41,
dim30,12,core__pancreas__hvg2000_pca40__solar_orthogonal__random_seed_42__s42__a0__l1p00,pancreas,solar_orthogonal,core,42,hvg2000_pca40,embed,e2a37e0ed63dc34b60aa535cc656400552af757a,0.3428538208218201,computed,0.9152030646800995,computed,0.8567871445362247,computed,0.7295195247433319,computed,0.9231723710287636,computed,1.0,computed,0.30905645318497765,computed,0.785908804648538,computed,,not_applicable,1.246827335773557,computed,0.2641509433962264,computed,0.4959421483799815,computed,0.014961862346909105,computed,,not_applicable,42.0,42.0,0.0,random_seed_42,
dim30,13,core__pancreas__hvg2000_pca40__solar_orthogonal__random_seed_43__s43__a0__l1p00,pancreas,solar_orthogonal,core,43,hvg2000_pca40,embed,e2a37e0ed63dc34b60aa535cc656400552af757a,0.3461554999947644,computed,0.9211086928844452,computed,0.8526185761594782,computed,0.7386520964972355,computed,0.9253253685331084,computed,1.0,computed,0.3052963608307419,computed,0.8444530936848624,computed,,not_applicable,1.4357884297733703,computed,0.2692307692307693,computed,0.4959421493113041,computed,0.003783374676283646,computed,,not_applicable,43.0,43.0,0.0,random_seed_43,
dim30,14,core__pancreas__hvg2000_pca40__solar_orthogonal__random_seed_44__s44__a0__l1p00,pancreas,solar_orthogonal,core,44,hvg2000_pca40,embed,e2a37e0ed63dc34b60aa535cc656400552af757a,0.32954694397621687,computed,0.922656238079071,computed,0.8606435567751227,computed,0.7269491341677197,computed,0.9250713386380365,computed,1.0,computed,0.3128217881482216,computed,0.9774124232114191,computed,,not_applicable,1.5028854940354095,computed,0.2692307692307693,computed,0.4959421483799815,computed,0.0010897461068221093,computed,,not_applicable,44.0,44.0,0.0,random_seed_44,
dim30,15,core__simulation_1__hvg2000_pca40__solar_orthogonal__random_seed_40__s40__a0__l1p00,simulation_1,solar_orthogonal,core,40,hvg2000_pca40,embed,e2a37e0ed63dc34b60aa535cc656400552af757a,0.45245464237311267,computed,0.957900881767273,computed,0.9329613825957451,computed,0.761109950849743,computed,0.934720143375282,computed,1.0,computed,,not_applicable,1.0,computed,,not_applicable,1.4337508095441422,computed,0.9975429975429976,computed,0.5308207180351019,computed,0.08891585840861083,computed,,not_applicable,40.0,40.0,0.0,random_seed_40,
dim30,16,core__simulation_1__hvg2000_pca40__solar_orthogonal__random_seed_41__s41__a0__l1p00,simulation_1,solar_orthogonal,core,41,hvg2000_pca40,embed,e2a37e0ed63dc34b60aa535cc656400552af757a,0.4315414092487948,computed,0.9581728875637054,computed,0.9349701349228697,computed,0.7557399330500961,computed,0.9331694192970558,computed,1.0,computed,,not_applicable,1.0,computed,,not_applicable,1.2997009554384795,computed,1.0,computed,0.530820719897747,computed,0.08131957777226628,computed,,not_applicable,41.0,41.0,0.0,random_seed_41,
dim30,17,core__simulation_1__hvg2000_pca40__solar_orthogonal__random_seed_42__s42__a0__l1p00,simulation_1,solar_orthogonal,core,42,hvg2000_pca40,embed,e2a37e0ed63dc34b60aa535cc656400552af757a,0.5360058502875789,computed,0.9582732021808624,computed,0.938851847388281,computed,0.7932029171026569,computed,0.9333911599642996,computed,1.0,computed,,not_applicable,1.0,computed,,not_applicable,1.409196838921567,computed,1.0,computed,0.530820719897747,computed,0.07687732627484878,computed,,not_applicable,42.0,42.0,0.0,random_seed_42,
dim30,18,core__simulation_1__hvg2000_pca40__solar_orthogonal__random_seed_43__s43__a0__l1p00,simulation_1,solar_orthogonal,core,43,hvg2000_pca40,embed,e2a37e0ed63dc34b60aa535cc656400552af757a,0.5049576273658176,computed,0.9584755003452301,computed,0.9392927057619739,computed,0.7817548756415781,computed,0.9313347477039762,computed,1.0,computed,,not_applicable,1.0,computed,,not_applicable,1.492201421522827,computed,1.0,computed,0.530820719897747,computed,0.12257993789689914,computed,,not_applicable,43.0,43.0,0.0,random_seed_43,
dim30,19,core__simulation_1__hvg2000_pca40__solar_orthogonal__random_seed_44__s44__a0__l1p00,simulation_1,solar_orthogonal,core,44,hvg2000_pca40,embed,e2a37e0ed63dc34b60aa535cc656400552af757a,0.5322794775177168,computed,0.9581509530544281,computed,0.9315955805927576,computed,0.7943857463933143,computed,0.932414542061228,computed,1.0,computed,,not_applicable,1.0,computed,,not_applicable,1.4733421350799083,computed,0.9975429975429976,computed,0.530820719897747,computed,0.17963266246736176,computed,,not_applicable,44.0,44.0,0.0,random_seed_44,
dim30,20,core__simulation_2__hvg2000_pca40__solar_orthogonal__random_seed_40__s40__a0__l1p00,simulation_2,solar_orthogonal,core,40,hvg2000_pca40,embed,e2a37e0ed63dc34b60aa535cc656400552af757a,0.2710522956162502,computed,0.9791454970836639,computed,0.9313318814767853,computed,0.6178681745921684,computed,0.43921760724819425,computed,1.0,computed,,not_applicable,1.0,computed,,not_applicable,0.10669540503084085,computed,0.4749365482233502,computed,0.5326087363064289,computed,0.007260722702550182,computed,,not_applicable,40.0,40.0,0.0,random_seed_40,
dim30,21,core__simulation_2__hvg2000_pca40__solar_orthogonal__random_seed_41__s41__a0__l1p00,simulation_2,solar_orthogonal,core,41,hvg2000_pca40,embed,e2a37e0ed63dc34b60aa535cc656400552af757a,0.26777758475895946,computed,0.9783205986022949,computed,0.9284189318623804,computed,0.614417718699959,computed,0.4385631378427786,computed,1.0,computed,,not_applicable,1.0,computed,,not_applicable,0.10462761953601096,computed,0.46126760563380276,computed,0.5326087363064289,computed,0.004954408933764087,computed,,not_applicable,41.0,41.0,0.0,random_seed_41,
dim30,22,core__simulation_2__hvg2000_pca40__solar_orthogonal__random_seed_42__s42__a0__l1p00,simulation_2,solar_orthogonal,core,42,hvg2000_pca40,embed,e2a37e0ed63dc34b60aa535cc656400552af757a,0.26844736622083,computed,0.9799640476703644,computed,0.9406374045811968,computed,0.6151850059264545,computed,0.43876480744181134,computed,1.0,computed,,not_applicable,1.0,computed,,not_applicable,0.08462209840071866,computed,0.4688644688644688,computed,0.5326087363064289,computed,0.0025376067123870083,computed,,not_applicable,42.0,42.0,0.0,random_seed_42,
dim30,23,core__simulation_2__hvg2000_pca40__solar_orthogonal__random_seed_43__s43__a0__l1p00,simulation_2,solar_orthogonal,core,43,hvg2000_pca40,embed,e2a37e0ed63dc34b60aa535cc656400552af757a,0.2585098962058251,computed,0.9782713651657104,computed,0.9309436229234125,computed,0.6083739329495281,computed,0.4409149566736764,computed,1.0,computed,,not_applicable,1.0,computed,,not_applicable,0.08350072033231037,computed,0.45284840682330224,computed,0.5326087363064289,computed,0.005739874135762824,computed,,not_applicable,43.0,43.0,0.0,random_seed_43,
dim30,24,core__simulation_2__hvg2000_pca40__solar_orthogonal__random_seed_44__s44__a0__l1p00,simulation_2,solar_orthogonal,core,44,hvg2000_pca40,embed,e2a37e0ed63dc34b60aa535cc656400552af757a,0.25859278040464906,computed,0.9790869057178497,computed,0.937174977996083,computed,0.6083722997527318,computed,0.4396527681139377,computed,1.0,computed,,not_applicable,1.0,computed,,not_applicable,0.1120792864847433,computed,0.47348364560177836,computed,0.5326087363064289,computed,0.005139027877470337,computed,,not_applicable,44.0,44.0,0.0,random_seed_44,
dim64,0,core__immune_cell_human__hvg2000_pca40__solar_orthogonal__random_seed_40__s40__a0__l1p00,immune_cell_human,solar_orthogonal,core,40,hvg2000_pca40,embed,e2a37e0ed63dc34b60aa535cc656400552af757a,0.3415607963382056,computed,0.8387460112571716,computed,0.8549953336625364,computed,0.7350487341561537,computed,0.720012684295446,computed,0.9999999999999998,computed,0.5696589307070932,computed,0.9891277980944996,computed,,not_applicable,1.3844223171331533,computed,0.9013734741294414,computed,0.49309893837198615,computed,0.025262576607851916,computed,0.5540737853227762,computed,40.0,40.0,0.0,random_seed_40,
dim64,1,core__immune_cell_human__hvg2000_pca40__solar_orthogonal__random_seed_41__s41__a0__l1p00,immune_cell_human,solar_orthogonal,core,41,hvg2000_pca40,embed,e2a37e0ed63dc34b60aa535cc656400552af757a,0.3340536645137189,computed,0.8491791188716888,computed,0.85606302557174,computed,0.7372363630358553,computed,0.7169067125576759,computed,0.9999999999999998,computed,0.5703514503856063,computed,0.9900663375805161,computed,,not_applicable,1.3645015157857414,computed,0.8961828824706688,computed,0.493098936509341,computed,0.025127554214336767,computed,0.8513570025829511,computed,41.0,41.0,0.0,random_seed_41,
dim64,2,core__immune_cell_human__hvg2000_pca40__solar_orthogonal__random_seed_42__s42__a0__l1p00,immune_cell_human,solar_orthogonal,core,42,hvg2000_pca40,embed,e2a37e0ed63dc34b60aa535cc656400552af757a,0.33833489911242565,computed,0.8521970212459564,computed,0.855422032458824,computed,0.7403991298127228,computed,0.7327695470234574,computed,0.9999999999999998,computed,0.5678228441748204,computed,0.9905654796577816,computed,,not_applicable,1.329680185839882,computed,0.9074332966185508,computed,0.4930989402346313,computed,0.018097129528786504,computed,0.8516941578935223,computed,42.0,42.0,0.0,random_seed_42,
dim64,3,core__immune_cell_human__hvg2000_pca40__solar_orthogonal__random_seed_43__s43__a0__l1p00,immune_cell_human,solar_orthogonal,core,43,hvg2000_pca40,embed,e2a37e0ed63dc34b60aa535cc656400552af757a,0.348463926915637,computed,0.8506599068641663,computed,0.8544132503434527,computed,0.7445159795334405,computed,0.7229511251736939,computed,0.9999999999999998,computed,0.5745194739662537,computed,0.9916791302541054,computed,,not_applicable,1.4299203977794583,computed,0.8784843060235344,computed,0.4930989374406636,computed,0.02118613667133662,computed,0.8537634160265468,computed,43.0,43.0,0.0,random_seed_43,
dim64,4,core__immune_cell_human__hvg2000_pca40__solar_orthogonal__random_seed_44__s44__a0__l1p00,immune_cell_human,solar_orthogonal,core,44,hvg2000_pca40,embed,e2a37e0ed63dc34b60aa535cc656400552af757a,0.37099224236577844,computed,0.8466886579990387,computed,0.8531712504506826,computed,0.7507582990514312,computed,0.7176964033445412,computed,0.9999999999999998,computed,0.5708221626216369,computed,0.990422020021823,computed,,not_applicable,1.4161915359624908,computed,0.9035388112214489,computed,0.4930989355780184,computed,0.023731230812119142,computed,0.4512348368046119,computed,44.0,44.0,0.0,random_seed_44,
dim64,5,core__lung_atlas__hvg2000_pca40__solar_orthogonal__random_seed_40__s40__a0__l1p00,lung_atlas,solar_orthogonal,core,40,hvg2000_pca40,embed,e2a37e0ed63dc34b60aa535cc656400552af757a,0.5456540421780856,computed,0.8586778938770294,computed,0.8230384592686879,computed,0.8180307781294592,computed,0.6753936130549486,computed,0.9999999999999998,computed,0.7207120095227609,computed,0.7559284152301842,computed,,not_applicable,1.0670715947562956,computed,0.9339513325608342,computed,0.513547083362937,computed,0.013607798931706161,computed,,not_applicable,40.0,40.0,0.0,random_seed_40,
dim64,6,core__lung_atlas__hvg2000_pca40__solar_orthogonal__random_seed_41__s41__a0__l1p00,lung_atlas,solar_orthogonal,core,41,hvg2000_pca40,embed,e2a37e0ed63dc34b60aa535cc656400552af757a,0.5125332566177462,computed,0.8573581278324127,computed,0.8281307399312492,computed,0.8049975728547777,computed,0.67130720099817,computed,0.9999999999999998,computed,0.733736528075906,computed,0.8127008010211959,computed,,not_applicable,1.0689579108118585,computed,0.9367088607594936,computed,0.5135470787063241,computed,0.01713933160044001,computed,,not_applicable,41.0,41.0,0.0,random_seed_41,
dim64,7,core__lung_atlas__hvg2000_pca40__solar_orthogonal__random_seed_42__s42__a0__l1p00,lung_atlas,solar_orthogonal,core,42,hvg2000_pca40,embed,e2a37e0ed63dc34b60aa535cc656400552af757a,0.48721019973261526,computed,0.8528972864151001,computed,0.8221877046749304,computed,0.7992561604382398,computed,0.6738900226296293,computed,0.9999999999999998,computed,0.7307175995061006,computed,0.8127253879292728,computed,,not_applicable,1.0739782258528945,computed,0.941860465116279,computed,0.5135470852255821,computed,0.006292433818226084,computed,,not_applicable,42.0,42.0,0.0,random_seed_42,
dim64,8,core__lung_atlas__hvg2000_pca40__solar_orthogonal__random_seed_43__s43__a0__l1p00,lung_atlas,solar_orthogonal,core,43,hvg2000_pca40,embed,e2a37e0ed63dc34b60aa535cc656400552af757a,0.5007133209778907,computed,0.8476206064224243,computed,0.8226928745281855,computed,0.7940761234247355,computed,0.6590847952343593,computed,0.9999999999999996,computed,0.7246366323627991,computed,0.7547707403229456,computed,,not_applicable,1.0101784643039915,computed,0.9272727272727272,computed,0.5135470824316144,computed,0.008871578762913668,computed,,not_applicable,43.0,43.0,0.0,random_seed_43,
dim64,9,core__lung_atlas__hvg2000_pca40__solar_orthogonal__random_seed_44__s44__a0__l1p00,lung_atlas,solar_orthogonal,core,44,hvg2000_pca40,embed,e2a37e0ed63dc34b60aa535cc656400552af757a,0.5118511782463975,computed,0.8573272526264191,computed,0.8176301209108778,computed,0.8046478205677634,computed,0.6685599639873498,computed,0.9999999999999998,computed,0.7258988981291568,computed,0.9297437116565788,computed,,not_applicable,1.0933995470197928,computed,0.9432213209733488,computed,0.5135470815002918,computed,0.013682839782287681,computed,,not_applicable,44.0,44.0,0.0,random_seed_44,
dim64,10,core__pancreas__hvg2000_pca40__solar_orthogonal__random_seed_40__s40__a0__l1p00,pancreas,solar_orthogonal,core,40,hvg2000_pca40,embed,e2a37e0ed63dc34b60aa535cc656400552af757a,0.35771274120297686,computed,0.9238013029098511,computed,0.8711448527955313,computed,0.7383376523949121,computed,0.926306940342572,computed,1.0,computed,0.3144932335235576,computed,0.9172719418587837,computed,,not_applicable,1.4917662052963383,computed,0.2641509433962264,computed,0.49594214651733637,computed,0.001648782398994575,computed,,not_applicable,40.0,40.0,0.0,random_seed_40,
dim64,11,core__pancreas__hvg2000_pca40__solar_orthogonal__random_seed_41__s41__a0__l1p00,pancreas,solar_orthogonal,core,41,hvg2000_pca40,embed,e2a37e0ed63dc34b60aa535cc656400552af757a,0.33903792754914513,computed,0.9144031405448914,computed,0.8698807185112569,computed,0.7220294578676479,computed,0.92408030255373,computed,1.0,computed,0.3080864626226737,computed,0.8530475574753884,computed,,not_applicable,1.212333639951626,computed,0.2692307692307693,computed,0.49594215024262667,computed,0.002882266621603291,computed,,not_applicable,41.0,41.0,0.0,random_seed_41,
dim64,12,core__pancreas__hvg2000_pca40__solar_orthogonal__random_seed_42__s42__a0__l1p00,pancreas,solar_orthogonal,core,42,hvg2000_pca40,embed,e2a37e0ed63dc34b60aa535cc656400552af757a,0.3428538208218201,computed,0.9152030646800995,computed,0.8567871445362247,computed,0.7295195247433319,computed,0.9231723776551884,computed,1.0,computed,0.30905641350116597,computed,0.785908804648538,computed,,not_applicable,1.2218136579923762,computed,0.2641509433962264,computed,0.4959421483799815,computed,0.014961862346909105,computed,,not_applicable,42.0,42.0,0.0,random_seed_42,
dim64,13,core__pancreas__hvg2000_pca40__solar_orthogonal__random_seed_43__s43__a0__l1p00,pancreas,solar_orthogonal,core,43,hvg2000_pca40,embed,e2a37e0ed63dc34b60aa535cc656400552af757a,0.3461554999947644,computed,0.9211086928844452,computed,0.8526185761594782,computed,0.7386520964972355,computed,0.925325375637454,computed,1.0,computed,0.3052962853098475,computed,0.8444530936848624,computed,,not_applicable,1.4337749953347783,computed,0.2692307692307693,computed,0.4959421493113041,computed,0.003783374676283646,computed,,not_applicable,43.0,43.0,0.0,random_seed_43,
dim64,14,core__pancreas__hvg2000_pca40__solar_orthogonal__random_seed_44__s44__a0__l1p00,pancreas,solar_orthogonal,core,44,hvg2000_pca40,embed,e2a37e0ed63dc34b60aa535cc656400552af757a,0.35285755502190064,computed,0.9226531684398651,computed,0.8608321685519872,computed,0.7368436715591586,computed,0.9250876244839418,computed,1.0,computed,0.3129465252779589,computed,0.9774124232114191,computed,,not_applicable,1.4777134168433332,computed,0.2692307692307693,computed,0.4959421483799815,computed,0.001150778215208148,computed,,not_applicable,44.0,44.0,0.0,random_seed_44,
dim64,15,core__simulation_1__hvg2000_pca40__solar_orthogonal__random_seed_40__s40__a0__l1p00,simulation_1,solar_orthogonal,core,40,hvg2000_pca40,embed,e2a37e0ed63dc34b60aa535cc656400552af757a,0.45245464237311267,computed,0.957900881767273,computed,0.9329613825957451,computed,0.761109950849743,computed,0.9347201448879847,computed,1.0,computed,,not_applicable,1.0,computed,,not_applicable,1.4457543225592318,computed,0.9975429975429976,computed,0.5308207180351019,computed,0.08891585840861083,computed,,not_applicable,40.0,40.0,0.0,random_seed_40,
dim64,16,core__simulation_1__hvg2000_pca40__solar_orthogonal__random_seed_41__s41__a0__l1p00,simulation_1,solar_orthogonal,core,41,hvg2000_pca40,embed,e2a37e0ed63dc34b60aa535cc656400552af757a,0.4388038720156705,computed,0.9581728875637054,computed,0.9349701782486758,computed,0.7576918342983219,computed,0.9331694504761207,computed,1.0,computed,,not_applicable,1.0,computed,,not_applicable,1.3007783631099992,computed,1.0,computed,0.530820719897747,computed,0.0811173245343354,computed,,not_applicable,41.0,41.0,0.0,random_seed_41,
dim64,17,core__simulation_1__hvg2000_pca40__solar_orthogonal__random_seed_42__s42__a0__l1p00,simulation_1,solar_orthogonal,core,42,hvg2000_pca40,embed,e2a37e0ed63dc34b60aa535cc656400552af757a,0.5360058502875789,computed,0.9582732021808624,computed,0.938851847388281,computed,0.7932029171026569,computed,0.9333911599642996,computed,1.0,computed,,not_applicable,1.0,computed,,not_applicable,1.3824722320601235,computed,1.0,computed,0.530820719897747,computed,0.07687732627484878,computed,,not_applicable,42.0,42.0,0.0,random_seed_42,
dim64,18,core__simulation_1__hvg2000_pca40__solar_orthogonal__random_seed_43__s43__a0__l1p00,simulation_1,solar_orthogonal,core,43,hvg2000_pca40,embed,e2a37e0ed63dc34b60aa535cc656400552af757a,0.5049576273658176,computed,0.9584755003452301,computed,0.9392927057619739,computed,0.7817548756415781,computed,0.9313347477039762,computed,1.0,computed,,not_applicable,1.0,computed,,not_applicable,1.5029321836671765,computed,1.0,computed,0.530820719897747,computed,0.12257993789689914,computed,,not_applicable,43.0,43.0,0.0,random_seed_43,
dim64,19,core__simulation_1__hvg2000_pca40__solar_orthogonal__random_seed_44__s44__a0__l1p00,simulation_1,solar_orthogonal,core,44,hvg2000_pca40,embed,e2a37e0ed63dc34b60aa535cc656400552af757a,0.5322794775177168,computed,0.9581509530544281,computed,0.9315955805927576,computed,0.7943857463933143,computed,0.932414542061228,computed,1.0,computed,,not_applicable,1.0,computed,,not_applicable,1.4936537553916636,computed,0.9975429975429976,computed,0.530820719897747,computed,0.17963266246736176,computed,,not_applicable,44.0,44.0,0.0,random_seed_44,
dim64,20,core__simulation_2__hvg2000_pca40__solar_orthogonal__random_seed_40__s40__a0__l1p00,simulation_2,solar_orthogonal,core,40,hvg2000_pca40,embed,e2a37e0ed63dc34b60aa535cc656400552af757a,0.2710522956162502,computed,0.9791454970836639,computed,0.9313318814767853,computed,0.6178681745921684,computed,0.43921760724819425,computed,1.0,computed,,not_applicable,1.0,computed,,not_applicable,0.10898137251196993,computed,0.4749365482233502,computed,0.5326087363064289,computed,0.007260722702550182,computed,,not_applicable,40.0,40.0,0.0,random_seed_40,
dim64,21,core__simulation_2__hvg2000_pca40__solar_orthogonal__random_seed_41__s41__a0__l1p00,simulation_2,solar_orthogonal,core,41,hvg2000_pca40,embed,e2a37e0ed63dc34b60aa535cc656400552af757a,0.26777758475895946,computed,0.9783205986022949,computed,0.9284189318623804,computed,0.614417718699959,computed,0.4385631378427786,computed,1.0,computed,,not_applicable,1.0,computed,,not_applicable,0.1020894227323137,computed,0.46126760563380276,computed,0.5326087363064289,computed,0.004954408933764087,computed,,not_applicable,41.0,41.0,0.0,random_seed_41,
dim64,22,core__simulation_2__hvg2000_pca40__solar_orthogonal__random_seed_42__s42__a0__l1p00,simulation_2,solar_orthogonal,core,42,hvg2000_pca40,embed,e2a37e0ed63dc34b60aa535cc656400552af757a,0.26844736622083,computed,0.9799640476703644,computed,0.9406374045811968,computed,0.6151850059264545,computed,0.43876480744181134,computed,1.0,computed,,not_applicable,1.0,computed,,not_applicable,0.08783294677264353,computed,0.4688644688644688,computed,0.5326087363064289,computed,0.0025376067123870083,computed,,not_applicable,42.0,42.0,0.0,random_seed_42,
dim64,23,core__simulation_2__hvg2000_pca40__solar_orthogonal__random_seed_43__s43__a0__l1p00,simulation_2,solar_orthogonal,core,43,hvg2000_pca40,embed,e2a37e0ed63dc34b60aa535cc656400552af757a,0.2585098962058251,computed,0.9782713651657104,computed,0.9309436229234125,computed,0.6083739329495281,computed,0.4409149566736764,computed,1.0,computed,,not_applicable,1.0,computed,,not_applicable,0.08230703578029774,computed,0.45284840682330224,computed,0.5326087363064289,computed,0.005739874135762824,computed,,not_applicable,43.0,43.0,0.0,random_seed_43,
dim64,24,core__simulation_2__hvg2000_pca40__solar_orthogonal__random_seed_44__s44__a0__l1p00,simulation_2,solar_orthogonal,core,44,hvg2000_pca40,embed,e2a37e0ed63dc34b60aa535cc656400552af757a,0.25859278040464906,computed,0.9790869057178497,computed,0.937174977996083,computed,0.6083722997527318,computed,0.4396527681139377,computed,1.0,computed,,not_applicable,1.0,computed,,not_applicable,0.11395942933904002,computed,0.47348364560177836,computed,0.5326087363064289,computed,0.005139027877470337,computed,,not_applicable,44.0,44.0,0.0,random_seed_44,
unintegrated_and_refmap_baselines,0,unintegrated_matched__immune_cell_human__hvg2000_pca40_matched__heldout_10X__s0,immune_cell_human,unintegrated_pca_matched,unintegrated_baseline,0,hvg2000_pca40_matched__heldout_10X,embed,e2a37e0ed63dc34b60aa535cc656400552af757a,0.24074370412934046,computed,0.5502950847148895,computed,0.8309827314648499,computed,0.6489168759689014,computed,0.10038156536578634,computed,0.9646680687170077,computed,0.7439141924308197,computed,0.912733188895736,computed,,not_applicable,0.4858188418948288,computed,0.6858118211833948,computed,0.49309893511235714,computed,0.04323122777937649,computed,0.8748865615328885,computed,,,,heldout_10X,10X
unintegrated_and_refmap_baselines,1,unintegrated_matched__immune_cell_human__hvg2000_pca40_matched__heldout_Oetjen_A__s0,immune_cell_human,unintegrated_pca_matched,unintegrated_baseline,0,hvg2000_pca40_matched__heldout_Oetjen_A,embed,e2a37e0ed63dc34b60aa535cc656400552af757a,0.24603283372710527,computed,0.535517293959856,computed,0.8173888063722904,computed,0.6461656296690665,computed,0.09666857142370387,computed,0.9757736247683593,computed,0.7311282050043719,computed,0.9043198856754504,computed,,not_applicable,0.4465774364326134,computed,0.6856339642160263,computed,0.493098936509341,computed,0.041302071389017425,computed,0.8687626463320804,computed,,,,heldout_Oetjen_A,Oetjen_A
unintegrated_and_refmap_baselines,2,unintegrated_matched__immune_cell_human__hvg2000_pca40_matched__heldout_Villani__s0,immune_cell_human,unintegrated_pca_matched,unintegrated_baseline,0,hvg2000_pca40_matched__heldout_Villani,embed,e2a37e0ed63dc34b60aa535cc656400552af757a,0.2603497185761214,computed,0.5458461716771126,computed,0.8176054551375731,computed,0.6530229916809556,computed,0.07530564206734704,computed,0.9772893821646398,computed,0.7298206621143166,computed,0.9132639837259581,computed,,not_applicable,0.4273961800052295,computed,0.6938664399499237,computed,0.4930989337153733,computed,0.04794380186208169,computed,0.8708329439599483,computed,,,,heldout_Villani,Villani
unintegrated_and_refmap_baselines,3,unintegrated_matched__immune_cell_human__hvg2000_pca40_matched__random_seed_40__s0,immune_cell_human,unintegrated_pca_matched,unintegrated_baseline,0,hvg2000_pca40_matched__random_seed_40,embed,e2a37e0ed63dc34b60aa535cc656400552af757a,0.24059463537520748,computed,0.5415931344032288,computed,0.8136732854515051,computed,0.6402816220296303,computed,0.09459183380044987,computed,0.976795971493998,computed,0.7425695588180825,computed,0.9034842633543514,computed,,not_applicable,0.4475661983004997,computed,0.6913156568471984,computed,0.49309893837198615,computed,0.043278711209823406,computed,0.8718137967005414,computed,40.0,,,random_seed_40,
unintegrated_and_refmap_baselines,4,unintegrated_matched__immune_cell_human__hvg2000_pca40_matched__random_seed_41__s0,immune_cell_human,unintegrated_pca_matched,unintegrated_baseline,0,hvg2000_pca40_matched__random_seed_41,embed,e2a37e0ed63dc34b60aa535cc656400552af757a,0.25766032081566403,computed,0.540886115282774,computed,0.8141669667318353,computed,0.6514951585383828,computed,0.09456219698148337,computed,0.9738796361025897,computed,0.7436328870148912,computed,0.9028024761202766,computed,,not_applicable,0.4268795700355692,computed,0.735996000379596,computed,0.493098936509341,computed,0.03998095463814111,computed,0.8715230432891541,computed,41.0,,,random_seed_41,
unintegrated_and_refmap_baselines,5,unintegrated_matched__immune_cell_human__hvg2000_pca40_matched__random_seed_42__s0,immune_cell_human,unintegrated_pca_matched,unintegrated_baseline,0,hvg2000_pca40_matched__random_seed_42,embed,e2a37e0ed63dc34b60aa535cc656400552af757a,0.2481953112409108,computed,0.5406282283365726,computed,0.8132188995175162,computed,0.6476614517124711,computed,0.09380722352864401,computed,0.9752355306632385,computed,0.7425112398517771,computed,0.9021805285453448,computed,,not_applicable,0.36713457816059614,computed,0.6823902194803227,computed,0.4930989402346313,computed,0.04232203868712259,computed,0.8731958950362979,computed,42.0,,,random_seed_42,
unintegrated_and_refmap_baselines,6,unintegrated_matched__immune_cell_human__hvg2000_pca40_matched__random_seed_43__s0,immune_cell_human,unintegrated_pca_matched,unintegrated_baseline,0,hvg2000_pca40_matched__random_seed_43,embed,e2a37e0ed63dc34b60aa535cc656400552af757a,0.2451357398640396,computed,0.5409711562097073,computed,0.8138375086372869,computed,0.6495154930681609,computed,0.09164194637180269,computed,0.9748428247134506,computed,0.7460090178696032,computed,0.9038813163974573,computed,,not_applicable,0.46582431589731343,computed,0.683240488648913,computed,0.4930989374406636,computed,0.04319053125050254,computed,0.8668193372849682,computed,43.0,,,random_seed_43,
unintegrated_and_refmap_baselines,7,unintegrated_matched__immune_cell_human__hvg2000_pca40_matched__random_seed_44__s0,immune_cell_human,unintegrated_pca_matched,unintegrated_baseline,0,hvg2000_pca40_matched__random_seed_44,embed,e2a37e0ed63dc34b60aa535cc656400552af757a,0.25822871925784674,computed,0.5407941862940788,computed,0.8128609019575577,computed,0.646973021908845,computed,0.09304926545162107,computed,0.978433346893423,computed,0.7455517988149275,computed,0.9027304783397874,computed,,not_applicable,0.40733478580125615,computed,0.6860348593231065,computed,0.4930989355780184,computed,0.04161664794168363,computed,0.8741799098367751,computed,44.0,,,random_seed_44,
unintegrated_and_refmap_baselines,8,unintegrated_matched__lung_atlas__hvg2000_pca40_matched__heldout_3__s0,lung_atlas,unintegrated_pca_matched,unintegrated_baseline,0,hvg2000_pca40_matched__heldout_3,embed,e2a37e0ed63dc34b60aa535cc656400552af757a,0.33344183294642826,computed,0.5814184620976448,computed,0.869911232334919,computed,0.7036916461305449,computed,0.441857414670105,computed,0.9894756177189095,computed,0.8774779070539959,computed,0.42581232962237836,computed,,not_applicable,0.2973774587520346,computed,0.592891760904685,computed,0.5135470870882273,computed,0.0009932162949908285,computed,,not_applicable,,,,heldout_3,3
unintegrated_and_refmap_baselines,9,unintegrated_matched__lung_atlas__hvg2000_pca40_matched__heldout_4__s0,lung_atlas,unintegrated_pca_matched,unintegrated_baseline,0,hvg2000_pca40_matched__heldout_4,embed,e2a37e0ed63dc34b60aa535cc656400552af757a,0.34823098427757776,computed,0.58396016061306,computed,0.873340687260583,computed,0.7026161851867582,computed,0.4463615529749668,computed,0.9858119120139424,computed,0.8771786269175614,computed,0.5405544166988993,computed,,not_applicable,0.41332793493055475,computed,0.6828811973807296,computed,0.5135470870882273,computed,0.0007017683989604118,computed,,not_applicable,,,,heldout_4,4
unintegrated_and_refmap_baselines,10,unintegrated_matched__lung_atlas__hvg2000_pca40_matched__heldout_B1__s0,lung_atlas,unintegrated_pca_matched,unintegrated_baseline,0,hvg2000_pca40_matched__heldout_B1,embed,e2a37e0ed63dc34b60aa535cc656400552af757a,0.3550700561213618,computed,0.5795527622103691,computed,0.8696140854720215,computed,0.7078284595870401,computed,0.4412901730767001,computed,0.992060753786552,computed,0.8744468514474374,computed,0.4983817433245174,computed,,not_applicable,0.29892049662682485,computed,0.6640548481880508,computed,0.5135470842942595,computed,0.0006572144961060067,computed,,not_applicable,,,,heldout_B1,B1
unintegrated_and_refmap_baselines,11,unintegrated_matched__lung_atlas__hvg2000_pca40_matched__random_seed_40__s0,lung_atlas,unintegrated_pca_matched,unintegrated_baseline,0,hvg2000_pca40_matched__random_seed_40,embed,e2a37e0ed63dc34b60aa535cc656400552af757a,0.353767598985301,computed,0.5811211168766022,computed,0.8677248504421127,computed,0.7088483469855594,computed,0.43933657293184863,computed,0.9877923073973467,computed,0.8746047277485267,computed,0.5510237591204689,computed,,not_applicable,0.2706870517671569,computed,0.6722376973073352,computed,0.513547083362937,computed,0.0020932690892228045,computed,,not_applicable,40.0,,,random_seed_40,
unintegrated_and_refmap_baselines,12,unintegrated_matched__lung_atlas__hvg2000_pca40_matched__random_seed_41__s0,lung_atlas,unintegrated_pca_matched,unintegrated_baseline,0,hvg2000_pca40_matched__random_seed_41,embed,e2a37e0ed63dc34b60aa535cc656400552af757a,0.36442637260244076,computed,0.5808013379573822,computed,0.8680475391985136,computed,0.7122089765305292,computed,0.43982648832426835,computed,0.9868385522481833,computed,0.8763283754332412,computed,0.6354667208892583,computed,,not_applicable,0.30287466725168266,computed,0.5866236905721193,computed,0.5135470787063241,computed,0.0014834052605126047,computed,,not_applicable,41.0,,,random_seed_41,
unintegrated_and_refmap_baselines,13,unintegrated_matched__lung_atlas__hvg2000_pca40_matched__random_seed_42__s0,lung_atlas,unintegrated_pca_matched,unintegrated_baseline,0,hvg2000_pca40_matched__random_seed_42,embed,e2a37e0ed63dc34b60aa535cc656400552af757a,0.3537884782843704,computed,0.58061533421278,computed,0.869125767154524,computed,0.7060459551773598,computed,0.43964746457567605,computed,0.9901476726271672,computed,0.8742394138894263,computed,0.5791157467677603,computed,,not_applicable,0.2958444934230462,computed,0.5901374292643493,computed,0.5135470852255821,computed,0.0028087385345194615,computed,,not_applicable,42.0,,,random_seed_42,
unintegrated_and_refmap_baselines,14,unintegrated_matched__lung_atlas__hvg2000_pca40_matched__random_seed_43__s0,lung_atlas,unintegrated_pca_matched,unintegrated_baseline,0,hvg2000_pca40_matched__random_seed_43,embed,e2a37e0ed63dc34b60aa535cc656400552af757a,0.3569790175570483,computed,0.5812578648328781,computed,0.8690162624784082,computed,0.7090176480255388,computed,0.4373377547880059,computed,0.9885337326857266,computed,0.8747764256584843,computed,0.5622282507659885,computed,,not_applicable,0.3221461518180422,computed,0.5887096774193549,computed,0.5135470824316144,computed,0.0025012307294375313,computed,,not_applicable,43.0,,,random_seed_43,
unintegrated_and_refmap_baselines,15,unintegrated_matched__lung_atlas__hvg2000_pca40_matched__random_seed_44__s0,lung_atlas,unintegrated_pca_matched,unintegrated_baseline,0,hvg2000_pca40_matched__random_seed_44,embed,e2a37e0ed63dc34b60aa535cc656400552af757a,0.350275038426928,computed,0.5817610025405884,computed,0.8687890657610144,computed,0.7058176917748262,computed,0.4398824577130575,computed,0.9883590152428383,computed,0.8778909656788271,computed,0.7061094776250803,computed,,not_applicable,0.3235021813526582,computed,0.6817325800376647,computed,0.5135470815002918,computed,0.0007792428874819901,computed,,not_applicable,44.0,,,random_seed_44,
unintegrated_and_refmap_baselines,16,unintegrated_matched__pancreas__hvg2000_pca40_matched__heldout_fluidigmc1__s0,pancreas,unintegrated_pca_matched,unintegrated_baseline,0,hvg2000_pca40_matched__heldout_fluidigmc1,embed,e2a37e0ed63dc34b60aa535cc656400552af757a,0.2395044759140558,computed,0.5830462574958801,computed,0.8442748177723909,computed,0.6456333715058916,computed,0.7737579745573298,computed,0.9982575472668589,computed,0.3670453828134076,computed,0.8391033697253064,computed,,not_applicable,0.11068062446985971,computed,0.11023622047244094,computed,0.49594215117394924,computed,0.006733779031796616,computed,,not_applicable,,,,heldout_fluidigmc1,fluidigmc1
unintegrated_and_refmap_baselines,17,unintegrated_matched__pancreas__hvg2000_pca40_matched__heldout_inDrop2__s0,pancreas,unintegrated_pca_matched,unintegrated_baseline,0,hvg2000_pca40_matched__heldout_inDrop2,embed,e2a37e0ed63dc34b60aa535cc656400552af757a,0.23087305247349957,computed,0.5832136496901512,computed,0.8415899841711568,computed,0.637906465582522,computed,0.7746263693166986,computed,0.9999999999999991,computed,0.36811106679352457,computed,0.8481459731588649,computed,,not_applicable,0.07044947078705821,computed,0.109375,computed,0.4959421493113041,computed,0.00777315986735283,computed,,not_applicable,,,,heldout_inDrop2,inDrop2
unintegrated_and_refmap_baselines,18,unintegrated_matched__pancreas__hvg2000_pca40_matched__heldout_inDrop3__s0,pancreas,unintegrated_pca_matched,unintegrated_baseline,0,hvg2000_pca40_matched__heldout_inDrop3,embed,e2a37e0ed63dc34b60aa535cc656400552af757a,0.25991930273705816,computed,0.5872439667582512,computed,0.8459463178830279,computed,0.6496013218199704,computed,0.7822986249322741,computed,0.9980431706397077,computed,0.3674103595181857,computed,0.8339381363835991,computed,,not_applicable,0.119524285028761,computed,0.10769230769230768,computed,0.4959421493113041,computed,0.006163393355501978,computed,,not_applicable,,,,heldout_inDrop3,inDrop3
unintegrated_and_refmap_baselines,19,unintegrated_matched__pancreas__hvg2000_pca40_matched__random_seed_40__s0,pancreas,unintegrated_pca_matched,unintegrated_baseline,0,hvg2000_pca40_matched__random_seed_40,embed,e2a37e0ed63dc34b60aa535cc656400552af757a,0.2386649460135493,computed,0.5815478935837746,computed,0.8393456926501066,computed,0.6425673989458932,computed,0.7706385917279559,computed,0.9990480560795898,computed,0.3704362128345513,computed,0.7977506851480184,computed,,not_applicable,0.06645929848174559,computed,0.109375,computed,0.49594214651733637,computed,0.00953181871137554,computed,,not_applicable,40.0,,,random_seed_40,
unintegrated_and_refmap_baselines,20,unintegrated_matched__pancreas__hvg2000_pca40_matched__random_seed_41__s0,pancreas,unintegrated_pca_matched,unintegrated_baseline,0,hvg2000_pca40_matched__random_seed_41,embed,e2a37e0ed63dc34b60aa535cc656400552af757a,0.23469578294528334,computed,0.5823996439576149,computed,0.8385491425902428,computed,0.6395473751162778,computed,0.7660126267940298,computed,0.9979521160344866,computed,0.3715333515267084,computed,0.8453938855353247,computed,,not_applicable,0.06286915211057931,computed,0.10852713178294575,computed,0.49594215024262667,computed,0.006581870605152473,computed,,not_applicable,41.0,,,random_seed_41,
unintegrated_and_refmap_baselines,21,unintegrated_matched__pancreas__hvg2000_pca40_matched__random_seed_42__s0,pancreas,unintegrated_pca_matched,unintegrated_baseline,0,hvg2000_pca40_matched__random_seed_42,embed,e2a37e0ed63dc34b60aa535cc656400552af757a,0.24278674647189805,computed,0.5823970139026642,computed,0.8403386022481651,computed,0.6462553768400642,computed,0.7682491098631737,computed,0.9976050320619791,computed,0.36929573589825304,computed,0.8052403204739674,computed,,not_applicable,0.06840066318762417,computed,0.11023622047244094,computed,0.4959421483799815,computed,0.008888890944478645,computed,,not_applicable,42.0,,,random_seed_42,
unintegrated_and_refmap_baselines,22,unintegrated_matched__pancreas__hvg2000_pca40_matched__random_seed_43__s0,pancreas,unintegrated_pca_matched,unintegrated_baseline,0,hvg2000_pca40_matched__random_seed_43,embed,e2a37e0ed63dc34b60aa535cc656400552af757a,0.24656883703863247,computed,0.5822587460279465,computed,0.840776701568114,computed,0.6473783579386571,computed,0.768994682866434,computed,0.9981270622175185,computed,0.3690126410915801,computed,0.7648927717067612,computed,,not_applicable,0.05755091015824543,computed,0.11382113821138212,computed,0.4959421493113041,computed,0.007191463921768504,computed,,not_applicable,43.0,,,random_seed_43,
unintegrated_and_refmap_baselines,23,unintegrated_matched__pancreas__hvg2000_pca40_matched__random_seed_44__s0,pancreas,unintegrated_pca_matched,unintegrated_baseline,0,hvg2000_pca40_matched__random_seed_44,embed,e2a37e0ed63dc34b60aa535cc656400552af757a,0.2300540954173324,computed,0.5820604413747787,computed,0.8390142754482408,computed,0.639374448939846,computed,0.7672521556164477,computed,0.9982589143349303,computed,0.3688174557024786,computed,0.8395917673703645,computed,,not_applicable,0.05316876256130887,computed,0.1111111111111111,computed,0.4959421483799815,computed,0.01051227317110992,computed,,not_applicable,44.0,,,random_seed_44,
unintegrated_and_refmap_baselines,24,unintegrated_matched__simulation_1__hvg2000_pca40_matched__heldout_Batch1__s0,simulation_1,unintegrated_pca_matched,unintegrated_baseline,0,hvg2000_pca40_matched__heldout_Batch1,embed,e2a37e0ed63dc34b60aa535cc656400552af757a,0.30503403681133007,computed,0.6322592496871948,computed,0.8103413716335061,computed,0.6918539905578505,computed,0.6854008601825763,computed,1.0,computed,,not_applicable,0.8767151777238391,computed,,not_applicable,0.008309447304556628,computed,0.6881028938906754,computed,0.530820719897747,computed,0.021361153529872334,computed,,not_applicable,,,,heldout_Batch1,Batch1
unintegrated_and_refmap_baselines,25,unintegrated_matched__simulation_1__hvg2000_pca40_matched__heldout_Batch3__s0,simulation_1,unintegrated_pca_matched,unintegrated_baseline,0,hvg2000_pca40_matched__heldout_Batch3,embed,e2a37e0ed63dc34b60aa535cc656400552af757a,0.31592041786280184,computed,0.6289565414190292,computed,0.8131497363079248,computed,0.6975608284121803,computed,0.6826084242632429,computed,1.0,computed,,not_applicable,0.7318472647001117,computed,,not_applicable,0.013931610509994252,computed,0.6881028938906754,computed,0.530820719897747,computed,0.11265510871189155,computed,,not_applicable,,,,heldout_Batch3,Batch3
unintegrated_and_refmap_baselines,26,unintegrated_matched__simulation_1__hvg2000_pca40_matched__heldout_Batch6__s0,simulation_1,unintegrated_pca_matched,unintegrated_baseline,0,hvg2000_pca40_matched__heldout_Batch6,embed,e2a37e0ed63dc34b60aa535cc656400552af757a,0.2949292327467676,computed,0.6307343542575836,computed,0.7942600680634077,computed,0.6844670669110838,computed,0.6819771254245571,computed,1.0,computed,,not_applicable,0.5970705519857843,computed,,not_applicable,2.220446049250313e-16,computed,0.6881028938906754,computed,0.530820719897747,computed,1.4981133569014204e-05,computed,,not_applicable,,,,heldout_Batch6,Batch6
unintegrated_and_refmap_baselines,27,unintegrated_matched__simulation_1__hvg2000_pca40_matched__random_seed_40__s0,simulation_1,unintegrated_pca_matched,unintegrated_baseline,0,hvg2000_pca40_matched__random_seed_40,embed,e2a37e0ed63dc34b60aa535cc656400552af757a,0.2949580106978939,computed,0.6182880997657776,computed,0.7036843800332996,computed,0.6844835216177003,computed,0.6412379870064073,computed,1.0,computed,,not_applicable,0.30713961601996337,computed,,not_applicable,0.0,computed,0.6881028938906754,computed,0.5308207180351019,computed,0.08440303605099808,computed,,not_applicable,40.0,,,random_seed_40,
unintegrated_and_refmap_baselines,28,unintegrated_matched__simulation_1__hvg2000_pca40_matched__random_seed_41__s0,simulation_1,unintegrated_pca_matched,unintegrated_baseline,0,hvg2000_pca40_matched__random_seed_41,embed,e2a37e0ed63dc34b60aa535cc656400552af757a,0.2949580106978939,computed,0.6185964867472649,computed,0.7062114683657323,computed,0.6844835216177003,computed,0.647802530806065,computed,1.0,computed,,not_applicable,0.35120993045422927,computed,,not_applicable,0.0,computed,0.6881028938906754,computed,0.530820719897747,computed,0.08907350662093616,computed,,not_applicable,41.0,,,random_seed_41,
unintegrated_and_refmap_baselines,29,unintegrated_matched__simulation_1__hvg2000_pca40_matched__random_seed_42__s0,simulation_1,unintegrated_pca_matched,unintegrated_baseline,0,hvg2000_pca40_matched__random_seed_42,embed,e2a37e0ed63dc34b60aa535cc656400552af757a,0.2949580106978939,computed,0.6190681532025337,computed,0.7043687010942177,computed,0.6844835216177003,computed,0.6435654290039658,computed,1.0,computed,,not_applicable,0.30697353186715104,computed,,not_applicable,0.0,computed,0.6881028938906754,computed,0.530820719897747,computed,0.08279123719828207,computed,,not_applicable,42.0,,,random_seed_42,
unintegrated_and_refmap_baselines,30,unintegrated_matched__simulation_1__hvg2000_pca40_matched__random_seed_43__s0,simulation_1,unintegrated_pca_matched,unintegrated_baseline,0,hvg2000_pca40_matched__random_seed_43,embed,e2a37e0ed63dc34b60aa535cc656400552af757a,0.2949580106978939,computed,0.6187570542097092,computed,0.7032992227605105,computed,0.6844835216177003,computed,0.636880721277573,computed,1.0,computed,,not_applicable,0.3828019086666581,computed,,not_applicable,0.0,computed,0.6881028938906754,computed,0.530820719897747,computed,0.10976430689775374,computed,,not_applicable,43.0,,,random_seed_43,
unintegrated_and_refmap_baselines,31,unintegrated_matched__simulation_1__hvg2000_pca40_matched__random_seed_44__s0,simulation_1,unintegrated_pca_matched,unintegrated_baseline,0,hvg2000_pca40_matched__random_seed_44,embed,e2a37e0ed63dc34b60aa535cc656400552af757a,0.2949580106978939,computed,0.6175909042358398,computed,0.7062532405590305,computed,0.6844835216177003,computed,0.6442747380573514,computed,1.0,computed,,not_applicable,0.29914649378960095,computed,,not_applicable,0.0,computed,0.6881028938906754,computed,0.530820719897747,computed,0.08811103296722145,computed,,not_applicable,44.0,,,random_seed_44,
unintegrated_and_refmap_baselines,32,unintegrated_matched__simulation_2__hvg2000_pca40_matched__heldout_Batch1Sub3__s0,simulation_2,unintegrated_pca_matched,unintegrated_baseline,0,hvg2000_pca40_matched__heldout_Batch1Sub3,embed,e2a37e0ed63dc34b60aa535cc656400552af757a,0.2478316363283613,computed,0.5833562836050987,computed,0.548274714545793,computed,0.6037859060672498,computed,0.11802045167802357,computed,1.0,computed,,not_applicable,0.24837023803897523,computed,,not_applicable,0.0,computed,0.46249800095953947,computed,0.5326087325811386,computed,9.753975405146775e-12,computed,,not_applicable,,,,heldout_Batch1Sub3,Batch1Sub3
unintegrated_and_refmap_baselines,33,unintegrated_matched__simulation_2__hvg2000_pca40_matched__heldout_Batch3Sub1__s0,simulation_2,unintegrated_pca_matched,unintegrated_baseline,0,hvg2000_pca40_matched__heldout_Batch3Sub1,embed,e2a37e0ed63dc34b60aa535cc656400552af757a,0.2477215830065117,computed,0.5775220915675163,computed,0.5382320112367145,computed,0.6037514141770228,computed,0.14957773433357827,computed,1.0,computed,,not_applicable,0.24837023803897523,computed,,not_applicable,0.0,computed,0.46249800095953947,computed,0.5326087363064289,computed,8.881784197001252e-16,computed,,not_applicable,,,,heldout_Batch3Sub1,Batch3Sub1
unintegrated_and_refmap_baselines,34,unintegrated_matched__simulation_2__hvg2000_pca40_matched__heldout_Batch3Sub4__s0,simulation_2,unintegrated_pca_matched,unintegrated_baseline,0,hvg2000_pca40_matched__heldout_Batch3Sub4,embed,e2a37e0ed63dc34b60aa535cc656400552af757a,0.24767681760049481,computed,0.5860595479607582,computed,0.5451915822493782,computed,0.6037212504494054,computed,0.11300568836408624,computed,1.0,computed,,not_applicable,0.24837023803897523,computed,,not_applicable,0.0,computed,0.46249800095953947,computed,0.5326087363064289,computed,9.370393350138784e-12,computed,,not_applicable,,,,heldout_Batch3Sub4,Batch3Sub4
unintegrated_and_refmap_baselines,35,unintegrated_matched__simulation_2__hvg2000_pca40_matched__random_seed_40__s0,simulation_2,unintegrated_pca_matched,unintegrated_baseline,0,hvg2000_pca40_matched__random_seed_40,embed,e2a37e0ed63dc34b60aa535cc656400552af757a,0.24768971534514914,computed,0.5811854302883148,computed,0.5276385106007148,computed,0.603725500032076,computed,0.10412890352618231,computed,1.0,computed,,not_applicable,0.24837023803897523,computed,,not_applicable,0.0,computed,0.46249800095953947,computed,0.5326087363064289,computed,0.0,computed,,not_applicable,40.0,,,random_seed_40,
unintegrated_and_refmap_baselines,36,unintegrated_matched__simulation_2__hvg2000_pca40_matched__random_seed_41__s0,simulation_2,unintegrated_pca_matched,unintegrated_baseline,0,hvg2000_pca40_matched__random_seed_41,embed,e2a37e0ed63dc34b60aa535cc656400552af757a,0.24768796878260585,computed,0.5805531591176987,computed,0.5312244749916663,computed,0.6037250129808577,computed,0.10068122387340016,computed,1.0,computed,,not_applicable,0.24837023803897523,computed,,not_applicable,0.0,computed,0.46249800095953947,computed,0.5326087363064289,computed,6.661338147750939e-16,computed,,not_applicable,41.0,,,random_seed_41,
unintegrated_and_refmap_baselines,37,unintegrated_matched__simulation_2__hvg2000_pca40_matched__random_seed_42__s0,simulation_2,unintegrated_pca_matched,unintegrated_baseline,0,hvg2000_pca40_matched__random_seed_42,embed,e2a37e0ed63dc34b60aa535cc656400552af757a,0.24769602982208475,computed,0.5828567296266556,computed,0.5261892678050384,computed,0.6037282110258148,computed,0.10572867165518743,computed,1.0,computed,,not_applicable,0.22330262830317327,computed,,not_applicable,0.0,computed,0.46249800095953947,computed,0.5326087363064289,computed,0.0,computed,,not_applicable,42.0,,,random_seed_42,
unintegrated_and_refmap_baselines,38,unintegrated_matched__simulation_2__hvg2000_pca40_matched__random_seed_43__s0,simulation_2,unintegrated_pca_matched,unintegrated_baseline,0,hvg2000_pca40_matched__random_seed_43,embed,e2a37e0ed63dc34b60aa535cc656400552af757a,0.24765575102539933,computed,0.5822118744254112,computed,0.5284814874502405,computed,0.6037134433102725,computed,0.10176635152231482,computed,1.0,computed,,not_applicable,0.22330262830317327,computed,,not_applicable,0.0,computed,0.46249800095953947,computed,0.5326087363064289,computed,0.0,computed,,not_applicable,43.0,,,random_seed_43,
unintegrated_and_refmap_baselines,39,unintegrated_matched__simulation_2__hvg2000_pca40_matched__random_seed_44__s0,simulation_2,unintegrated_pca_matched,unintegrated_baseline,0,hvg2000_pca40_matched__random_seed_44,embed,e2a37e0ed63dc34b60aa535cc656400552af757a,0.24769600295203123,computed,0.5801492929458618,computed,0.5270173323196287,computed,0.6037282015263423,computed,0.10556110950792004,computed,1.0,computed,,not_applicable,0.22330262830317327,computed,,not_applicable,0.0,computed,0.46249800095953947,computed,0.5326087363064289,computed,0.0,computed,,not_applicable,44.0,,,random_seed_44,
unintegrated_and_refmap_baselines,100,heldout_refmap__pancreas__hvg2000_pca40__scvi_reference_mapping__heldout_fluidigmc1,pancreas,scvi_reference_mapping,heldout_refmap,0,hvg2000_pca40,embed,e2a37e0ed63dc34b60aa535cc656400552af757a,0.31252621645360984,computed,0.6083425655961037,computed,0.8673856990313654,computed,0.6862177979458324,computed,0.9087128435803542,computed,0.9983835259885718,computed,0.400643117509367,computed,0.9220660924061921,computed,,not_applicable,1.8099863071042046,computed,0.08974358974358974,computed,0.4959421493113041,computed,0.009614511143720805,computed,,not_applicable,,0.0,,heldout_fluidigmc1,fluidigmc1
unintegrated_and_refmap_baselines,101,heldout_refmap__pancreas__hvg2000_pca40__scanvi_reference_mapping__heldout_fluidigmc1,pancreas,scanvi_reference_mapping,heldout_refmap,0,hvg2000_pca40,embed,e2a37e0ed63dc34b60aa535cc656400552af757a,0.35274516885042406,computed,0.6695307940244675,computed,0.8620894875721784,computed,0.7188483050096482,computed,0.9213221387888779,computed,0.9999999999999998,computed,0.41205686743210346,computed,0.9943086653613851,computed,,not_applicable,1.9965829399758555,computed,0.09655172413793105,computed,0.4959421493113041,computed,0.010651817346717718,computed,,not_applicable,,0.0,,heldout_fluidigmc1,fluidigmc1
unintegrated_and_refmap_baselines,102,heldout_refmap__pancreas__hvg2000_pca40__scvi_reference_mapping__heldout_inDrop2,pancreas,scvi_reference_mapping,heldout_refmap,0,hvg2000_pca40,embed,e2a37e0ed63dc34b60aa535cc656400552af757a,0.32079556631682604,computed,0.6099740117788315,computed,0.8558790338857355,computed,0.688866348002623,computed,0.9169398452256393,computed,0.9977041592651184,computed,0.4563193701812271,computed,0.9916250345525538,computed,,not_applicable,1.768701976393643,computed,0.0875,computed,0.4959421493113041,computed,0.0052277737957251436,computed,,not_applicable,,0.0,,heldout_inDrop2,inDrop2
unintegrated_and_refmap_baselines,103,heldout_refmap__pancreas__hvg2000_pca40__scanvi_reference_mapping__heldout_inDrop2,pancreas,scanvi_reference_mapping,heldout_refmap,0,hvg2000_pca40,embed,e2a37e0ed63dc34b60aa535cc656400552af757a,0.36951366441203864,computed,0.6737322062253952,computed,0.8490702145734733,computed,0.7250744744087884,computed,0.9184990024953903,computed,0.9999999999999998,computed,0.4213331527345272,computed,0.9198549955507709,computed,,not_applicable,1.9226833699494126,computed,0.09589041095890412,computed,0.4959421493113041,computed,0.0030273660968018756,computed,,not_applicable,,0.0,,heldout_inDrop2,inDrop2
unintegrated_and_refmap_baselines,104,heldout_refmap__pancreas__hvg2000_pca40__scvi_reference_mapping__heldout_inDrop3,pancreas,scvi_reference_mapping,heldout_refmap,0,hvg2000_pca40,embed,e2a37e0ed63dc34b60aa535cc656400552af757a,0.3506551498307404,computed,0.6161241307854652,computed,0.8564101937084315,computed,0.7021476926682376,computed,0.8786096538891583,computed,0.997257680425832,computed,0.48157808011949044,computed,0.9230263791533563,computed,,not_applicable,1.7133479276984258,computed,0.0748663101604278,computed,0.4959421493113041,computed,0.008997948255897836,computed,,not_applicable,,0.0,,heldout_inDrop3,inDrop3
unintegrated_and_refmap_baselines,105,heldout_refmap__pancreas__hvg2000_pca40__scanvi_reference_mapping__heldout_inDrop3,pancreas,scanvi_reference_mapping,heldout_refmap,0,hvg2000_pca40,embed,e2a37e0ed63dc34b60aa535cc656400552af757a,0.32549600121499017,computed,0.6788723766803741,computed,0.8498400816901092,computed,0.7043548299520801,computed,0.895812319502999,computed,0.9999999999999998,computed,0.41498387296442185,computed,0.9262919482998183,computed,,not_applicable,1.7337213476633604,computed,0.09722222222222222,computed,0.4959421493113041,computed,0.00497243234191358,computed,,not_applicable,,0.0,,heldout_inDrop3,inDrop3
unintegrated_and_refmap_baselines,106,heldout_refmap__immune_cell_human__hvg2000_pca40__scvi_reference_mapping__heldout_10X,immune_cell_human,scvi_reference_mapping,heldout_refmap,0,hvg2000_pca40,embed,e2a37e0ed63dc34b60aa535cc656400552af757a,0.3075298733142805,computed,0.5850525125861168,computed,0.8732340639927256,computed,0.6716023642547565,computed,0.7244273775347022,computed,0.9447522276481806,computed,0.5803241135861092,computed,0.9784774847694706,computed,,not_applicable,1.9559263302701542,computed,0.7903558510580269,computed,0.4930989337153733,computed,0.018394077023878408,computed,0.8489509927197434,computed,,0.0,,heldout_10X,10X
unintegrated_and_refmap_baselines,107,heldout_refmap__immune_cell_human__hvg2000_pca40__scanvi_reference_mapping__heldout_10X,immune_cell_human,scanvi_reference_mapping,heldout_refmap,0,hvg2000_pca40,embed,e2a37e0ed63dc34b60aa535cc656400552af757a,0.3340227446599526,computed,0.6502031981945038,computed,0.8749885791841288,computed,0.7327940250077805,computed,0.7758153141611035,computed,0.9999999999999996,computed,0.6802026663603349,computed,0.995879382958233,computed,,not_applicable,1.8587637239416077,computed,0.7751011363913898,computed,0.4930989337153733,computed,0.015424966296240017,computed,0.8644336943437032,computed,,0.0,,heldout_10X,10X
unintegrated_and_refmap_baselines,108,heldout_refmap__immune_cell_human__hvg2000_pca40__scvi_reference_mapping__heldout_Oetjen_A,immune_cell_human,scvi_reference_mapping,heldout_refmap,0,hvg2000_pca40,embed,e2a37e0ed63dc34b60aa535cc656400552af757a,0.3289790292066137,computed,0.5694894418120384,computed,0.8785613906462701,computed,0.678505690058864,computed,0.8400085189752786,computed,0.9336978595645296,computed,0.5689267374753363,computed,0.9867357035520713,computed,,not_applicable,2.1358521467254863,computed,0.7968715913886242,computed,0.4930989337153733,computed,0.028593180538247998,computed,0.8471575528732826,computed,,0.0,,heldout_Oetjen_A,Oetjen_A
unintegrated_and_refmap_baselines,109,heldout_refmap__immune_cell_human__hvg2000_pca40__scanvi_reference_mapping__heldout_Oetjen_A,immune_cell_human,scanvi_reference_mapping,heldout_refmap,0,hvg2000_pca40,embed,e2a37e0ed63dc34b60aa535cc656400552af757a,0.36780757516607576,computed,0.6415021121501923,computed,0.8644683749739608,computed,0.7488237180894143,computed,0.7597232953701171,computed,0.9999999999999996,computed,0.6632757074774986,computed,0.9952072689358958,computed,,not_applicable,2.0868967116470833,computed,0.8313205306828088,computed,0.4930989337153733,computed,0.02331707366844349,computed,0.8642329641974318,computed,,0.0,,heldout_Oetjen_A,Oetjen_A
unintegrated_and_refmap_baselines,110,heldout_refmap__immune_cell_human__hvg2000_pca40__scvi_reference_mapping__heldout_Villani,immune_cell_human,scvi_reference_mapping,heldout_refmap,0,hvg2000_pca40,embed,e2a37e0ed63dc34b60aa535cc656400552af757a,0.35108583309382496,computed,0.5530960001051426,computed,0.9037342778902717,computed,0.6890996735677384,computed,0.8394428968028758,computed,0.9268944334924409,computed,0.4766581282653961,computed,0.9865922606950615,computed,,not_applicable,2.5338596135289864,computed,0.789149168946707,computed,0.4930989337153733,computed,0.02265467209592964,computed,0.8613261424240443,computed,,0.0,,heldout_Villani,Villani
unintegrated_and_refmap_baselines,111,heldout_refmap__immune_cell_human__hvg2000_pca40__scanvi_reference_mapping__heldout_Villani,immune_cell_human,scanvi_reference_mapping,heldout_refmap,0,hvg2000_pca40,embed,e2a37e0ed63dc34b60aa535cc656400552af757a,0.39690857046193,computed,0.6245893910527229,computed,0.8828686994532545,computed,0.7659650024644101,computed,0.7375445624168425,computed,0.9999999999999998,computed,0.6407981983658577,computed,0.9850253186256887,computed,,not_applicable,2.3453072531660664,computed,0.8462410375409737,computed,0.4930989337153733,computed,0.014636096120791642,computed,0.8439822925098522,computed,,0.0,,heldout_Villani,Villani
unintegrated_and_refmap_baselines,112,heldout_refmap__lung_atlas__hvg2000_pca40__scvi_reference_mapping__heldout_3,lung_atlas,scvi_reference_mapping,heldout_refmap,0,hvg2000_pca40,embed,e2a37e0ed63dc34b60aa535cc656400552af757a,0.44449037018979376,computed,0.5476973652839661,computed,0.8913657127713189,computed,0.6703079462229999,computed,0.9256732199308189,computed,0.791398878189232,computed,0.5349547612464207,computed,0.6273961532912464,computed,,not_applicable,2.3658481007319105,computed,0.8390677025527191,computed,0.5135470889508724,computed,0.015615167356006543,computed,,not_applicable,,0.0,,heldout_3,3
unintegrated_and_refmap_baselines,113,heldout_refmap__lung_atlas__hvg2000_pca40__scanvi_reference_mapping__heldout_3,lung_atlas,scanvi_reference_mapping,heldout_refmap,0,hvg2000_pca40,embed,e2a37e0ed63dc34b60aa535cc656400552af757a,0.5496498744741195,computed,0.6500547379255295,computed,0.8770281090555524,computed,0.8284215009426844,computed,0.8683228661573339,computed,0.9999999999999996,computed,0.729927515178612,computed,0.8196324355890422,computed,,not_applicable,1.8174296540108492,computed,0.9845788849347568,computed,0.5135470889508724,computed,0.0041628698736717595,computed,,not_applicable,,0.0,,heldout_3,3
unintegrated_and_refmap_baselines,114,heldout_refmap__lung_atlas__hvg2000_pca40__scvi_reference_mapping__heldout_B1,lung_atlas,scvi_reference_mapping,heldout_refmap,0,hvg2000_pca40,embed,e2a37e0ed63dc34b60aa535cc656400552af757a,0.4154095811190045,computed,0.5452638529241085,computed,0.895133193779283,computed,0.669122411888194,computed,0.9250683388975983,computed,0.7938738287719329,computed,0.6194464283773509,computed,0.510994609719225,computed,,not_applicable,2.384953912527739,computed,0.7760891590678823,computed,0.5135470889508724,computed,0.008402993657685154,computed,,not_applicable,,0.0,,heldout_B1,B1
unintegrated_and_refmap_baselines,115,heldout_refmap__lung_atlas__hvg2000_pca40__scanvi_reference_mapping__heldout_B1,lung_atlas,scanvi_reference_mapping,heldout_refmap,0,hvg2000_pca40,embed,e2a37e0ed63dc34b60aa535cc656400552af757a,0.45534158273075515,computed,0.6533774882555008,computed,0.8825145681099466,computed,0.8015915584428931,computed,0.8258136789187179,computed,0.9999999999999996,computed,0.7257767836320375,computed,0.8103857722756466,computed,,not_applicable,1.789604951811616,computed,0.9669811320754716,computed,0.5135470889508724,computed,0.003481898820551943,computed,,not_applicable,,0.0,,heldout_B1,B1
unintegrated_and_refmap_baselines,116,heldout_refmap__lung_atlas__hvg2000_pca40__scvi_reference_mapping__heldout_4,lung_atlas,scvi_reference_mapping,heldout_refmap,0,hvg2000_pca40,embed,e2a37e0ed63dc34b60aa535cc656400552af757a,0.40708750564345475,computed,0.5549557842314243,computed,0.8883130095909264,computed,0.6721660569860707,computed,0.8889901583185943,computed,0.8369994767207223,computed,0.6206897090110932,computed,0.6859711841243585,computed,,not_applicable,2.3086055766515514,computed,0.8356164383561644,computed,0.5135470889508724,computed,0.009873893971806269,computed,,not_applicable,,0.0,,heldout_4,4
unintegrated_and_refmap_baselines,117,heldout_refmap__lung_atlas__hvg2000_pca40__scanvi_reference_mapping__heldout_4,lung_atlas,scanvi_reference_mapping,heldout_refmap,0,hvg2000_pca40,embed,e2a37e0ed63dc34b60aa535cc656400552af757a,0.49894216941702974,computed,0.6602165848016739,computed,0.8773831730254193,computed,0.8113935299205193,computed,0.8341043886002173,computed,0.9999999999999996,computed,0.6632115361873305,computed,0.987768139836408,computed,,not_applicable,1.7485359219065697,computed,0.9833729216152018,computed,0.5135470889508724,computed,0.006695348020209657,computed,,not_applicable,,0.0,,heldout_4,4
unintegrated_and_refmap_baselines,118,heldout_refmap__simulation_1__hvg2000_pca40__scvi_reference_mapping__heldout_Batch6,simulation_1,scvi_reference_mapping,heldout_refmap,0,hvg2000_pca40,embed,e2a37e0ed63dc34b60aa535cc656400552af757a,0.46719734857586187,computed,0.70071180164814,computed,0.9222832411312992,computed,0.7809209333751175,computed,0.9500076405779376,computed,1.0,computed,,not_applicable,1.0,computed,,not_applicable,2.2982744371763157,computed,1.0,computed,0.530820719897747,computed,0.009679294009127704,computed,,not_applicable,,0.0,,heldout_Batch6,Batch6
unintegrated_and_refmap_baselines,119,heldout_refmap__simulation_1__hvg2000_pca40__scanvi_reference_mapping__heldout_Batch6,simulation_1,scanvi_reference_mapping,heldout_refmap,0,hvg2000_pca40,embed,e2a37e0ed63dc34b60aa535cc656400552af757a,0.45904595535230097,computed,0.8301424384117126,computed,0.9182556693582858,computed,0.7779510218260447,computed,0.9335681324776152,computed,1.0,computed,,not_applicable,1.0,computed,,not_applicable,2.312861082605372,computed,1.0,computed,0.530820719897747,computed,0.016475284682067937,computed,,not_applicable,,0.0,,heldout_Batch6,Batch6
unintegrated_and_refmap_baselines,120,heldout_refmap__simulation_1__hvg2000_pca40__scvi_reference_mapping__heldout_Batch3,simulation_1,scvi_reference_mapping,heldout_refmap,0,hvg2000_pca40,embed,e2a37e0ed63dc34b60aa535cc656400552af757a,0.3935255341249832,computed,0.7607587277889252,computed,0.8656709222632613,computed,0.7431703045200574,computed,0.7435812185751837,computed,1.0,computed,,not_applicable,1.0,computed,,not_applicable,0.9102621818932433,computed,1.0,computed,0.530820719897747,computed,0.0037410660249266314,computed,,not_applicable,,0.0,,heldout_Batch3,Batch3
unintegrated_and_refmap_baselines,121,heldout_refmap__simulation_1__hvg2000_pca40__scanvi_reference_mapping__heldout_Batch3,simulation_1,scanvi_reference_mapping,heldout_refmap,0,hvg2000_pca40,embed,e2a37e0ed63dc34b60aa535cc656400552af757a,0.4287907456545994,computed,0.8506979942321777,computed,0.8778456191253952,computed,0.7587273409488754,computed,0.857341967775069,computed,1.0,computed,,not_applicable,1.0,computed,,not_applicable,1.1189731423573006,computed,1.0,computed,0.530820719897747,computed,0.0010243199128806557,computed,,not_applicable,,0.0,,heldout_Batch3,Batch3
unintegrated_and_refmap_baselines,122,heldout_refmap__simulation_1__hvg2000_pca40__scvi_reference_mapping__heldout_Batch1,simulation_1,scvi_reference_mapping,heldout_refmap,0,hvg2000_pca40,embed,e2a37e0ed63dc34b60aa535cc656400552af757a,0.4266350101026498,computed,0.7567354738712311,computed,0.8481594827985752,computed,0.7603587124444425,computed,0.7615991236670174,computed,1.0,computed,,not_applicable,1.0,computed,,not_applicable,0.6838077332388983,computed,1.0,computed,0.530820719897747,computed,0.004025706107228411,computed,,not_applicable,,0.0,,heldout_Batch1,Batch1
unintegrated_and_refmap_baselines,123,heldout_refmap__simulation_1__hvg2000_pca40__scanvi_reference_mapping__heldout_Batch1,simulation_1,scanvi_reference_mapping,heldout_refmap,0,hvg2000_pca40,embed,e2a37e0ed63dc34b60aa535cc656400552af757a,0.40186412706584235,computed,0.8303166627883911,computed,0.8636479375922216,computed,0.7492137920591453,computed,0.7987368695983926,computed,1.0,computed,,not_applicable,1.0,computed,,not_applicable,0.914662573228221,computed,1.0,computed,0.530820719897747,computed,0.003622000325855246,computed,,not_applicable,,0.0,,heldout_Batch1,Batch1
unintegrated_and_refmap_baselines,124,heldout_refmap__simulation_2__hvg2000_pca40__scvi_reference_mapping__heldout_Batch3Sub4,simulation_2,scvi_reference_mapping,heldout_refmap,0,hvg2000_pca40,embed,e2a37e0ed63dc34b60aa535cc656400552af757a,0.21616044316229932,computed,0.5447876788675785,computed,0.928140740604749,computed,0.4511059051558841,computed,0.815476778850963,computed,0.8309732709740953,computed,,not_applicable,0.999313583058453,computed,,not_applicable,1.858908121117668,computed,0.40968814310590473,computed,0.5326087363064289,computed,0.0014528435406073736,computed,,not_applicable,,0.0,,heldout_Batch3Sub4,Batch3Sub4
unintegrated_and_refmap_baselines,125,heldout_refmap__simulation_2__hvg2000_pca40__scanvi_reference_mapping__heldout_Batch3Sub4,simulation_2,scanvi_reference_mapping,heldout_refmap,0,hvg2000_pca40,embed,e2a37e0ed63dc34b60aa535cc656400552af757a,0.2438912404150389,computed,0.6675190329551697,computed,0.929174741481976,computed,0.6087373987113285,computed,0.788276242997958,computed,1.0,computed,,not_applicable,1.0,computed,,not_applicable,1.9042190258352174,computed,0.3621805792163543,computed,0.5326087363064289,computed,9.098325314038647e-05,computed,,not_applicable,,0.0,,heldout_Batch3Sub4,Batch3Sub4
unintegrated_and_refmap_baselines,126,heldout_refmap__simulation_2__hvg2000_pca40__scvi_reference_mapping__heldout_Batch1Sub3,simulation_2,scvi_reference_mapping,heldout_refmap,0,hvg2000_pca40,embed,e2a37e0ed63dc34b60aa535cc656400552af757a,0.19050054466682761,computed,0.5571633577346802,computed,0.9091641323214897,computed,0.4305737238254209,computed,0.8645688790306344,computed,0.824317165812473,computed,,not_applicable,0.9983593472307594,computed,,not_applicable,2.3827328273407606,computed,0.3648272474209923,computed,0.5326087363064289,computed,0.005472007341787211,computed,,not_applicable,,0.0,,heldout_Batch1Sub3,Batch1Sub3
unintegrated_and_refmap_baselines,127,heldout_refmap__simulation_2__hvg2000_pca40__scanvi_reference_mapping__heldout_Batch1Sub3,simulation_2,scanvi_reference_mapping,heldout_refmap,0,hvg2000_pca40,embed,e2a37e0ed63dc34b60aa535cc656400552af757a,0.3188830394841048,computed,0.686062753200531,computed,0.8954707765351599,computed,0.644370348777714,computed,0.7407354135369942,computed,1.0,computed,,not_applicable,1.0,computed,,not_applicable,2.004770475987395,computed,0.4501047880058037,computed,0.5326087363064289,computed,0.0006605781745379069,computed,,not_applicable,,0.0,,heldout_Batch1Sub3,Batch1Sub3
unintegrated_and_refmap_baselines,128,heldout_refmap__simulation_2__hvg2000_pca40__scvi_reference_mapping__heldout_Batch3Sub1,simulation_2,scvi_reference_mapping,heldout_refmap,0,hvg2000_pca40,embed,e2a37e0ed63dc34b60aa535cc656400552af757a,0.25246597705374063,computed,0.5491979718208313,computed,0.9105676471530749,computed,0.48142338631529885,computed,0.7944081683593152,computed,0.8535748903618523,computed,,not_applicable,0.9989630459053589,computed,,not_applicable,1.8742029340440638,computed,0.4538077403245943,computed,0.5326087363064289,computed,0.0004612500858565127,computed,,not_applicable,,0.0,,heldout_Batch3Sub1,Batch3Sub1
unintegrated_and_refmap_baselines,129,heldout_refmap__simulation_2__hvg2000_pca40__scanvi_reference_mapping__heldout_Batch3Sub1,simulation_2,scanvi_reference_mapping,heldout_refmap,0,hvg2000_pca40,embed,e2a37e0ed63dc34b60aa535cc656400552af757a,0.30255620199265193,computed,0.666893258690834,computed,0.8875416661982576,computed,0.644123990659263,computed,0.7348517205432252,computed,1.0,computed,,not_applicable,1.0,computed,,not_applicable,1.9529418267228182,computed,0.4431854969245711,computed,0.5326087363064289,computed,0.004253317552499469,computed,,not_applicable,,0.0,,heldout_Batch3Sub1,Batch3Sub1
unintegrated_and_refmap_baselines,200,heldout_refmap_seeded__pancreas__hvg2000_pca40__frozen_reference_scvi__heldout_fluidigmc1__s40,pancreas,frozen_reference_scvi,heldout_refmap_seeded,40,hvg2000_pca40,embed,e2a37e0ed63dc34b60aa535cc656400552af757a,0.31015997572055004,computed,0.6062203496694565,computed,0.8650680347982869,computed,0.6759670563396735,computed,0.8990690909293773,computed,0.9965085442602117,computed,0.44620106941834187,computed,0.9855641513711141,computed,,not_applicable,1.7994711238367258,computed,0.08235294117647059,computed,0.4959421493113041,computed,0.01308464651025476,computed,,not_applicable,,40.0,,heldout_fluidigmc1,fluidigmc1
unintegrated_and_refmap_baselines,201,heldout_refmap_seeded__pancreas__hvg2000_pca40__frozen_reference_scvi__heldout_fluidigmc1__s41,pancreas,frozen_reference_scvi,heldout_refmap_seeded,41,hvg2000_pca40,embed,e2a37e0ed63dc34b60aa535cc656400552af757a,0.28216799531481174,computed,0.6133741289377213,computed,0.8670040080789475,computed,0.6709996042312608,computed,0.9145724198055502,computed,0.9974730153485847,computed,0.38390076796127937,computed,0.9919806162917201,computed,,not_applicable,1.9292532586612392,computed,0.089171974522293,computed,0.4959421493113041,computed,0.00841830365256413,computed,,not_applicable,,41.0,,heldout_fluidigmc1,fluidigmc1
unintegrated_and_refmap_baselines,202,heldout_refmap_seeded__pancreas__hvg2000_pca40__frozen_reference_scvi__heldout_fluidigmc1__s42,pancreas,frozen_reference_scvi,heldout_refmap_seeded,42,hvg2000_pca40,embed,e2a37e0ed63dc34b60aa535cc656400552af757a,0.31798788155142294,computed,0.6034922301769257,computed,0.8670405289504688,computed,0.6785284908660244,computed,0.9193259901609988,computed,0.9967806069891545,computed,0.44998448632997307,computed,0.9895787202284285,computed,,not_applicable,1.8750416041282474,computed,0.09032258064516129,computed,0.4959421493113041,computed,0.01071359251790771,computed,,not_applicable,,42.0,,heldout_fluidigmc1,fluidigmc1
unintegrated_and_refmap_baselines,203,heldout_refmap_seeded__pancreas__hvg2000_pca40__frozen_reference_scvi__heldout_fluidigmc1__s43,pancreas,frozen_reference_scvi,heldout_refmap_seeded,43,hvg2000_pca40,embed,e2a37e0ed63dc34b60aa535cc656400552af757a,0.2991076796853039,computed,0.6107122004032135,computed,0.8629026832869175,computed,0.6711375985339558,computed,0.9090440826392303,computed,0.9999999999999993,computed,0.4236149299423814,computed,0.9899311167453774,computed,,not_applicable,1.922974322810881,computed,0.08484848484848485,computed,0.4959421493113041,computed,0.00990267246367893,computed,,not_applicable,,43.0,,heldout_fluidigmc1,fluidigmc1
unintegrated_and_refmap_baselines,204,heldout_refmap_seeded__pancreas__hvg2000_pca40__frozen_reference_scvi__heldout_fluidigmc1__s44,pancreas,frozen_reference_scvi,heldout_refmap_seeded,44,hvg2000_pca40,embed,e2a37e0ed63dc34b60aa535cc656400552af757a,0.32507313613607813,computed,0.6121746599674225,computed,0.8600668407104335,computed,0.6895216430181409,computed,0.9112721877069985,computed,0.9999999999999996,computed,0.4499391536078002,computed,0.920324208164874,computed,,not_applicable,1.7809647157756512,computed,0.08641975308641975,computed,0.4959421493113041,computed,0.016287675954528846,computed,,not_applicable,,44.0,,heldout_fluidigmc1,fluidigmc1
unintegrated_and_refmap_baselines,205,heldout_refmap_seeded__pancreas__hvg2000_pca40__frozen_reference_scanvi__heldout_fluidigmc1__s40,pancreas,frozen_reference_scanvi,heldout_refmap_seeded,40,hvg2000_pca40,embed,e2a37e0ed63dc34b60aa535cc656400552af757a,0.33267883558776884,computed,0.6764680594205856,computed,0.8642993259386004,computed,0.7074925514956475,computed,0.918850363165495,computed,0.9999999999999998,computed,0.3877370230852964,computed,0.9961697166303549,computed,,not_applicable,1.8612441660769883,computed,0.089171974522293,computed,0.4959421493113041,computed,0.020394642124227036,computed,,not_applicable,,40.0,,heldout_fluidigmc1,fluidigmc1
unintegrated_and_refmap_baselines,206,heldout_refmap_seeded__pancreas__hvg2000_pca40__frozen_reference_scanvi__heldout_fluidigmc1__s41,pancreas,frozen_reference_scanvi,heldout_refmap_seeded,41,hvg2000_pca40,embed,e2a37e0ed63dc34b60aa535cc656400552af757a,0.3038849453220646,computed,0.6829537004232407,computed,0.8565097564911446,computed,0.70227143686006,computed,0.9215005225421314,computed,0.9999999999999998,computed,0.34118280989101823,computed,0.9945553006869249,computed,,not_applicable,1.9857813125023132,computed,0.058333333333333334,computed,0.4959421493113041,computed,0.0024938564358881754,computed,,not_applicable,,41.0,,heldout_fluidigmc1,fluidigmc1
unintegrated_and_refmap_baselines,207,heldout_refmap_seeded__pancreas__hvg2000_pca40__frozen_reference_scanvi__heldout_fluidigmc1__s42,pancreas,frozen_reference_scanvi,heldout_refmap_seeded,42,hvg2000_pca40,embed,e2a37e0ed63dc34b60aa535cc656400552af757a,0.3064947155008679,computed,0.6686879843473434,computed,0.8670260769135079,computed,0.7027477263599429,computed,0.9189902947667411,computed,0.9999999999999998,computed,0.4021363468757143,computed,0.9948240084800267,computed,,not_applicable,1.9691044410463863,computed,0.089171974522293,computed,0.4959421493113041,computed,0.005874271941390785,computed,,not_applicable,,42.0,,heldout_fluidigmc1,fluidigmc1
unintegrated_and_refmap_baselines,208,heldout_refmap_seeded__pancreas__hvg2000_pca40__frozen_reference_scanvi__heldout_fluidigmc1__s43,pancreas,frozen_reference_scanvi,heldout_refmap_seeded,43,hvg2000_pca40,embed,e2a37e0ed63dc34b60aa535cc656400552af757a,0.3541737748763522,computed,0.677951455116272,computed,0.8528232557509176,computed,0.7222051682681492,computed,0.9213739402897108,computed,0.9999999999999998,computed,0.36082950060551283,computed,0.9235841060444854,computed,,not_applicable,1.969607122509451,computed,0.0909090909090909,computed,0.4959421493113041,computed,0.008750001087672654,computed,,not_applicable,,43.0,,heldout_fluidigmc1,fluidigmc1
unintegrated_and_refmap_baselines,209,heldout_refmap_seeded__pancreas__hvg2000_pca40__frozen_reference_scanvi__heldout_fluidigmc1__s44,pancreas,frozen_reference_scanvi,heldout_refmap_seeded,44,hvg2000_pca40,embed,e2a37e0ed63dc34b60aa535cc656400552af757a,0.29533384943747054,computed,0.675066351890564,computed,0.853978294470618,computed,0.695593431703344,computed,0.9173202824280573,computed,0.9999999999999998,computed,0.3803634963159316,computed,0.9972442920983624,computed,,not_applicable,1.9401364770006073,computed,0.17721518987341772,computed,0.4959421493113041,computed,0.011096634904581792,computed,,not_applicable,,44.0,,heldout_fluidigmc1,fluidigmc1
unintegrated_and_refmap_baselines,210,heldout_refmap_seeded__pancreas__hvg2000_pca40__frozen_reference_scvi__heldout_inDrop2__s40,pancreas,frozen_reference_scvi,heldout_refmap_seeded,40,hvg2000_pca40,embed,e2a37e0ed63dc34b60aa535cc656400552af757a,0.32105112448440476,computed,0.6217536106705666,computed,0.8559816699902073,computed,0.6883160724875472,computed,0.9130662032484999,computed,0.9999999999999991,computed,0.43477590791743376,computed,0.9165162379140857,computed,,not_applicable,1.7150536384942274,computed,0.0880503144654088,computed,0.4959421493113041,computed,0.004433736962393686,computed,,not_applicable,,40.0,,heldout_inDrop2,inDrop2
unintegrated_and_refmap_baselines,211,heldout_refmap_seeded__pancreas__hvg2000_pca40__frozen_reference_scvi__heldout_inDrop2__s41,pancreas,frozen_reference_scvi,heldout_refmap_seeded,41,hvg2000_pca40,embed,e2a37e0ed63dc34b60aa535cc656400552af757a,0.2880238084978673,computed,0.6190356612205505,computed,0.8512970779710927,computed,0.6768660352178721,computed,0.9133944621575762,computed,0.9999999999999996,computed,0.4365357852757168,computed,0.9846440493196258,computed,,not_applicable,1.7513477127910457,computed,0.0909090909090909,computed,0.4959421493113041,computed,0.004687506556729781,computed,,not_applicable,,41.0,,heldout_inDrop2,inDrop2
unintegrated_and_refmap_baselines,212,heldout_refmap_seeded__pancreas__hvg2000_pca40__frozen_reference_scvi__heldout_inDrop2__s42,pancreas,frozen_reference_scvi,heldout_refmap_seeded,42,hvg2000_pca40,embed,e2a37e0ed63dc34b60aa535cc656400552af757a,0.30335444544980505,computed,0.6192037761211395,computed,0.8575415577688822,computed,0.6834259039731587,computed,0.9114778603122975,computed,0.9999999999999993,computed,0.46199738673418445,computed,0.9935504817083995,computed,,not_applicable,1.7279556689893378,computed,0.09032258064516129,computed,0.4959421493113041,computed,0.0036444843016063544,computed,,not_applicable,,42.0,,heldout_inDrop2,inDrop2
unintegrated_and_refmap_baselines,213,heldout_refmap_seeded__pancreas__hvg2000_pca40__frozen_reference_scvi__heldout_inDrop2__s43,pancreas,frozen_reference_scvi,heldout_refmap_seeded,43,hvg2000_pca40,embed,e2a37e0ed63dc34b60aa535cc656400552af757a,0.3224419982698872,computed,0.6144025474786758,computed,0.8560017079753269,computed,0.6909462111637722,computed,0.9169129433221754,computed,0.9999999999999991,computed,0.46752226815956,computed,0.9925632846695802,computed,,not_applicable,1.8628109818621743,computed,0.07526881720430108,computed,0.4959421493113041,computed,0.005796290583072516,computed,,not_applicable,,43.0,,heldout_inDrop2,inDrop2
unintegrated_and_refmap_baselines,214,heldout_refmap_seeded__pancreas__hvg2000_pca40__frozen_reference_scvi__heldout_inDrop2__s44,pancreas,frozen_reference_scvi,heldout_refmap_seeded,44,hvg2000_pca40,embed,e2a37e0ed63dc34b60aa535cc656400552af757a,0.326734953720603,computed,0.6178556978702545,computed,0.85257817164457,computed,0.6966650821504448,computed,0.9280140009318653,computed,0.9971038391513383,computed,0.5118825539365695,computed,0.991973385183323,computed,,not_applicable,1.8711178358516976,computed,0.14285714285714288,computed,0.4959421493113041,computed,0.005956468222031663,computed,,not_applicable,,44.0,,heldout_inDrop2,inDrop2
unintegrated_and_refmap_baselines,215,heldout_refmap_seeded__pancreas__hvg2000_pca40__frozen_reference_scanvi__heldout_inDrop2__s40,pancreas,frozen_reference_scanvi,heldout_refmap_seeded,40,hvg2000_pca40,embed,e2a37e0ed63dc34b60aa535cc656400552af757a,0.3430075130161547,computed,0.6748487502336502,computed,0.8518239682943118,computed,0.715377776865156,computed,0.920020667208282,computed,0.9999999999999998,computed,0.3794518495096571,computed,0.9953226520640687,computed,,not_applicable,1.8359766920395661,computed,0.0748663101604278,computed,0.4959421493113041,computed,0.00454899637738948,computed,,not_applicable,,40.0,,heldout_inDrop2,inDrop2
unintegrated_and_refmap_baselines,216,heldout_refmap_seeded__pancreas__hvg2000_pca40__frozen_reference_scanvi__heldout_inDrop2__s41,pancreas,frozen_reference_scanvi,heldout_refmap_seeded,41,hvg2000_pca40,embed,e2a37e0ed63dc34b60aa535cc656400552af757a,0.3088989063093671,computed,0.679557204246521,computed,0.8508898692574312,computed,0.7022743830922672,computed,0.914273290201135,computed,0.9999999999999998,computed,0.3771397734119512,computed,0.9895952207985069,computed,,not_applicable,1.7827077414381352,computed,0.09722222222222222,computed,0.4959421493113041,computed,0.007279593758654501,computed,,not_applicable,,41.0,,heldout_inDrop2,inDrop2
unintegrated_and_refmap_baselines,217,heldout_refmap_seeded__pancreas__hvg2000_pca40__frozen_reference_scanvi__heldout_inDrop2__s42,pancreas,frozen_reference_scanvi,heldout_refmap_seeded,42,hvg2000_pca40,embed,e2a37e0ed63dc34b60aa535cc656400552af757a,0.31735172402409334,computed,0.6817308962345123,computed,0.8547548428197562,computed,0.6990357747006306,computed,0.9126478936516804,computed,0.9999999999999998,computed,0.39466323001480885,computed,0.9929964918852601,computed,,not_applicable,1.9424330495563726,computed,0.22580645161290322,computed,0.4959421493113041,computed,0.003949694069777077,computed,,not_applicable,,42.0,,heldout_inDrop2,inDrop2
unintegrated_and_refmap_baselines,218,heldout_refmap_seeded__pancreas__hvg2000_pca40__frozen_reference_scanvi__heldout_inDrop2__s43,pancreas,frozen_reference_scanvi,heldout_refmap_seeded,43,hvg2000_pca40,embed,e2a37e0ed63dc34b60aa535cc656400552af757a,0.31624691178507497,computed,0.6817253977060318,computed,0.8474354965493521,computed,0.7063773798292726,computed,0.9211549303005759,computed,0.9999999999999998,computed,0.4116738082997422,computed,0.9961376685211386,computed,,not_applicable,1.839591505379924,computed,0.09589041095890412,computed,0.4959421493113041,computed,0.0009808136835970371,computed,,not_applicable,,43.0,,heldout_inDrop2,inDrop2
unintegrated_and_refmap_baselines,219,heldout_refmap_seeded__pancreas__hvg2000_pca40__frozen_reference_scanvi__heldout_inDrop2__s44,pancreas,frozen_reference_scanvi,heldout_refmap_seeded,44,hvg2000_pca40,embed,e2a37e0ed63dc34b60aa535cc656400552af757a,0.3311876195419778,computed,0.6767278015613556,computed,0.8461970029165334,computed,0.7068686841130422,computed,0.924891019993261,computed,0.9999999999999998,computed,0.44812131926274845,computed,0.9969376660235983,computed,,not_applicable,1.9504203730769172,computed,0.08695652173913045,computed,0.4959421493113041,computed,0.004113197251449208,computed,,not_applicable,,44.0,,heldout_inDrop2,inDrop2
unintegrated_and_refmap_baselines,220,heldout_refmap_seeded__pancreas__hvg2000_pca40__frozen_reference_scvi__heldout_inDrop3__s40,pancreas,frozen_reference_scvi,heldout_refmap_seeded,40,hvg2000_pca40,embed,e2a37e0ed63dc34b60aa535cc656400552af757a,0.3281802818505764,computed,0.6260446459054947,computed,0.8488037520652308,computed,0.694553965640918,computed,0.8869143765965722,computed,0.9999999999999993,computed,0.4392517766338758,computed,0.9931681343682863,computed,,not_applicable,1.6953664181391894,computed,0.09655172413793105,computed,0.4959421493113041,computed,0.004574960985284315,computed,,not_applicable,,40.0,,heldout_inDrop3,inDrop3
unintegrated_and_refmap_baselines,221,heldout_refmap_seeded__pancreas__hvg2000_pca40__frozen_reference_scvi__heldout_inDrop3__s41,pancreas,frozen_reference_scvi,heldout_refmap_seeded,41,hvg2000_pca40,embed,e2a37e0ed63dc34b60aa535cc656400552af757a,0.33673568114181746,computed,0.612455740571022,computed,0.8510018477210245,computed,0.6934733197262826,computed,0.845590986678168,computed,0.9976774752219462,computed,0.4705504709914575,computed,0.9924731434353447,computed,,not_applicable,1.7859415819034776,computed,0.08284023668639053,computed,0.4959421493113041,computed,0.012385423884141655,computed,,not_applicable,,41.0,,heldout_inDrop3,inDrop3
unintegrated_and_refmap_baselines,222,heldout_refmap_seeded__pancreas__hvg2000_pca40__frozen_reference_scvi__heldout_inDrop3__s42,pancreas,frozen_reference_scvi,heldout_refmap_seeded,42,hvg2000_pca40,embed,e2a37e0ed63dc34b60aa535cc656400552af757a,0.2988912810220207,computed,0.6164266020059586,computed,0.8533970569821363,computed,0.6805723988503777,computed,0.8618936398193434,computed,0.9999999999999996,computed,0.4666068482675479,computed,0.9896921053571937,computed,,not_applicable,1.7905529737973223,computed,0.08383233532934131,computed,0.4959421493113041,computed,0.009336116465129107,computed,,not_applicable,,42.0,,heldout_inDrop3,inDrop3
unintegrated_and_refmap_baselines,223,heldout_refmap_seeded__pancreas__hvg2000_pca40__frozen_reference_scvi__heldout_inDrop3__s43,pancreas,frozen_reference_scvi,heldout_refmap_seeded,43,hvg2000_pca40,embed,e2a37e0ed63dc34b60aa535cc656400552af757a,0.31332775410056457,computed,0.6252463161945343,computed,0.8422772368674084,computed,0.6863755637442917,computed,0.8413489535428743,computed,0.9999999999999996,computed,0.44809847143901915,computed,0.9871358840091301,computed,,not_applicable,1.6502252234209247,computed,0.09395973154362416,computed,0.4959421493113041,computed,0.005968718528761019,computed,,not_applicable,,43.0,,heldout_inDrop3,inDrop3
unintegrated_and_refmap_baselines,224,heldout_refmap_seeded__pancreas__hvg2000_pca40__frozen_reference_scvi__heldout_inDrop3__s44,pancreas,frozen_reference_scvi,heldout_refmap_seeded,44,hvg2000_pca40,embed,e2a37e0ed63dc34b60aa535cc656400552af757a,0.31257413050075067,computed,0.6174755617976189,computed,0.8465599149657074,computed,0.6912280821351141,computed,0.8743291665736693,computed,0.9972512205587079,computed,0.4761599468550718,computed,0.9232918753059434,computed,,not_applicable,1.7227719797234902,computed,0.2222222222222222,computed,0.4959421493113041,computed,0.010981780609422676,computed,,not_applicable,,44.0,,heldout_inDrop3,inDrop3
unintegrated_and_refmap_baselines,225,heldout_refmap_seeded__pancreas__hvg2000_pca40__frozen_reference_scanvi__heldout_inDrop3__s40,pancreas,frozen_reference_scanvi,heldout_refmap_seeded,40,hvg2000_pca40,embed,e2a37e0ed63dc34b60aa535cc656400552af757a,0.3236150671601368,computed,0.6800934821367264,computed,0.8406921379331245,computed,0.7092303523608526,computed,0.8984571677323422,computed,0.9999999999999998,computed,0.40755229263583126,computed,0.9987313794305993,computed,,not_applicable,1.7776882364615485,computed,0.09589041095890412,computed,0.4959421493113041,computed,0.0026889625865298417,computed,,not_applicable,,40.0,,heldout_inDrop3,inDrop3
unintegrated_and_refmap_baselines,226,heldout_refmap_seeded__pancreas__hvg2000_pca40__frozen_reference_scanvi__heldout_inDrop3__s41,pancreas,frozen_reference_scanvi,heldout_refmap_seeded,41,hvg2000_pca40,embed,e2a37e0ed63dc34b60aa535cc656400552af757a,0.31970705341907996,computed,0.6741600185632706,computed,0.8408762330187558,computed,0.7062850518460062,computed,0.878703509945758,computed,0.9999999999999998,computed,0.4126756982274273,computed,0.9938916478928285,computed,,not_applicable,1.7584886941747064,computed,0.07734806629834255,computed,0.4959421493113041,computed,0.00912957461163555,computed,,not_applicable,,41.0,,heldout_inDrop3,inDrop3
unintegrated_and_refmap_baselines,227,heldout_refmap_seeded__pancreas__hvg2000_pca40__frozen_reference_scanvi__heldout_inDrop3__s42,pancreas,frozen_reference_scanvi,heldout_refmap_seeded,42,hvg2000_pca40,embed,e2a37e0ed63dc34b60aa535cc656400552af757a,0.2934911942512717,computed,0.6800317317247391,computed,0.8423128162708903,computed,0.6987597420206586,computed,0.8799966507879926,computed,0.9999999999999998,computed,0.4095612305743395,computed,0.9947777370355354,computed,,not_applicable,1.7427281877836158,computed,0.14285714285714288,computed,0.4959421493113041,computed,0.0060930981265092665,computed,,not_applicable,,42.0,,heldout_inDrop3,inDrop3
unintegrated_and_refmap_baselines,228,heldout_refmap_seeded__pancreas__hvg2000_pca40__frozen_reference_scanvi__heldout_inDrop3__s43,pancreas,frozen_reference_scanvi,heldout_refmap_seeded,43,hvg2000_pca40,embed,e2a37e0ed63dc34b60aa535cc656400552af757a,0.33142047869796765,computed,0.6793273091316223,computed,0.8419073107203633,computed,0.7075402672714896,computed,0.8622369363782753,computed,0.9999999999999998,computed,0.3957327342129976,computed,0.9942570167980843,computed,,not_applicable,1.702645735780691,computed,0.07608695652173914,computed,0.4959421493113041,computed,0.004924500931571263,computed,,not_applicable,,43.0,,heldout_inDrop3,inDrop3
unintegrated_and_refmap_baselines,229,heldout_refmap_seeded__pancreas__hvg2000_pca40__frozen_reference_scanvi__heldout_inDrop3__s44,pancreas,frozen_reference_scanvi,heldout_refmap_seeded,44,hvg2000_pca40,embed,e2a37e0ed63dc34b60aa535cc656400552af757a,0.3013674532798237,computed,0.6727745085954666,computed,0.8393546351779045,computed,0.6994050687253385,computed,0.897982973736914,computed,0.9999999999999998,computed,0.40820371045023934,computed,0.994971606463908,computed,,not_applicable,1.7083542700102092,computed,0.21875,computed,0.4959421493113041,computed,0.004720927451978607,computed,,not_applicable,,44.0,,heldout_inDrop3,inDrop3
unintegrated_and_refmap_baselines,230,heldout_refmap_seeded__immune_cell_human__hvg2000_pca40__frozen_reference_scvi__heldout_10X__s40,immune_cell_human,frozen_reference_scvi,heldout_refmap_seeded,40,hvg2000_pca40,embed,e2a37e0ed63dc34b60aa535cc656400552af757a,0.3274066874675862,computed,0.577132984995842,computed,0.8678698562096274,computed,0.6836266195303823,computed,0.6105669139198299,computed,0.948042895771406,computed,0.6154867312421328,computed,0.9822267655248433,computed,,not_applicable,1.8693552853459714,computed,0.7385846214780288,computed,0.4930989337153733,computed,0.024176095958019173,computed,0.8440787263755211,computed,,40.0,,heldout_10X,10X
unintegrated_and_refmap_baselines,231,heldout_refmap_seeded__immune_cell_human__hvg2000_pca40__frozen_reference_scvi__heldout_10X__s41,immune_cell_human,frozen_reference_scvi,heldout_refmap_seeded,41,hvg2000_pca40,embed,e2a37e0ed63dc34b60aa535cc656400552af757a,0.2815615851163994,computed,0.5877248719334602,computed,0.8707445533341808,computed,0.6671889857267562,computed,0.7100186959303686,computed,0.9400438553609656,computed,0.5505031514002094,computed,0.9778706946696718,computed,,not_applicable,1.9479702249556081,computed,0.7543193545620055,computed,0.4930989337153733,computed,0.02508457900926353,computed,0.8557175345078438,computed,,41.0,,heldout_10X,10X
unintegrated_and_refmap_baselines,232,heldout_refmap_seeded__immune_cell_human__hvg2000_pca40__frozen_reference_scvi__heldout_10X__s42,immune_cell_human,frozen_reference_scvi,heldout_refmap_seeded,42,hvg2000_pca40,embed,e2a37e0ed63dc34b60aa535cc656400552af757a,0.29127202018553694,computed,0.5902506187558174,computed,0.8738257979247701,computed,0.6711705194798296,computed,0.8069357263901257,computed,0.9388713523448327,computed,0.5606376327272435,computed,0.9795634992939123,computed,,not_applicable,1.9796838343656864,computed,0.7369400823453136,computed,0.4930989337153733,computed,0.02500982725626999,computed,0.5954353795433449,computed,,42.0,,heldout_10X,10X
unintegrated_and_refmap_baselines,233,heldout_refmap_seeded__immune_cell_human__hvg2000_pca40__frozen_reference_scvi__heldout_10X__s43,immune_cell_human,frozen_reference_scvi,heldout_refmap_seeded,43,hvg2000_pca40,embed,e2a37e0ed63dc34b60aa535cc656400552af757a,0.2979289523964461,computed,0.5989390984177589,computed,0.8646804988935054,computed,0.6673831097944996,computed,0.711454828268978,computed,0.9542405179512463,computed,0.6230977277149259,computed,0.9871630215164713,computed,,not_applicable,1.8893209432676237,computed,0.6755631484106229,computed,0.4930989337153733,computed,0.01703523062001744,computed,0.8474129015925276,computed,,43.0,,heldout_10X,10X
unintegrated_and_refmap_baselines,234,heldout_refmap_seeded__immune_cell_human__hvg2000_pca40__frozen_reference_scvi__heldout_10X__s44,immune_cell_human,frozen_reference_scvi,heldout_refmap_seeded,44,hvg2000_pca40,embed,e2a37e0ed63dc34b60aa535cc656400552af757a,0.31169858682988727,computed,0.587339237332344,computed,0.8715218308467327,computed,0.6796817098253444,computed,0.7247800213700147,computed,0.9492059659377157,computed,0.573762462319509,computed,0.9767783022139778,computed,,not_applicable,1.9496867197286596,computed,0.7718101478311266,computed,0.4930989337153733,computed,0.01667092451252672,computed,0.8478710075096165,computed,,44.0,,heldout_10X,10X
unintegrated_and_refmap_baselines,235,heldout_refmap_seeded__immune_cell_human__hvg2000_pca40__frozen_reference_scanvi__heldout_10X__s40,immune_cell_human,frozen_reference_scanvi,heldout_refmap_seeded,40,hvg2000_pca40,embed,e2a37e0ed63dc34b60aa535cc656400552af757a,0.32812750715381106,computed,0.6441249996423721,computed,0.8762444232361206,computed,0.731451662768242,computed,0.6789126664818734,computed,0.9999999999999996,computed,0.7522253299450157,computed,0.9930022170081865,computed,,not_applicable,1.789821082047867,computed,0.8543857434714227,computed,0.4930989337153733,computed,0.015426578025180993,computed,0.8524370789773354,computed,,40.0,,heldout_10X,10X
unintegrated_and_refmap_baselines,236,heldout_refmap_seeded__immune_cell_human__hvg2000_pca40__frozen_reference_scanvi__heldout_10X__s41,immune_cell_human,frozen_reference_scanvi,heldout_refmap_seeded,41,hvg2000_pca40,embed,e2a37e0ed63dc34b60aa535cc656400552af757a,0.3635353957325336,computed,0.6537805795669556,computed,0.8726759194844255,computed,0.7444221785377458,computed,0.7511445096393893,computed,0.9999999999999996,computed,0.6116268628361501,computed,0.9938833026453682,computed,,not_applicable,1.9036104113619605,computed,0.8711391826982634,computed,0.4930989337153733,computed,0.015422415022353086,computed,0.8396851535906058,computed,,41.0,,heldout_10X,10X
unintegrated_and_refmap_baselines,237,heldout_refmap_seeded__immune_cell_human__hvg2000_pca40__frozen_reference_scanvi__heldout_10X__s42,immune_cell_human,frozen_reference_scanvi,heldout_refmap_seeded,42,hvg2000_pca40,embed,e2a37e0ed63dc34b60aa535cc656400552af757a,0.32921089498259093,computed,0.6590436398983002,computed,0.8737568071275771,computed,0.736512381743255,computed,0.7436230458376216,computed,0.9999999999999993,computed,0.7105945134133822,computed,0.9946090423710062,computed,,not_applicable,1.8396415554940018,computed,0.8587170587207018,computed,0.4930989337153733,computed,0.01748547316633231,computed,0.8518326113634822,computed,,42.0,,heldout_10X,10X
unintegrated_and_refmap_baselines,238,heldout_refmap_seeded__immune_cell_human__hvg2000_pca40__frozen_reference_scanvi__heldout_10X__s43,immune_cell_human,frozen_reference_scanvi,heldout_refmap_seeded,43,hvg2000_pca40,embed,e2a37e0ed63dc34b60aa535cc656400552af757a,0.3250861030684519,computed,0.6644819676876068,computed,0.8706908788092491,computed,0.7399501451635172,computed,0.7200794718397181,computed,0.9999999999999996,computed,0.6874679503371788,computed,0.9945911283994908,computed,,not_applicable,1.8051132632265054,computed,0.8871820798245091,computed,0.4930989337153733,computed,0.010144317473389175,computed,0.8753748527679064,computed,,43.0,,heldout_10X,10X
unintegrated_and_refmap_baselines,239,heldout_refmap_seeded__immune_cell_human__hvg2000_pca40__frozen_reference_scanvi__heldout_10X__s44,immune_cell_human,frozen_reference_scanvi,heldout_refmap_seeded,44,hvg2000_pca40,embed,e2a37e0ed63dc34b60aa535cc656400552af757a,0.32312118590887856,computed,0.6568133234977722,computed,0.8769897074867202,computed,0.7306374382437477,computed,0.8039214189439177,computed,0.9999999999999996,computed,0.6810428444736685,computed,0.9845159490011828,computed,,not_applicable,1.8795455008235282,computed,0.8738653200443676,computed,0.4930989337153733,computed,0.014922743871020105,computed,0.8576251748462386,computed,,44.0,,heldout_10X,10X
unintegrated_and_refmap_baselines,240,heldout_refmap_seeded__immune_cell_human__hvg2000_pca40__frozen_reference_scvi__heldout_Oetjen_A__s40,immune_cell_human,frozen_reference_scvi,heldout_refmap_seeded,40,hvg2000_pca40,embed,e2a37e0ed63dc34b60aa535cc656400552af757a,0.2851081734574762,computed,0.5687288045883179,computed,0.8821105639551969,computed,0.6646063515921934,computed,0.8529648632180912,computed,0.9292408998370183,computed,0.5524114703753733,computed,0.9815325986927165,computed,,not_applicable,2.219638378672678,computed,0.7727287088893156,computed,0.4930989337153733,computed,0.023844285965425205,computed,0.8461486093482293,computed,,40.0,,heldout_Oetjen_A,Oetjen_A
unintegrated_and_refmap_baselines,241,heldout_refmap_seeded__immune_cell_human__hvg2000_pca40__frozen_reference_scvi__heldout_Oetjen_A__s41,immune_cell_human,frozen_reference_scvi,heldout_refmap_seeded,41,hvg2000_pca40,embed,e2a37e0ed63dc34b60aa535cc656400552af757a,0.2965615368860384,computed,0.563512772321701,computed,0.8769013030452717,computed,0.6696854629627831,computed,0.8645345788438764,computed,0.9393865380664401,computed,0.5412365658560583,computed,0.9878115649976291,computed,,not_applicable,2.2221879915322265,computed,0.6523510347848847,computed,0.4930989337153733,computed,0.026034457223794716,computed,0.8424009920442241,computed,,41.0,,heldout_Oetjen_A,Oetjen_A
unintegrated_and_refmap_baselines,242,heldout_refmap_seeded__immune_cell_human__hvg2000_pca40__frozen_reference_scvi__heldout_Oetjen_A__s42,immune_cell_human,frozen_reference_scvi,heldout_refmap_seeded,42,hvg2000_pca40,embed,e2a37e0ed63dc34b60aa535cc656400552af757a,0.30036859051735465,computed,0.5671388134360313,computed,0.8752955176292928,computed,0.6727411495006943,computed,0.8502683681455538,computed,0.9351824284187897,computed,0.5129078835553247,computed,0.9859669242653013,computed,,not_applicable,2.196452032998216,computed,0.7355209028384082,computed,0.4930989337153733,computed,0.028083745956402284,computed,0.8529260213376719,computed,,42.0,,heldout_Oetjen_A,Oetjen_A
unintegrated_and_refmap_baselines,243,heldout_refmap_seeded__immune_cell_human__hvg2000_pca40__frozen_reference_scvi__heldout_Oetjen_A__s43,immune_cell_human,frozen_reference_scvi,heldout_refmap_seeded,43,hvg2000_pca40,embed,e2a37e0ed63dc34b60aa535cc656400552af757a,0.3042812995736158,computed,0.5717160105705261,computed,0.8784072267442279,computed,0.6742608111097512,computed,0.8325381055788015,computed,0.9388073628831024,computed,0.613780254543463,computed,0.9875349147001509,computed,,not_applicable,2.088787074525279,computed,0.8002303703348717,computed,0.4930989337153733,computed,0.02680907806467181,computed,0.8395686213785898,computed,,43.0,,heldout_Oetjen_A,Oetjen_A
unintegrated_and_refmap_baselines,244,heldout_refmap_seeded__immune_cell_human__hvg2000_pca40__frozen_reference_scvi__heldout_Oetjen_A__s44,immune_cell_human,frozen_reference_scvi,heldout_refmap_seeded,44,hvg2000_pca40,embed,e2a37e0ed63dc34b60aa535cc656400552af757a,0.31446544585716324,computed,0.5664881467819214,computed,0.8796687936056694,computed,0.6745280846952803,computed,0.8573233996289227,computed,0.9292168784203771,computed,0.5780414230840398,computed,0.9869093361157506,computed,,not_applicable,2.195515457399067,computed,0.7712826297793346,computed,0.4930989337153733,computed,0.029755221353553574,computed,0.8461418313944884,computed,,44.0,,heldout_Oetjen_A,Oetjen_A
unintegrated_and_refmap_baselines,245,heldout_refmap_seeded__immune_cell_human__hvg2000_pca40__frozen_reference_scanvi__heldout_Oetjen_A__s40,immune_cell_human,frozen_reference_scanvi,heldout_refmap_seeded,40,hvg2000_pca40,embed,e2a37e0ed63dc34b60aa535cc656400552af757a,0.33776418096781013,computed,0.6415117233991623,computed,0.8644562626359655,computed,0.7399023756374575,computed,0.7649554714136179,computed,0.9999999999999996,computed,0.7112375165573759,computed,0.9944460107473062,computed,,not_applicable,2.0637193002337377,computed,0.8146781872628464,computed,0.4930989337153733,computed,0.01854115204434903,computed,0.8414810526548704,computed,,40.0,,heldout_Oetjen_A,Oetjen_A
unintegrated_and_refmap_baselines,246,heldout_refmap_seeded__immune_cell_human__hvg2000_pca40__frozen_reference_scanvi__heldout_Oetjen_A__s41,immune_cell_human,frozen_reference_scanvi,heldout_refmap_seeded,41,hvg2000_pca40,embed,e2a37e0ed63dc34b60aa535cc656400552af757a,0.3479500997700381,computed,0.6445860117673874,computed,0.8624850661761219,computed,0.7410143202884334,computed,0.8092003954917725,computed,0.9999999999999996,computed,0.6473394086387911,computed,0.9954473696996274,computed,,not_applicable,2.0782616574266717,computed,0.8205210252487398,computed,0.4930989337153733,computed,0.019484422069953933,computed,0.8437070359125587,computed,,41.0,,heldout_Oetjen_A,Oetjen_A
unintegrated_and_refmap_baselines,247,heldout_refmap_seeded__immune_cell_human__hvg2000_pca40__frozen_reference_scanvi__heldout_Oetjen_A__s42,immune_cell_human,frozen_reference_scanvi,heldout_refmap_seeded,42,hvg2000_pca40,embed,e2a37e0ed63dc34b60aa535cc656400552af757a,0.3590793300818451,computed,0.6532398462295532,computed,0.8609806606126708,computed,0.7434259239523991,computed,0.7411019435870645,computed,0.9999999999999996,computed,0.6950039661439726,computed,0.9946415691763535,computed,,not_applicable,2.1207992851158486,computed,0.7974571208395035,computed,0.4930989337153733,computed,0.022511959801813086,computed,0.8679309245511991,computed,,42.0,,heldout_Oetjen_A,Oetjen_A
unintegrated_and_refmap_baselines,248,heldout_refmap_seeded__immune_cell_human__hvg2000_pca40__frozen_reference_scanvi__heldout_Oetjen_A__s43,immune_cell_human,frozen_reference_scanvi,heldout_refmap_seeded,43,hvg2000_pca40,embed,e2a37e0ed63dc34b60aa535cc656400552af757a,0.38837055204151844,computed,0.6545320749282837,computed,0.859348361292241,computed,0.7538314681968176,computed,0.7429156799625068,computed,0.9999999999999996,computed,0.6905603778713872,computed,0.9950718034916919,computed,,not_applicable,2.0786686069939546,computed,0.8044037530419257,computed,0.4930989337153733,computed,0.026123296427309706,computed,0.8679432695159355,computed,,43.0,,heldout_Oetjen_A,Oetjen_A
unintegrated_and_refmap_baselines,249,heldout_refmap_seeded__immune_cell_human__hvg2000_pca40__frozen_reference_scanvi__heldout_Oetjen_A__s44,immune_cell_human,frozen_reference_scanvi,heldout_refmap_seeded,44,hvg2000_pca40,embed,e2a37e0ed63dc34b60aa535cc656400552af757a,0.327588612160973,computed,0.6414202600717545,computed,0.8645763778685237,computed,0.7321512760924694,computed,0.7935607166673979,computed,0.9999999999999993,computed,0.7562756352193809,computed,0.9943287754003032,computed,,not_applicable,2.1067028437322834,computed,0.8116249216420036,computed,0.4930989337153733,computed,0.020865795408510524,computed,0.8670433555198541,computed,,44.0,,heldout_Oetjen_A,Oetjen_A
unintegrated_and_refmap_baselines,250,heldout_refmap_seeded__immune_cell_human__hvg2000_pca40__frozen_reference_scvi__heldout_Villani__s40,immune_cell_human,frozen_reference_scvi,heldout_refmap_seeded,40,hvg2000_pca40,embed,e2a37e0ed63dc34b60aa535cc656400552af757a,0.38781390153358697,computed,0.5527831017971039,computed,0.907054593100224,computed,0.6887926836595062,computed,0.82427948345812,computed,0.9033100132589116,computed,0.5237505265364182,computed,0.9868173590301835,computed,,not_applicable,2.493206517578324,computed,0.7014631720447103,computed,0.4930989337153733,computed,0.02270728856046844,computed,0.8523857508988586,computed,,40.0,,heldout_Villani,Villani
unintegrated_and_refmap_baselines,251,heldout_refmap_seeded__immune_cell_human__hvg2000_pca40__frozen_reference_scvi__heldout_Villani__s41,immune_cell_human,frozen_reference_scvi,heldout_refmap_seeded,41,hvg2000_pca40,embed,e2a37e0ed63dc34b60aa535cc656400552af757a,0.34068270793950384,computed,0.5493194684386253,computed,0.9041962357391691,computed,0.6820249071010056,computed,0.8264430216931911,computed,0.904868772255383,computed,0.4723466563318393,computed,0.9747268539754551,computed,,not_applicable,2.5189347733338687,computed,0.7781742273568075,computed,0.4930989337153733,computed,0.01807208935870086,computed,0.8448662785999943,computed,,41.0,,heldout_Villani,Villani
unintegrated_and_refmap_baselines,252,heldout_refmap_seeded__immune_cell_human__hvg2000_pca40__frozen_reference_scvi__heldout_Villani__s42,immune_cell_human,frozen_reference_scvi,heldout_refmap_seeded,42,hvg2000_pca40,embed,e2a37e0ed63dc34b60aa535cc656400552af757a,0.3317696760882407,computed,0.5518497638404369,computed,0.900567407976836,computed,0.6760585029090966,computed,0.8196055675542673,computed,0.9032122390084036,computed,0.507117434627267,computed,0.9866870281223198,computed,,not_applicable,2.522319246215386,computed,0.7507039963398927,computed,0.4930989337153733,computed,0.030858821267317094,computed,0.8420073456233952,computed,,42.0,,heldout_Villani,Villani
unintegrated_and_refmap_baselines,253,heldout_refmap_seeded__immune_cell_human__hvg2000_pca40__frozen_reference_scvi__heldout_Villani__s43,immune_cell_human,frozen_reference_scvi,heldout_refmap_seeded,43,hvg2000_pca40,embed,e2a37e0ed63dc34b60aa535cc656400552af757a,0.3695564212231844,computed,0.5503921769559383,computed,0.9056153173938868,computed,0.6852499318705212,computed,0.8540239685296894,computed,0.9148713863392011,computed,0.5111519307510254,computed,0.9864435513298283,computed,,not_applicable,2.4861313437545105,computed,0.7085523407625451,computed,0.4930989337153733,computed,0.030854418733933686,computed,0.8398240246483476,computed,,43.0,,heldout_Villani,Villani
unintegrated_and_refmap_baselines,254,heldout_refmap_seeded__immune_cell_human__hvg2000_pca40__frozen_reference_scvi__heldout_Villani__s44,immune_cell_human,frozen_reference_scvi,heldout_refmap_seeded,44,hvg2000_pca40,embed,e2a37e0ed63dc34b60aa535cc656400552af757a,0.40517695776231244,computed,0.550729475915432,computed,0.9062797847793832,computed,0.6930882128482284,computed,0.8370888950963897,computed,0.9214205873039276,computed,0.4931439723223671,computed,0.986774714893106,computed,,not_applicable,2.493046285792201,computed,0.7131332311045235,computed,0.4930989337153733,computed,0.018854915743780398,computed,0.8507356995358231,computed,,44.0,,heldout_Villani,Villani
unintegrated_and_refmap_baselines,255,heldout_refmap_seeded__immune_cell_human__hvg2000_pca40__frozen_reference_scanvi__heldout_Villani__s40,immune_cell_human,frozen_reference_scanvi,heldout_refmap_seeded,40,hvg2000_pca40,embed,e2a37e0ed63dc34b60aa535cc656400552af757a,0.3671379815391057,computed,0.6257389783859253,computed,0.887223705435723,computed,0.7522837866492413,computed,0.7678405634674237,computed,0.9999999999999996,computed,0.7346400296224971,computed,0.9969340651591778,computed,,not_applicable,2.2907112073528184,computed,0.8098548095460353,computed,0.4930989337153733,computed,0.01850688016428048,computed,0.8603737479172575,computed,,40.0,,heldout_Villani,Villani
unintegrated_and_refmap_baselines,256,heldout_refmap_seeded__immune_cell_human__hvg2000_pca40__frozen_reference_scanvi__heldout_Villani__s41,immune_cell_human,frozen_reference_scanvi,heldout_refmap_seeded,41,hvg2000_pca40,embed,e2a37e0ed63dc34b60aa535cc656400552af757a,0.3636072280761343,computed,0.6284932345151901,computed,0.8850488506105286,computed,0.7497503587484726,computed,0.7675417993516794,computed,0.9999999999999996,computed,0.6247785389740773,computed,0.9960000209514546,computed,,not_applicable,2.2907633103016694,computed,0.858250311719347,computed,0.4930989337153733,computed,0.021571232241740734,computed,0.843993297944875,computed,,41.0,,heldout_Villani,Villani
unintegrated_and_refmap_baselines,257,heldout_refmap_seeded__immune_cell_human__hvg2000_pca40__frozen_reference_scanvi__heldout_Villani__s42,immune_cell_human,frozen_reference_scanvi,heldout_refmap_seeded,42,hvg2000_pca40,embed,e2a37e0ed63dc34b60aa535cc656400552af757a,0.4013966215356702,computed,0.6194438636302948,computed,0.8863084654221882,computed,0.7638387905739983,computed,0.7589529828236182,computed,0.9999999999999996,computed,0.6876795524740245,computed,0.9953446872690732,computed,,not_applicable,2.3819357612875467,computed,0.8514489374909016,computed,0.4930989337153733,computed,0.017693342826482272,computed,0.8535222911117586,computed,,42.0,,heldout_Villani,Villani
unintegrated_and_refmap_baselines,258,heldout_refmap_seeded__immune_cell_human__hvg2000_pca40__frozen_reference_scanvi__heldout_Villani__s43,immune_cell_human,frozen_reference_scanvi,heldout_refmap_seeded,43,hvg2000_pca40,embed,e2a37e0ed63dc34b60aa535cc656400552af757a,0.3466201785502958,computed,0.6236914098262787,computed,0.8835836713038848,computed,0.7520376898848073,computed,0.7727342050516957,computed,0.9999999999999996,computed,0.7047720109378075,computed,0.9845139879807638,computed,,not_applicable,2.3061229923460753,computed,0.8444874030932212,computed,0.4930989337153733,computed,0.018773301244368268,computed,0.8448093762782173,computed,,43.0,,heldout_Villani,Villani
unintegrated_and_refmap_baselines,259,heldout_refmap_seeded__immune_cell_human__hvg2000_pca40__frozen_reference_scanvi__heldout_Villani__s44,immune_cell_human,frozen_reference_scanvi,heldout_refmap_seeded,44,hvg2000_pca40,embed,e2a37e0ed63dc34b60aa535cc656400552af757a,0.3644580291764547,computed,0.6212680712342262,computed,0.8855417521790419,computed,0.7512844587560862,computed,0.788772806690468,computed,0.9999999999999996,computed,0.6385030984437742,computed,0.9957378349552222,computed,,not_applicable,2.2700899304660003,computed,0.7487418212696191,computed,0.4930989337153733,computed,0.013289047185736313,computed,0.8522832746548961,computed,,44.0,,heldout_Villani,Villani
unintegrated_and_refmap_baselines,260,heldout_refmap_seeded__lung_atlas__hvg2000_pca40__frozen_reference_scvi__heldout_3__s40,lung_atlas,frozen_reference_scvi,heldout_refmap_seeded,40,hvg2000_pca40,embed,e2a37e0ed63dc34b60aa535cc656400552af757a,0.4211866377055309,computed,0.5510945357382298,computed,0.8915498551182442,computed,0.6688598847440027,computed,0.930296961950507,computed,0.8182839819331891,computed,0.5671630079502604,computed,0.6834279715789515,computed,,not_applicable,2.4756848571874976,computed,0.8286038592508512,computed,0.5135470889508724,computed,0.006414603081045356,computed,,not_applicable,,40.0,,heldout_3,3
unintegrated_and_refmap_baselines,261,heldout_refmap_seeded__lung_atlas__hvg2000_pca40__frozen_reference_scvi__heldout_3__s41,lung_atlas,frozen_reference_scvi,heldout_refmap_seeded,41,hvg2000_pca40,embed,e2a37e0ed63dc34b60aa535cc656400552af757a,0.35507417173859807,computed,0.5434560626745224,computed,0.8959199322469433,computed,0.6468889872954929,computed,0.9337742457752695,computed,0.7917588947136203,computed,0.6115493509156689,computed,0.6858876192370971,computed,,not_applicable,2.4230281829141136,computed,0.8277404921700224,computed,0.5135470889508724,computed,0.014445748440428674,computed,,not_applicable,,41.0,,heldout_3,3
unintegrated_and_refmap_baselines,262,heldout_refmap_seeded__lung_atlas__hvg2000_pca40__frozen_reference_scvi__heldout_3__s42,lung_atlas,frozen_reference_scvi,heldout_refmap_seeded,42,hvg2000_pca40,embed,e2a37e0ed63dc34b60aa535cc656400552af757a,0.37323155499104277,computed,0.5481072291731834,computed,0.8937967965423597,computed,0.6579847536633177,computed,0.9307838090732651,computed,0.8158348275624987,computed,0.6581388951659068,computed,0.6855085002022371,computed,,not_applicable,2.3839520364692595,computed,0.7067264573991031,computed,0.5135470889508724,computed,0.008898997631792138,computed,,not_applicable,,42.0,,heldout_3,3
unintegrated_and_refmap_baselines,263,heldout_refmap_seeded__lung_atlas__hvg2000_pca40__frozen_reference_scvi__heldout_3__s43,lung_atlas,frozen_reference_scvi,heldout_refmap_seeded,43,hvg2000_pca40,embed,e2a37e0ed63dc34b60aa535cc656400552af757a,0.46907698027018635,computed,0.5502943508327007,computed,0.8941087388662206,computed,0.667788217931043,computed,0.9323224181099145,computed,0.8009439161357703,computed,0.660991490760468,computed,0.6279189166533364,computed,,not_applicable,2.4094670364666237,computed,0.7373637264618434,computed,0.5135470889508724,computed,0.007040078291768559,computed,,not_applicable,,43.0,,heldout_3,3
unintegrated_and_refmap_baselines,264,heldout_refmap_seeded__lung_atlas__hvg2000_pca40__frozen_reference_scvi__heldout_3__s44,lung_atlas,frozen_reference_scvi,heldout_refmap_seeded,44,hvg2000_pca40,embed,e2a37e0ed63dc34b60aa535cc656400552af757a,0.4495215548860482,computed,0.5469783507287502,computed,0.8972600020608458,computed,0.6736823803882822,computed,0.932658909165775,computed,0.7833556774190411,computed,0.5344865602305167,computed,0.7401278180462788,computed,,not_applicable,2.4234546791471034,computed,0.8462377317339149,computed,0.5135470889508724,computed,0.01120596943497576,computed,,not_applicable,,44.0,,heldout_3,3
unintegrated_and_refmap_baselines,265,heldout_refmap_seeded__lung_atlas__hvg2000_pca40__frozen_reference_scanvi__heldout_3__s40,lung_atlas,frozen_reference_scanvi,heldout_refmap_seeded,40,hvg2000_pca40,embed,e2a37e0ed63dc34b60aa535cc656400552af757a,0.5375781336814419,computed,0.6566813141107559,computed,0.8756270546008769,computed,0.8280578873078274,computed,0.8566991086202925,computed,0.9999999999999996,computed,0.7925459225673629,computed,0.9367959640449391,computed,,not_applicable,1.7865744164737243,computed,0.9893238434163701,computed,0.5135470889508724,computed,0.0036599099536642754,computed,,not_applicable,,40.0,,heldout_3,3
unintegrated_and_refmap_baselines,266,heldout_refmap_seeded__lung_atlas__hvg2000_pca40__frozen_reference_scanvi__heldout_3__s41,lung_atlas,frozen_reference_scanvi,heldout_refmap_seeded,41,hvg2000_pca40,embed,e2a37e0ed63dc34b60aa535cc656400552af757a,0.4680366892961453,computed,0.6461361199617386,computed,0.8766050438031461,computed,0.8046271881788201,computed,0.8443116848001555,computed,0.9999999999999996,computed,0.7348137622948527,computed,0.9365873912924669,computed,,not_applicable,1.7948491726866234,computed,0.9869203329369798,computed,0.5135470889508724,computed,0.006079051614061082,computed,,not_applicable,,41.0,,heldout_3,3
unintegrated_and_refmap_baselines,267,heldout_refmap_seeded__lung_atlas__hvg2000_pca40__frozen_reference_scanvi__heldout_3__s42,lung_atlas,frozen_reference_scanvi,heldout_refmap_seeded,42,hvg2000_pca40,embed,e2a37e0ed63dc34b60aa535cc656400552af757a,0.4948965788401517,computed,0.6552920192480087,computed,0.8804977741706091,computed,0.8097913280408838,computed,0.8361162566255372,computed,0.9999999999999996,computed,0.7482268047522637,computed,0.9375418221279859,computed,,not_applicable,1.8250586593177252,computed,0.9784172661870504,computed,0.5135470889508724,computed,0.004541490040469109,computed,,not_applicable,,42.0,,heldout_3,3
unintegrated_and_refmap_baselines,268,heldout_refmap_seeded__lung_atlas__hvg2000_pca40__frozen_reference_scanvi__heldout_3__s43,lung_atlas,frozen_reference_scanvi,heldout_refmap_seeded,43,hvg2000_pca40,embed,e2a37e0ed63dc34b60aa535cc656400552af757a,0.4847628187607173,computed,0.656170979142189,computed,0.8851685590137003,computed,0.8107575988938892,computed,0.8536088214446905,computed,0.9999999999999996,computed,0.729408380382095,computed,0.9957993698038299,computed,,not_applicable,1.8671666829938882,computed,0.9785202863961814,computed,0.5135470889508724,computed,0.0069305210134741335,computed,,not_applicable,,43.0,,heldout_3,3
unintegrated_and_refmap_baselines,269,heldout_refmap_seeded__lung_atlas__hvg2000_pca40__frozen_reference_scanvi__heldout_3__s44,lung_atlas,frozen_reference_scanvi,heldout_refmap_seeded,44,hvg2000_pca40,embed,e2a37e0ed63dc34b60aa535cc656400552af757a,0.4895581324620765,computed,0.658528059720993,computed,0.8763504943060562,computed,0.8156550124365798,computed,0.8261245390246021,computed,0.9999999999999996,computed,0.6616239561652064,computed,0.8777650673712646,computed,,not_applicable,1.8147473773789788,computed,0.9857819905213271,computed,0.5135470889508724,computed,0.0042591376341143405,computed,,not_applicable,,44.0,,heldout_3,3
unintegrated_and_refmap_baselines,270,heldout_refmap_seeded__lung_atlas__hvg2000_pca40__frozen_reference_scvi__heldout_B1__s40,lung_atlas,frozen_reference_scvi,heldout_refmap_seeded,40,hvg2000_pca40,embed,e2a37e0ed63dc34b60aa535cc656400552af757a,0.37639015174927365,computed,0.5499786287546158,computed,0.8966069149757533,computed,0.6561225423214264,computed,0.9221676359020375,computed,0.7676600024029141,computed,0.5939525602389135,computed,0.5697196319161283,computed,,not_applicable,2.387795232938321,computed,0.8505494505494505,computed,0.5135470889508724,computed,0.013168516178426182,computed,,not_applicable,,40.0,,heldout_B1,B1
unintegrated_and_refmap_baselines,271,heldout_refmap_seeded__lung_atlas__hvg2000_pca40__frozen_reference_scvi__heldout_B1__s41,lung_atlas,frozen_reference_scvi,heldout_refmap_seeded,41,hvg2000_pca40,embed,e2a37e0ed63dc34b60aa535cc656400552af757a,0.38690693686709104,computed,0.5483561903238297,computed,0.8902050249995535,computed,0.6598076404565572,computed,0.9313635880247009,computed,0.8029236934675537,computed,0.6267063973130996,computed,0.7446268404168702,computed,,not_applicable,2.3763029964234224,computed,0.8118609406952965,computed,0.5135470889508724,computed,0.012458482091931455,computed,,not_applicable,,41.0,,heldout_B1,B1
unintegrated_and_refmap_baselines,272,heldout_refmap_seeded__lung_atlas__hvg2000_pca40__frozen_reference_scvi__heldout_B1__s42,lung_atlas,frozen_reference_scvi,heldout_refmap_seeded,42,hvg2000_pca40,embed,e2a37e0ed63dc34b60aa535cc656400552af757a,0.43811495035434883,computed,0.5478137917816639,computed,0.8929236037795035,computed,0.6780460773076608,computed,0.9325012950989563,computed,0.8043834356019761,computed,0.5997448263664793,computed,0.62749885387485,computed,,not_applicable,2.4484317916403433,computed,0.818833162743091,computed,0.5135470889508724,computed,0.014570787287039422,computed,,not_applicable,,42.0,,heldout_B1,B1
unintegrated_and_refmap_baselines,273,heldout_refmap_seeded__lung_atlas__hvg2000_pca40__frozen_reference_scvi__heldout_B1__s43,lung_atlas,frozen_reference_scvi,heldout_refmap_seeded,43,hvg2000_pca40,embed,e2a37e0ed63dc34b60aa535cc656400552af757a,0.45774386171736636,computed,0.5493623279035091,computed,0.8935453805225976,computed,0.6781516820401012,computed,0.926353255934647,computed,0.7875751339172319,computed,0.6367800670104342,computed,0.6847825747698877,computed,,not_applicable,2.4345991803408498,computed,0.8325581395348837,computed,0.5135470889508724,computed,0.0150178133216059,computed,,not_applicable,,43.0,,heldout_B1,B1
unintegrated_and_refmap_baselines,274,heldout_refmap_seeded__lung_atlas__hvg2000_pca40__frozen_reference_scvi__heldout_B1__s44,lung_atlas,frozen_reference_scvi,heldout_refmap_seeded,44,hvg2000_pca40,embed,e2a37e0ed63dc34b60aa535cc656400552af757a,0.37231277293179466,computed,0.5482540801167488,computed,0.8935223518003725,computed,0.6594535517182576,computed,0.9204556999588887,computed,0.8044116030370367,computed,0.614369907091191,computed,0.801341633931555,computed,,not_applicable,2.387420700046007,computed,0.8267223382045928,computed,0.5135470889508724,computed,0.012169889521747912,computed,,not_applicable,,44.0,,heldout_B1,B1
unintegrated_and_refmap_baselines,275,heldout_refmap_seeded__lung_atlas__hvg2000_pca40__frozen_reference_scanvi__heldout_B1__s40,lung_atlas,frozen_reference_scanvi,heldout_refmap_seeded,40,hvg2000_pca40,embed,e2a37e0ed63dc34b60aa535cc656400552af757a,0.5081500004205055,computed,0.6520559191703796,computed,0.8818724677748501,computed,0.8191488711676501,computed,0.8437337530660435,computed,0.9999999999999996,computed,0.6938791740964783,computed,0.8111963118225488,computed,,not_applicable,1.780671332948487,computed,0.9634002361275088,computed,0.5135470889508724,computed,0.006726361760401756,computed,,not_applicable,,40.0,,heldout_B1,B1
unintegrated_and_refmap_baselines,276,heldout_refmap_seeded__lung_atlas__hvg2000_pca40__frozen_reference_scanvi__heldout_B1__s41,lung_atlas,frozen_reference_scanvi,heldout_refmap_seeded,41,hvg2000_pca40,embed,e2a37e0ed63dc34b60aa535cc656400552af757a,0.4858752636115977,computed,0.6564125120639801,computed,0.878979213879759,computed,0.8058650867886072,computed,0.8380263295424863,computed,0.9999999999999996,computed,0.7570475471600282,computed,0.8781754696476453,computed,,not_applicable,1.750500056716013,computed,0.9462616822429907,computed,0.5135470889508724,computed,0.0011505395064541624,computed,,not_applicable,,41.0,,heldout_B1,B1
unintegrated_and_refmap_baselines,277,heldout_refmap_seeded__lung_atlas__hvg2000_pca40__frozen_reference_scanvi__heldout_B1__s42,lung_atlas,frozen_reference_scanvi,heldout_refmap_seeded,42,hvg2000_pca40,embed,e2a37e0ed63dc34b60aa535cc656400552af757a,0.5014663522277284,computed,0.6517215222120285,computed,0.8767522838839354,computed,0.8060171550551679,computed,0.8427948504965974,computed,0.9999999999999996,computed,0.7032760211360654,computed,0.9351055152155663,computed,,not_applicable,1.783819909726323,computed,0.9518213866039953,computed,0.5135470889508724,computed,0.0031338633987320064,computed,,not_applicable,,42.0,,heldout_B1,B1
unintegrated_and_refmap_baselines,278,heldout_refmap_seeded__lung_atlas__hvg2000_pca40__frozen_reference_scanvi__heldout_B1__s43,lung_atlas,frozen_reference_scanvi,heldout_refmap_seeded,43,hvg2000_pca40,embed,e2a37e0ed63dc34b60aa535cc656400552af757a,0.5194075243434054,computed,0.6575261056423187,computed,0.8825450619119096,computed,0.814821713919331,computed,0.8498661376934071,computed,0.9999999999999996,computed,0.7727952113813705,computed,0.870512355639832,computed,,not_applicable,1.7827881150514022,computed,0.958968347010551,computed,0.5135470889508724,computed,0.0017166400886021727,computed,,not_applicable,,43.0,,heldout_B1,B1
unintegrated_and_refmap_baselines,279,heldout_refmap_seeded__lung_atlas__hvg2000_pca40__frozen_reference_scanvi__heldout_B1__s44,lung_atlas,frozen_reference_scanvi,heldout_refmap_seeded,44,hvg2000_pca40,embed,e2a37e0ed63dc34b60aa535cc656400552af757a,0.47788364599296973,computed,0.6525826454162598,computed,0.8776264085946298,computed,0.8066701217661292,computed,0.8443362652734436,computed,0.9999999999999996,computed,0.6453452344107711,computed,0.9363842447219322,computed,,not_applicable,1.7687986717363193,computed,0.928652321630804,computed,0.5135470889508724,computed,0.005178447963434918,computed,,not_applicable,,44.0,,heldout_B1,B1
unintegrated_and_refmap_baselines,280,heldout_refmap_seeded__lung_atlas__hvg2000_pca40__frozen_reference_scvi__heldout_4__s40,lung_atlas,frozen_reference_scvi,heldout_refmap_seeded,40,hvg2000_pca40,embed,e2a37e0ed63dc34b60aa535cc656400552af757a,0.40731924172185036,computed,0.5492535531520844,computed,0.8928637145376493,computed,0.6689238547743,computed,0.8777934073507386,computed,0.8048162504368781,computed,0.6151640679412347,computed,0.626773282904702,computed,,not_applicable,2.381725638864721,computed,0.8176229508196721,computed,0.5135470889508724,computed,0.011428493370568504,computed,,not_applicable,,40.0,,heldout_4,4
unintegrated_and_refmap_baselines,281,heldout_refmap_seeded__lung_atlas__hvg2000_pca40__frozen_reference_scvi__heldout_4__s41,lung_atlas,frozen_reference_scvi,heldout_refmap_seeded,41,hvg2000_pca40,embed,e2a37e0ed63dc34b60aa535cc656400552af757a,0.48110742546605767,computed,0.5506220385432243,computed,0.8923670463690301,computed,0.6840684752559778,computed,0.9050938372307323,computed,0.801528039645417,computed,0.5462638318422345,computed,0.7436178095664496,computed,,not_applicable,2.3600206423149057,computed,0.7459562321598479,computed,0.5135470889508724,computed,0.010901981149155637,computed,,not_applicable,,41.0,,heldout_4,4
unintegrated_and_refmap_baselines,282,heldout_refmap_seeded__lung_atlas__hvg2000_pca40__frozen_reference_scvi__heldout_4__s42,lung_atlas,frozen_reference_scvi,heldout_refmap_seeded,42,hvg2000_pca40,embed,e2a37e0ed63dc34b60aa535cc656400552af757a,0.41674883322407874,computed,0.5515987351536751,computed,0.890255091588836,computed,0.6696000790361923,computed,0.8922419027403876,computed,0.8372933795133275,computed,0.6490891364288439,computed,0.6357550565684942,computed,,not_applicable,2.263383896996336,computed,0.7241379310344829,computed,0.5135470889508724,computed,0.010102797216949289,computed,,not_applicable,,42.0,,heldout_4,4
unintegrated_and_refmap_baselines,283,heldout_refmap_seeded__lung_atlas__hvg2000_pca40__frozen_reference_scvi__heldout_4__s43,lung_atlas,frozen_reference_scvi,heldout_refmap_seeded,43,hvg2000_pca40,embed,e2a37e0ed63dc34b60aa535cc656400552af757a,0.4813315191660454,computed,0.5518044084310532,computed,0.8892551621500633,computed,0.6894108481923631,computed,0.8971263651960095,computed,0.8254129115724118,computed,0.5870309184426903,computed,0.6865803850741102,computed,,not_applicable,2.2779592492152885,computed,0.8380129589632829,computed,0.5135470889508724,computed,0.012299080994018108,computed,,not_applicable,,43.0,,heldout_4,4
unintegrated_and_refmap_baselines,284,heldout_refmap_seeded__lung_atlas__hvg2000_pca40__frozen_reference_scvi__heldout_4__s44,lung_atlas,frozen_reference_scvi,heldout_refmap_seeded,44,hvg2000_pca40,embed,e2a37e0ed63dc34b60aa535cc656400552af757a,0.4470183565146817,computed,0.5536704175174236,computed,0.8897953798427621,computed,0.6805315795453362,computed,0.9016009005995885,computed,0.8369461861748153,computed,0.6063647780352376,computed,0.7453957705895647,computed,,not_applicable,2.244167989657737,computed,0.81859410430839,computed,0.5135470889508724,computed,0.016758530582901665,computed,,not_applicable,,44.0,,heldout_4,4
unintegrated_and_refmap_baselines,285,heldout_refmap_seeded__lung_atlas__hvg2000_pca40__frozen_reference_scanvi__heldout_4__s40,lung_atlas,frozen_reference_scanvi,heldout_refmap_seeded,40,hvg2000_pca40,embed,e2a37e0ed63dc34b60aa535cc656400552af757a,0.48537620808283954,computed,0.6449365019798279,computed,0.8786476805867103,computed,0.8043793051511852,computed,0.8300388780062085,computed,0.9999999999999993,computed,0.7342813520476361,computed,0.9954655079049511,computed,,not_applicable,1.729743035320781,computed,0.984468339307049,computed,0.5135470889508724,computed,0.005061519715746532,computed,,not_applicable,,40.0,,heldout_4,4
unintegrated_and_refmap_baselines,286,heldout_refmap_seeded__lung_atlas__hvg2000_pca40__frozen_reference_scanvi__heldout_4__s41,lung_atlas,frozen_reference_scanvi,heldout_refmap_seeded,41,hvg2000_pca40,embed,e2a37e0ed63dc34b60aa535cc656400552af757a,0.4950802111622829,computed,0.6514258086681366,computed,0.8824745124290478,computed,0.80907341911062,computed,0.8411811824050546,computed,0.9999999999999993,computed,0.735522721490061,computed,0.9367043427941795,computed,,not_applicable,1.7664626648892616,computed,0.9845422116527943,computed,0.5135470889508724,computed,0.005182784062132795,computed,,not_applicable,,41.0,,heldout_4,4
unintegrated_and_refmap_baselines,287,heldout_refmap_seeded__lung_atlas__hvg2000_pca40__frozen_reference_scanvi__heldout_4__s42,lung_atlas,frozen_reference_scanvi,heldout_refmap_seeded,42,hvg2000_pca40,embed,e2a37e0ed63dc34b60aa535cc656400552af757a,0.513232694080272,computed,0.6460364907979965,computed,0.8748855454610212,computed,0.8098788322742809,computed,0.8218291444953619,computed,0.9999999999999996,computed,0.7683862421995514,computed,0.9383784253057817,computed,,not_applicable,1.74805607480977,computed,0.9809976247030878,computed,0.5135470889508724,computed,0.004937115328536579,computed,,not_applicable,,42.0,,heldout_4,4
unintegrated_and_refmap_baselines,288,heldout_refmap_seeded__lung_atlas__hvg2000_pca40__frozen_reference_scanvi__heldout_4__s43,lung_atlas,frozen_reference_scanvi,heldout_refmap_seeded,43,hvg2000_pca40,embed,e2a37e0ed63dc34b60aa535cc656400552af757a,0.4833092985016394,computed,0.6500310003757477,computed,0.8752029684068815,computed,0.8042185795457639,computed,0.8384437920787765,computed,0.9999999999999996,computed,0.7139301764939969,computed,0.9385932921881073,computed,,not_applicable,1.6796665548724103,computed,0.9846153846153847,computed,0.5135470889508724,computed,0.002306062529174313,computed,,not_applicable,,43.0,,heldout_4,4
unintegrated_and_refmap_baselines,289,heldout_refmap_seeded__lung_atlas__hvg2000_pca40__frozen_reference_scanvi__heldout_4__s44,lung_atlas,frozen_reference_scanvi,heldout_refmap_seeded,44,hvg2000_pca40,embed,e2a37e0ed63dc34b60aa535cc656400552af757a,0.49452660133457754,computed,0.6518684476613998,computed,0.8727520478789108,computed,0.8087888642352595,computed,0.8282209190333465,computed,0.9999999999999996,computed,0.7432777099443131,computed,0.8789921230660992,computed,,not_applicable,1.7386830251020449,computed,0.9833333333333334,computed,0.5135470889508724,computed,0.00516180072015926,computed,,not_applicable,,44.0,,heldout_4,4
unintegrated_and_refmap_baselines,300,unintegrated_matched30d__immune_cell_human__hvg2000_pca40_matched30d__heldout_10X__s0,immune_cell_human,unintegrated_pca_matched_30d,unintegrated_baseline_30d,0,hvg2000_pca40_matched30d__heldout_10X,embed,e2a37e0ed63dc34b60aa535cc656400552af757a,0.24714646712112234,computed,0.5532364509999752,computed,0.8187164881309574,computed,0.6402664139546312,computed,0.10069336994843842,computed,0.9763378511715706,computed,0.7433038923899279,computed,0.9118354854692485,computed,,not_applicable,0.46015086579252107,computed,0.5831137900198502,computed,0.49309893511235714,computed,0.03972876891894428,computed,0.8721212702231369,computed,,,,heldout_10X,10X
unintegrated_and_refmap_baselines,301,unintegrated_matched30d__immune_cell_human__hvg2000_pca40_matched30d__heldout_Oetjen_A__s0,immune_cell_human,unintegrated_pca_matched_30d,unintegrated_baseline_30d,0,hvg2000_pca40_matched30d__heldout_Oetjen_A,embed,e2a37e0ed63dc34b60aa535cc656400552af757a,0.27112245039829364,computed,0.537567462772131,computed,0.8024538853728909,computed,0.6543435432944176,computed,0.09658954145903222,computed,0.9762544010728595,computed,0.7312631861262988,computed,0.8630520886876596,computed,,not_applicable,0.4633853599196578,computed,0.7225095187791118,computed,0.493098936509341,computed,0.03775300437290352,computed,0.8742331289933793,computed,,,,heldout_Oetjen_A,Oetjen_A
unintegrated_and_refmap_baselines,302,unintegrated_matched30d__immune_cell_human__hvg2000_pca40_matched30d__heldout_Villani__s0,immune_cell_human,unintegrated_pca_matched_30d,unintegrated_baseline_30d,0,hvg2000_pca40_matched30d__heldout_Villani,embed,e2a37e0ed63dc34b60aa535cc656400552af757a,0.24518048146619734,computed,0.5489860251545906,computed,0.8018800048274295,computed,0.6491441993517246,computed,0.07294564294749867,computed,0.9772687600042047,computed,0.7300793517295096,computed,0.9141946026949225,computed,,not_applicable,0.4138455828087264,computed,0.6926151599025832,computed,0.4930989337153733,computed,0.04203260838820855,computed,0.8704044032155726,computed,,,,heldout_Villani,Villani
unintegrated_and_refmap_baselines,303,unintegrated_matched30d__immune_cell_human__hvg2000_pca40_matched30d__random_seed_40__s0,immune_cell_human,unintegrated_pca_matched_30d,unintegrated_baseline_30d,0,hvg2000_pca40_matched30d__random_seed_40,embed,e2a37e0ed63dc34b60aa535cc656400552af757a,0.24854591400579015,computed,0.542509138584137,computed,0.7981398941842475,computed,0.6516700595430212,computed,0.09451778820282611,computed,0.9772661087505496,computed,0.7423066709042085,computed,0.8611032756423154,computed,,not_applicable,0.42263882002158515,computed,0.7050394616702838,computed,0.49309893837198615,computed,0.03817353394706502,computed,0.8707634828455968,computed,40.0,,,random_seed_40,
unintegrated_and_refmap_baselines,304,unintegrated_matched30d__immune_cell_human__hvg2000_pca40_matched30d__random_seed_41__s0,immune_cell_human,unintegrated_pca_matched_30d,unintegrated_baseline_30d,0,hvg2000_pca40_matched30d__random_seed_41,embed,e2a37e0ed63dc34b60aa535cc656400552af757a,0.24479924109328938,computed,0.5420547612011433,computed,0.7987220210095549,computed,0.6441652450144757,computed,0.09448773549324302,computed,0.9753942657077792,computed,0.7434149029225945,computed,0.9043103772989151,computed,,not_applicable,0.4072235823398107,computed,0.7336049093291906,computed,0.493098936509341,computed,0.037389897772860614,computed,0.8681722346002108,computed,41.0,,,random_seed_41,
unintegrated_and_refmap_baselines,305,unintegrated_matched30d__immune_cell_human__hvg2000_pca40_matched30d__random_seed_42__s0,immune_cell_human,unintegrated_pca_matched_30d,unintegrated_baseline_30d,0,hvg2000_pca40_matched30d__random_seed_42,embed,e2a37e0ed63dc34b60aa535cc656400552af757a,0.2474417066301278,computed,0.5417239293456078,computed,0.7977537445936744,computed,0.6447894155462756,computed,0.0937314304062661,computed,0.9772733946189869,computed,0.7421800440131853,computed,0.903081655824941,computed,,not_applicable,0.390306186579946,computed,0.7007084359002382,computed,0.4930989402346313,computed,0.03796240155799335,computed,0.8724581194521843,computed,42.0,,,random_seed_42,
unintegrated_and_refmap_baselines,306,unintegrated_matched30d__immune_cell_human__hvg2000_pca40_matched30d__random_seed_43__s0,immune_cell_human,unintegrated_pca_matched_30d,unintegrated_baseline_30d,0,hvg2000_pca40_matched30d__random_seed_43,embed,e2a37e0ed63dc34b60aa535cc656400552af757a,0.2422704853759424,computed,0.5419070869684219,computed,0.7981247470814781,computed,0.6419254670090326,computed,0.09156893432196393,computed,0.9783013040585848,computed,0.7456969071137841,computed,0.9034880137400576,computed,,not_applicable,0.4453080146257071,computed,0.6797611965250235,computed,0.4930989374406636,computed,0.03762488587061186,computed,0.8710207956971006,computed,43.0,,,random_seed_43,
unintegrated_and_refmap_baselines,307,unintegrated_matched30d__immune_cell_human__hvg2000_pca40_matched30d__random_seed_44__s0,immune_cell_human,unintegrated_pca_matched_30d,unintegrated_baseline_30d,0,hvg2000_pca40_matched30d__random_seed_44,embed,e2a37e0ed63dc34b60aa535cc656400552af757a,0.2700879196303098,computed,0.5417354218661785,computed,0.7971146132612801,computed,0.6509640279035463,computed,0.09297255834911049,computed,0.9785923070903624,computed,0.7450957992572778,computed,0.9027259118661003,computed,,not_applicable,0.42108656147098933,computed,0.6923494824420986,computed,0.4930989355780184,computed,0.037907401071561875,computed,0.8731498643153044,computed,44.0,,,random_seed_44,
unintegrated_and_refmap_baselines,308,unintegrated_matched30d__lung_atlas__hvg2000_pca40_matched30d__heldout_3__s0,lung_atlas,unintegrated_pca_matched_30d,unintegrated_baseline_30d,0,hvg2000_pca40_matched30d__heldout_3,embed,e2a37e0ed63dc34b60aa535cc656400552af757a,0.35433489502386945,computed,0.5852401927113533,computed,0.8563991202706327,computed,0.7108067298240346,computed,0.4414401001670022,computed,0.9914555397895826,computed,0.8777712770895311,computed,0.5365287797815851,computed,,not_applicable,0.29224841402413926,computed,0.6920152091254753,computed,0.5135470870882273,computed,0.0007560544811028302,computed,,not_applicable,,,,heldout_3,3
unintegrated_and_refmap_baselines,309,unintegrated_matched30d__lung_atlas__hvg2000_pca40_matched30d__heldout_4__s0,lung_atlas,unintegrated_pca_matched_30d,unintegrated_baseline_30d,0,hvg2000_pca40_matched30d__heldout_4,embed,e2a37e0ed63dc34b60aa535cc656400552af757a,0.35861682645844273,computed,0.5869313850998878,computed,0.8597489385852117,computed,0.6986173151971878,computed,0.4459782409012136,computed,0.9892839528761774,computed,0.8760491995750306,computed,0.4977411872671579,computed,,not_applicable,0.4330225929368776,computed,0.6746987951807228,computed,0.5135470870882273,computed,0.0005524258928285564,computed,,not_applicable,,,,heldout_4,4
unintegrated_and_refmap_baselines,310,unintegrated_matched30d__lung_atlas__hvg2000_pca40_matched30d__heldout_B1__s0,lung_atlas,unintegrated_pca_matched_30d,unintegrated_baseline_30d,0,hvg2000_pca40_matched30d__heldout_B1,embed,e2a37e0ed63dc34b60aa535cc656400552af757a,0.35671700619434893,computed,0.5825363844633102,computed,0.8562346360620045,computed,0.7105803996261013,computed,0.440931916512095,computed,0.9902344287996874,computed,0.8768609198972633,computed,0.4566286874716234,computed,,not_applicable,0.3514704384203373,computed,0.6672811059907835,computed,0.5135470842942595,computed,0.0005884242052869304,computed,,not_applicable,,,,heldout_B1,B1
unintegrated_and_refmap_baselines,311,unintegrated_matched30d__lung_atlas__hvg2000_pca40_matched30d__random_seed_40__s0,lung_atlas,unintegrated_pca_matched_30d,unintegrated_baseline_30d,0,hvg2000_pca40_matched30d__random_seed_40,embed,e2a37e0ed63dc34b60aa535cc656400552af757a,0.354344844204815,computed,0.5851510614156723,computed,0.8539333735654462,computed,0.7062916906559816,computed,0.4389442964122508,computed,0.9914702277190588,computed,0.8772224781372094,computed,0.513712629015206,computed,,not_applicable,0.3050373642341022,computed,0.6867924528301886,computed,0.513547083362937,computed,0.0010010215348075224,computed,,not_applicable,40.0,,,random_seed_40,
unintegrated_and_refmap_baselines,312,unintegrated_matched30d__lung_atlas__hvg2000_pca40_matched30d__random_seed_41__s0,lung_atlas,unintegrated_pca_matched_30d,unintegrated_baseline_30d,0,hvg2000_pca40_matched30d__random_seed_41,embed,e2a37e0ed63dc34b60aa535cc656400552af757a,0.34422912905897396,computed,0.5849289372563362,computed,0.8546352775479625,computed,0.7030311698972651,computed,0.43943889757003607,computed,0.9913543964634215,computed,0.8796276452767102,computed,0.635542683953889,computed,,not_applicable,0.3298103080375745,computed,0.5973813420621932,computed,0.5135470787063241,computed,0.0012110688115297696,computed,,not_applicable,41.0,,,random_seed_41,
unintegrated_and_refmap_baselines,313,unintegrated_matched30d__lung_atlas__hvg2000_pca40_matched30d__random_seed_42__s0,lung_atlas,unintegrated_pca_matched_30d,unintegrated_baseline_30d,0,hvg2000_pca40_matched30d__random_seed_42,embed,e2a37e0ed63dc34b60aa535cc656400552af757a,0.34666122770260777,computed,0.5847059711813927,computed,0.8548731831646643,computed,0.7064751669913771,computed,0.439252862881965,computed,0.9905187087392171,computed,0.8779468703636373,computed,0.5361688672229614,computed,,not_applicable,0.37678886577164405,computed,0.6778711484593837,computed,0.5135470852255821,computed,0.0024251799199511703,computed,,not_applicable,42.0,,,random_seed_42,
unintegrated_and_refmap_baselines,314,unintegrated_matched30d__lung_atlas__hvg2000_pca40_matched30d__random_seed_43__s0,lung_atlas,unintegrated_pca_matched_30d,unintegrated_baseline_30d,0,hvg2000_pca40_matched30d__random_seed_43,embed,e2a37e0ed63dc34b60aa535cc656400552af757a,0.35654464843805733,computed,0.5850178599357605,computed,0.8556404828386623,computed,0.7071486700103677,computed,0.43694693367923,computed,0.991495075360183,computed,0.8781545289497122,computed,0.5764294515770149,computed,,not_applicable,0.36150224103614637,computed,0.6791393826005613,computed,0.5135470824316144,computed,0.0023448771502913024,computed,,not_applicable,43.0,,,random_seed_43,
unintegrated_and_refmap_baselines,315,unintegrated_matched30d__lung_atlas__hvg2000_pca40_matched30d__random_seed_44__s0,lung_atlas,unintegrated_pca_matched_30d,unintegrated_baseline_30d,0,hvg2000_pca40_matched30d__random_seed_44,embed,e2a37e0ed63dc34b60aa535cc656400552af757a,0.36954537779575075,computed,0.5854782089591026,computed,0.8550232096081822,computed,0.7142863839421346,computed,0.43948892510779153,computed,0.9918961353362428,computed,0.8792720035159776,computed,0.6694249279708158,computed,,not_applicable,0.359812830329433,computed,0.6746765249537893,computed,0.5135470815002918,computed,0.0009928605695267434,computed,,not_applicable,44.0,,,random_seed_44,
unintegrated_and_refmap_baselines,316,unintegrated_matched30d__pancreas__hvg2000_pca40_matched30d__heldout_fluidigmc1__s0,pancreas,unintegrated_pca_matched_30d,unintegrated_baseline_30d,0,hvg2000_pca40_matched30d__heldout_fluidigmc1,embed,e2a37e0ed63dc34b60aa535cc656400552af757a,0.2476045456015103,computed,0.5884557738900185,computed,0.8316228746370126,computed,0.6494179182944597,computed,0.7736105746439382,computed,0.9999999999999993,computed,0.36771977420720525,computed,0.8488980030243455,computed,,not_applicable,0.10828432582717329,computed,0.10852713178294575,computed,0.49594215117394924,computed,0.003975431515717109,computed,,not_applicable,,,,heldout_fluidigmc1,fluidigmc1
unintegrated_and_refmap_baselines,317,unintegrated_matched30d__pancreas__hvg2000_pca40_matched30d__heldout_inDrop2__s0,pancreas,unintegrated_pca_matched_30d,unintegrated_baseline_30d,0,hvg2000_pca40_matched30d__heldout_inDrop2,embed,e2a37e0ed63dc34b60aa535cc656400552af757a,0.24187983561895346,computed,0.5881020352244377,computed,0.826324499650832,computed,0.6427549989386425,computed,0.7744433553888015,computed,0.9999999999999991,computed,0.3681950722950526,computed,0.8460428834587478,computed,,not_applicable,0.07537826133747982,computed,0.109375,computed,0.4959421493113041,computed,0.0107662677549214,computed,,not_applicable,,,,heldout_inDrop2,inDrop2
unintegrated_and_refmap_baselines,318,unintegrated_matched30d__pancreas__hvg2000_pca40_matched30d__heldout_inDrop3__s0,pancreas,unintegrated_pca_matched_30d,unintegrated_baseline_30d,0,hvg2000_pca40_matched30d__heldout_inDrop3,embed,e2a37e0ed63dc34b60aa535cc656400552af757a,0.26151664307109546,computed,0.5915052443742752,computed,0.8296608265047617,computed,0.6503735550090111,computed,0.7831646413195168,computed,0.9999999999999991,computed,0.36822074222450646,computed,0.8351894862377632,computed,,not_applicable,0.12889906570817522,computed,0.11023622047244094,computed,0.4959421493113041,computed,0.007834159836812016,computed,,not_applicable,,,,heldout_inDrop3,inDrop3
unintegrated_and_refmap_baselines,319,unintegrated_matched30d__pancreas__hvg2000_pca40_matched30d__random_seed_40__s0,pancreas,unintegrated_pca_matched_30d,unintegrated_baseline_30d,0,hvg2000_pca40_matched30d__random_seed_40,embed,e2a37e0ed63dc34b60aa535cc656400552af757a,0.24081777068819651,computed,0.5872109681367874,computed,0.8273190424354848,computed,0.6429490596543893,computed,0.7704743837943344,computed,0.9999999999999996,computed,0.37010652372140523,computed,0.8462895084921698,computed,,not_applicable,0.06922725426688059,computed,0.109375,computed,0.49594214651733637,computed,0.011097563369701136,computed,,not_applicable,40.0,,,random_seed_40,
unintegrated_and_refmap_baselines,320,unintegrated_matched30d__pancreas__hvg2000_pca40_matched30d__random_seed_41__s0,pancreas,unintegrated_pca_matched_30d,unintegrated_baseline_30d,0,hvg2000_pca40_matched30d__random_seed_41,embed,e2a37e0ed63dc34b60aa535cc656400552af757a,0.24446578921872786,computed,0.5870478749275208,computed,0.8270941822566218,computed,0.6462766557682856,computed,0.7658409525650408,computed,0.9981474334605775,computed,0.37184236413011784,computed,0.8304928317756721,computed,,not_applicable,0.06762473158880056,computed,0.09523809523809523,computed,0.49594215024262667,computed,0.0106914865396176,computed,,not_applicable,41.0,,,random_seed_41,
unintegrated_and_refmap_baselines,321,unintegrated_matched30d__pancreas__hvg2000_pca40_matched30d__random_seed_42__s0,pancreas,unintegrated_pca_matched_30d,unintegrated_baseline_30d,0,hvg2000_pca40_matched30d__random_seed_42,embed,e2a37e0ed63dc34b60aa535cc656400552af757a,0.23869227376413416,computed,0.5878161564469337,computed,0.8269494695733738,computed,0.6429089540202881,computed,0.7680845757956988,computed,0.9985956743145694,computed,0.3695056732379615,computed,0.8462405414252165,computed,,not_applicable,0.08679807855191246,computed,0.09523809523809523,computed,0.4959421483799815,computed,0.011669828255910786,computed,,not_applicable,42.0,,,random_seed_42,
unintegrated_and_refmap_baselines,322,unintegrated_matched30d__pancreas__hvg2000_pca40_matched30d__random_seed_43__s0,pancreas,unintegrated_pca_matched_30d,unintegrated_baseline_30d,0,hvg2000_pca40_matched30d__random_seed_43,embed,e2a37e0ed63dc34b60aa535cc656400552af757a,0.2424089859885807,computed,0.5871260240674019,computed,0.8281091933709732,computed,0.6446996788489724,computed,0.7688260752420554,computed,0.9999999999999993,computed,0.369215757480269,computed,0.775013905246973,computed,,not_applicable,0.06578865707245818,computed,0.109375,computed,0.4959421493113041,computed,0.012423814875976325,computed,,not_applicable,43.0,,,random_seed_43,
unintegrated_and_refmap_baselines,323,unintegrated_matched30d__pancreas__hvg2000_pca40_matched30d__random_seed_44__s0,pancreas,unintegrated_pca_matched_30d,unintegrated_baseline_30d,0,hvg2000_pca40_matched30d__random_seed_44,embed,e2a37e0ed63dc34b60aa535cc656400552af757a,0.23375526412451023,computed,0.5876764431595802,computed,0.8264537331303586,computed,0.6409780051034285,computed,0.7670859117584982,computed,0.9981739076690941,computed,0.3691855152569738,computed,0.8332897565829172,computed,,not_applicable,0.07346403682244151,computed,0.1111111111111111,computed,0.4959421483799815,computed,0.012283373835850098,computed,,not_applicable,44.0,,,random_seed_44,
unintegrated_and_refmap_baselines,324,unintegrated_matched30d__simulation_1__hvg2000_pca40_matched30d__heldout_Batch1__s0,simulation_1,unintegrated_pca_matched_30d,unintegrated_baseline_30d,0,hvg2000_pca40_matched30d__heldout_Batch1,embed,e2a37e0ed63dc34b60aa535cc656400552af757a,0.29517306164938634,computed,0.6459465771913528,computed,0.7637975495023819,computed,0.6845693650057325,computed,0.6836714995444485,computed,1.0,computed,,not_applicable,0.8014436609563644,computed,,not_applicable,4.440892098500626e-16,computed,0.6881028938906754,computed,0.530820719897747,computed,0.020896513969088093,computed,,not_applicable,,,,heldout_Batch1,Batch1
unintegrated_and_refmap_baselines,325,unintegrated_matched30d__simulation_1__hvg2000_pca40_matched30d__heldout_Batch3__s0,simulation_1,unintegrated_pca_matched_30d,unintegrated_baseline_30d,0,hvg2000_pca40_matched30d__heldout_Batch3,embed,e2a37e0ed63dc34b60aa535cc656400552af757a,0.3026149381679807,computed,0.6430380940437317,computed,0.769185149207872,computed,0.6910904002881323,computed,0.6807382577128003,computed,1.0,computed,,not_applicable,0.6938288794549594,computed,,not_applicable,0.0022944804080724523,computed,0.6881028938906754,computed,0.530820719897747,computed,0.10381980006378833,computed,,not_applicable,,,,heldout_Batch3,Batch3
unintegrated_and_refmap_baselines,326,unintegrated_matched30d__simulation_1__hvg2000_pca40_matched30d__heldout_Batch6__s0,simulation_1,unintegrated_pca_matched_30d,unintegrated_baseline_30d,0,hvg2000_pca40_matched30d__heldout_Batch6,embed,e2a37e0ed63dc34b60aa535cc656400552af757a,0.2949841641766832,computed,0.6445908099412918,computed,0.7371925584228223,computed,0.6844909595974314,computed,0.6800095135960972,computed,1.0,computed,,not_applicable,0.5808997887257583,computed,,not_applicable,0.0,computed,0.6881028938906754,computed,0.530820719897747,computed,3.567928562409062e-05,computed,,not_applicable,,,,heldout_Batch6,Batch6
unintegrated_and_refmap_baselines,327,unintegrated_matched30d__simulation_1__hvg2000_pca40_matched30d__random_seed_40__s0,simulation_1,unintegrated_pca_matched_30d,unintegrated_baseline_30d,0,hvg2000_pca40_matched30d__random_seed_40,embed,e2a37e0ed63dc34b60aa535cc656400552af757a,0.2949580106978939,computed,0.6303561180830002,computed,0.6479834581893157,computed,0.6844835216177003,computed,0.6392434276303781,computed,1.0,computed,,not_applicable,0.28724431988578053,computed,,not_applicable,0.0,computed,0.6881028938906754,computed,0.5308207180351019,computed,0.041316422102279704,computed,,not_applicable,40.0,,,random_seed_40,
unintegrated_and_refmap_baselines,328,unintegrated_matched30d__simulation_1__hvg2000_pca40_matched30d__random_seed_41__s0,simulation_1,unintegrated_pca_matched_30d,unintegrated_baseline_30d,0,hvg2000_pca40_matched30d__random_seed_41,embed,e2a37e0ed63dc34b60aa535cc656400552af757a,0.2949580106978939,computed,0.6302990615367889,computed,0.6504797638058245,computed,0.6844835216177003,computed,0.6458249852552919,computed,1.0,computed,,not_applicable,0.2753815536547222,computed,,not_applicable,0.0,computed,0.6881028938906754,computed,0.530820719897747,computed,0.036924078426633145,computed,,not_applicable,41.0,,,random_seed_41,
unintegrated_and_refmap_baselines,329,unintegrated_matched30d__simulation_1__hvg2000_pca40_matched30d__random_seed_42__s0,simulation_1,unintegrated_pca_matched_30d,unintegrated_baseline_30d,0,hvg2000_pca40_matched30d__random_seed_42,embed,e2a37e0ed63dc34b60aa535cc656400552af757a,0.2949580106978939,computed,0.6307621002197266,computed,0.6483322263514057,computed,0.6844835216177003,computed,0.6415635991970221,computed,1.0,computed,,not_applicable,0.27107355662575466,computed,,not_applicable,0.0,computed,0.6881028938906754,computed,0.530820719897747,computed,0.04446965055793828,computed,,not_applicable,42.0,,,random_seed_42,
unintegrated_and_refmap_baselines,330,unintegrated_matched30d__simulation_1__hvg2000_pca40_matched30d__random_seed_43__s0,simulation_1,unintegrated_pca_matched_30d,unintegrated_baseline_30d,0,hvg2000_pca40_matched30d__random_seed_43,embed,e2a37e0ed63dc34b60aa535cc656400552af757a,0.2949580106978939,computed,0.6303393691778183,computed,0.6463916027924685,computed,0.6844835216177003,computed,0.634850391652596,computed,1.0,computed,,not_applicable,0.3546374462678815,computed,,not_applicable,0.0,computed,0.6881028938906754,computed,0.530820719897747,computed,0.05942535740761368,computed,,not_applicable,43.0,,,random_seed_43,
unintegrated_and_refmap_baselines,331,unintegrated_matched30d__simulation_1__hvg2000_pca40_matched30d__random_seed_44__s0,simulation_1,unintegrated_pca_matched_30d,unintegrated_baseline_30d,0,hvg2000_pca40_matched30d__random_seed_44,embed,e2a37e0ed63dc34b60aa535cc656400552af757a,0.2949580106978939,computed,0.628942996263504,computed,0.6496800359297515,computed,0.6844835216177003,computed,0.6422794049732293,computed,1.0,computed,,not_applicable,0.2753815536547222,computed,,not_applicable,0.0,computed,0.6881028938906754,computed,0.530820719897747,computed,0.17959213651606565,computed,,not_applicable,44.0,,,random_seed_44,
unintegrated_and_refmap_baselines,332,unintegrated_matched30d__simulation_2__hvg2000_pca40_matched30d__heldout_Batch1Sub3__s0,simulation_2,unintegrated_pca_matched_30d,unintegrated_baseline_30d,0,hvg2000_pca40_matched30d__heldout_Batch1Sub3,embed,e2a37e0ed63dc34b60aa535cc656400552af757a,0.23425627540881525,computed,0.5888751670718193,computed,0.49580029514550505,computed,0.5972620824074321,computed,0.11657514962576644,computed,1.0,computed,,not_applicable,0.22330262830317327,computed,,not_applicable,0.0,computed,0.46249800095953947,computed,0.5326087325811386,computed,2.8012037134317325e-12,computed,,not_applicable,,,,heldout_Batch1Sub3,Batch1Sub3
unintegrated_and_refmap_baselines,333,unintegrated_matched30d__simulation_2__hvg2000_pca40_matched30d__heldout_Batch3Sub1__s0,simulation_2,unintegrated_pca_matched_30d,unintegrated_baseline_30d,0,hvg2000_pca40_matched30d__heldout_Batch3Sub1,embed,e2a37e0ed63dc34b60aa535cc656400552af757a,0.24771483873137864,computed,0.5830762535333633,computed,0.48559615069369155,computed,0.6037464712802293,computed,0.14837848402545475,computed,1.0,computed,,not_applicable,0.24837023803897523,computed,,not_applicable,0.0,computed,0.46249800095953947,computed,0.5326087363064289,computed,3.3306690738754696e-16,computed,,not_applicable,,,,heldout_Batch3Sub1,Batch3Sub1
unintegrated_and_refmap_baselines,334,unintegrated_matched30d__simulation_2__hvg2000_pca40_matched30d__heldout_Batch3Sub4__s0,simulation_2,unintegrated_pca_matched_30d,unintegrated_baseline_30d,0,hvg2000_pca40_matched30d__heldout_Batch3Sub4,embed,e2a37e0ed63dc34b60aa535cc656400552af757a,0.24769758828429428,computed,0.5915877670049667,computed,0.49299780881820837,computed,0.6037290178525272,computed,0.11157179731722731,computed,1.0,computed,,not_applicable,0.22330262830317327,computed,,not_applicable,0.0,computed,0.46249800095953947,computed,0.5326087363064289,computed,1.1757261830780408e-12,computed,,not_applicable,,,,heldout_Batch3Sub4,Batch3Sub4
unintegrated_and_refmap_baselines,335,unintegrated_matched30d__simulation_2__hvg2000_pca40_matched30d__random_seed_40__s0,simulation_2,unintegrated_pca_matched_30d,unintegrated_baseline_30d,0,hvg2000_pca40_matched30d__random_seed_40,embed,e2a37e0ed63dc34b60aa535cc656400552af757a,0.23347647402249538,computed,0.5865446776151657,computed,0.47560513601934595,computed,0.5969838691921351,computed,0.1026625346840928,computed,1.0,computed,,not_applicable,0.23193374708390813,computed,,not_applicable,0.0,computed,0.46249800095953947,computed,0.5326087363064289,computed,6.661338147750939e-16,computed,,not_applicable,40.0,,,random_seed_40,
unintegrated_and_refmap_baselines,336,unintegrated_matched30d__simulation_2__hvg2000_pca40_matched30d__random_seed_41__s0,simulation_2,unintegrated_pca_matched_30d,unintegrated_baseline_30d,0,hvg2000_pca40_matched30d__random_seed_41,embed,e2a37e0ed63dc34b60aa535cc656400552af757a,0.24768165426884395,computed,0.5858718305826187,computed,0.47933234078162623,computed,0.60372230201584,computed,0.09922790748021494,computed,1.0,computed,,not_applicable,0.24837023803897523,computed,,not_applicable,0.0,computed,0.46249800095953947,computed,0.5326087363064289,computed,0.0,computed,,not_applicable,41.0,,,random_seed_41,
unintegrated_and_refmap_baselines,337,unintegrated_matched30d__simulation_2__hvg2000_pca40_matched30d__random_seed_42__s0,simulation_2,unintegrated_pca_matched_30d,unintegrated_baseline_30d,0,hvg2000_pca40_matched30d__random_seed_42,embed,e2a37e0ed63dc34b60aa535cc656400552af757a,0.23308362575443378,computed,0.588141568005085,computed,0.47467400113963926,computed,0.5968529920424938,computed,0.1043168509965806,computed,1.0,computed,,not_applicable,0.22330262830317327,computed,,not_applicable,0.0,computed,0.46249800095953947,computed,0.5326087363064289,computed,0.0,computed,,not_applicable,42.0,,,random_seed_42,
unintegrated_and_refmap_baselines,338,unintegrated_matched30d__simulation_2__hvg2000_pca40_matched30d__random_seed_43__s0,simulation_2,unintegrated_pca_matched_30d,unintegrated_baseline_30d,0,hvg2000_pca40_matched30d__random_seed_43,embed,e2a37e0ed63dc34b60aa535cc656400552af757a,0.24768971534514914,computed,0.5875694677233696,computed,0.47663895121368355,computed,0.603725500032076,computed,0.10033184196771358,computed,1.0,computed,,not_applicable,0.22330262830317327,computed,,not_applicable,0.0,computed,0.46249800095953947,computed,0.5326087363064289,computed,0.0,computed,,not_applicable,43.0,,,random_seed_43,
unintegrated_and_refmap_baselines,339,unintegrated_matched30d__simulation_2__hvg2000_pca40_matched30d__random_seed_44__s0,simulation_2,unintegrated_pca_matched_30d,unintegrated_baseline_30d,0,hvg2000_pca40_matched30d__random_seed_44,embed,e2a37e0ed63dc34b60aa535cc656400552af757a,0.24769602982208475,computed,0.5854422524571419,computed,0.47479385345819264,computed,0.6037282110258148,computed,0.10408795390510402,computed,1.0,computed,,not_applicable,0.22330262830317327,computed,,not_applicable,0.0,computed,0.46249800095953947,computed,0.5326087363064289,computed,0.0,computed,,not_applicable,44.0,,,random_seed_44,
